Timestamp,num_ues,IMSI,RNTI,,slicing_enabled,slice_id,slice_prb,power_multiplier,scheduling_policy,,dl_mcs,dl_n_samples,dl_buffer [bytes],tx_brate downlink [Mbps],tx_pkts downlink,tx_errors downlink (%),dl_cqi,,ul_mcs,ul_n_samples,ul_buffer [bytes],rx_brate uplink [Mbps],rx_pkts uplink,rx_errors uplink (%),ul_rssi,ul_sinr,phr,,sum_requested_prbs,sum_granted_prbs,,dl_pmi,dl_ri,ul_n,ul_turbo_iters
1602617281649,10,1010123456006,73,,1,0,2,1,2,,5.44,25,0,0.0064257,10,0,0.1,,3.85714,21,0,0.1,8,0,0,8.90965,31,,4,20,,0,0,0,1.42857
1602617281899,10,1010123456006,73,,1,0,2,1,2,,6,85,12345,0.0233253,33,0,0.1,,0,4,0,0.1,2,0,0,0,31,,0,66,,0,0,0,0
1602617282149,10,1010123456006,73,,1,0,2,1,2,,0,0,42407,0,0,0,0.1,,0,0,0,0,0,0,0,0,0,,0,0,,0,0,0,0
1602617282399,10,1010123456006,73,,1,0,2,1,2,,0,0,72468,0,0,0,0.1,,0,0,0,0,0,0,0,0,0,,0,0,,0,0,0,0
1602617282649,10,1010123456006,73,,1,0,2,1,2,,0,0,102530,0,0,0,0.1,,0,0,0,0,0,0,0,0,0,,0,0,,0,0,0,0
1602617282899,10,1010123456006,73,,1,0,2,1,2,,0,0,132591,0,0,0,0.1,,0,0,0,0,0,0,0,0,0,,0,0,,0,0,0,0
1602617283149,10,1010123456006,73,,1,0,2,1,2,,0,0,162653,0,0,0,0.1,,0,0,0,0,0,0,0,0,0,,0,0,,0,0,0,0
1602617283399,10,1010123456006,73,,1,0,2,1,2,,0,0,184125,0,0,0,0.1,,0,0,0,0,0,0,0,0,0,,0,0,,0,0,0,0
1602617283649,10,1010123456006,73,,1,0,2,1,2,,0,0,184125,0,0,0,0.1,,0,0,0,0,0,0,0,0,0,,0,0,,0,0,0,0
1602617283899,10,1010123456006,73,,1,0,2,1,2,,0,0,184125,0,0,0,0.1,,0,0,0,0,0,0,0,0,0,,0,0,,0,0,0,0
1602617284149,10,1010123456006,73,,1,0,2,1,2,,0,0,184125,0,0,0,0.1,,0,0,0,0,0,0,0,0,0,,0,0,,0,0,0,0
1602617284399,10,1010123456006,73,,1,0,2,1,2,,0,0,184125,0,0,0,15,,0,0,0,0,0,0,0,0,0,,0,0,,0,0,0,0
1602617284649,10,1010123456006,73,,1,0,2,1,2,,0,0,184125,0,0,0,5,,0,0,0,0,0,0,0,0,0,,0,0,,0,0,0,0
1602617284899,10,1010123456006,73,,1,0,2,1,2,,0,0,184125,0,0,0,0.1,,0,0,0,0,0,0,0,0,0,,0,0,,0,0,0,0
1602617285149,10,1010123456006,73,,1,0,2,1,2,,0,0,184125,0,0,0,0.1,,0,0,0,0,0,0,0,0,0,,0,0,,0,0,0,0
1602617285399,10,1010123456006,73,,1,0,2,1,2,,0,0,184125,0,0,0,6,,0,0,0,0,0,0,0,0,0,,0,0,,0,0,0,0
1602617285649,10,1010123456006,73,,1,0,2,1,2,,0,0,184125,0,0,0,0.1,,0,0,0,0,0,0,0,0,0,,0,0,,0,0,0,0
1602617285899,10,1010123456006,73,,1,0,2,1,2,,0,0,184125,0,0,0,0.1,,0,0,0,0,0,0,0,0,0,,0,0,,0,0,0,0
1602617286149,10,1010123456006,73,,1,0,2,1,2,,0,0,184125,0,0,0,14,,0,0,0,0,0,0,0,0,0,,0,0,,0,0,0,0
1602617286399,10,1010123456006,73,,1,0,2,1,2,,0,0,184125,0,0,0,0.1,,0,0,0,0,0,0,0,0,0,,0,0,,0,0,0,0
1602617286649,10,1010123456006,73,,1,0,2,1,2,,0,0,184125,0,0,0,0.1,,0,0,0,0,0,0,0,0,0,,0,0,,0,0,0,0
1602617286899,10,1010123456006,73,,1,0,2,1,2,,0,0,184125,0,0,0,0.1,,0,0,0,0,0,0,0,0,0,,0,0,,0,0,0,0
1602617287149,10,1010123456006,73,,1,0,2,1,2,,0,0,184125,0,0,0,0.1,,0,0,0,0,0,0,0,0,0,,0,0,,0,0,0,0
1602617287399,10,1010123456006,73,,1,0,2,1,2,,0,0,184125,0,0,0,0.1,,0,0,0,0,0,0,0,0,0,,0,0,,0,0,0,0
1602617287649,10,1010123456006,73,,1,0,2,1,2,,0,0,184125,0,0,0,8,,0,0,0,0,0,0,0,0,0,,0,0,,0,0,0,0
1602617287899,10,1010123456006,73,,1,0,2,1,2,,0,0,184125,0,0,0,8.5,,0,0,0,0,0,0,0,0,0,,0,0,,0,0,0,0
1602617288149,10,1010123456006,73,,1,0,2,1,2,,0,0,184125,0,0,0,8.5,,0,0,0,0,0,0,0,0,0,,0,0,,0,0,0,0
1602617288399,10,1010123456006,73,,1,0,2,1,2,,0,0,184125,0,0,0,13,,0,0,0,0,0,0,0,0,0,,0,0,,0,0,0,0
1602617288649,10,1010123456006,73,,1,0,2,1,2,,0,0,184125,0,0,0,0.1,,0,0,0,0,0,0,0,0,0,,0,0,,0,0,0,0
1602617288899,10,1010123456006,73,,1,0,2,1,2,,0,0,184125,0,0,0,9,,0,0,0,0,0,0,0,0,0,,0,0,,0,0,0,0
1602617289149,10,1010123456006,73,,1,0,2,1,2,,0,0,184125,0,0,0,8.5,,0,0,0,0,0,0,0,0,0,,0,0,,0,0,0,0
1602617289399,10,1010123456006,73,,1,0,2,1,2,,0,0,184125,0,0,0,0.1,,0,0,0,0,0,0,0,0,0,,0,0,,0,0,0,0
1602617289649,10,1010123456006,73,,1,0,2,1,2,,0,0,184125,0,0,0,0.1,,0,0,0,0,0,0,0,0,0,,0,0,,0,0,0,0
1602617289899,10,1010123456006,73,,1,0,2,1,2,,0,0,184125,0,0,0,7,,0,0,0,0,0,0,0,0,0,,0,0,,0,0,0,0
1602617290149,10,1010123456006,73,,1,0,2,1,2,,0,0,184125,0,0,0,0.1,,0,0,0,0,0,0,0,0,0,,0,0,,0,0,0,0
1602617290399,10,1010123456006,73,,1,0,2,1,2,,0,0,184125,0,0,0,0.1,,0,0,0,0,0,0,0,0,0,,0,0,,0,0,0,0
1602617290649,10,1010123456006,73,,1,0,2,1,2,,0,0,184125,0,0,0,0.1,,0,0,0,0,0,0,0,0,0,,0,0,,0,0,0,0
1602617290899,10,1010123456006,73,,1,0,2,1,2,,0,0,184125,0,0,0,11,,0,0,0,0,0,0,0,0,0,,0,0,,0,0,0,0
1602617291149,10,1010123456006,73,,1,0,2,1,2,,0,0,184125,0,0,0,9,,0,0,0,0,0,0,0,0,0,,0,0,,0,0,0,0
1602617291399,10,1010123456006,73,,1,0,2,1,2,,0,0,184125,0,0,0,0.1,,0,0,0,0,0,0,0,0,0,,0,0,,0,0,0,0
1602617291649,10,1010123456006,73,,1,0,2,1,2,,0,0,184125,0,0,0,0.1,,0,0,0,0,0,0,0,0,0,,0,0,,0,0,0,0
1602617291899,10,1010123456006,73,,1,0,2,1,2,,0,0,184125,0,0,0,13.5,,0,0,0,0,0,0,0,0,0,,0,0,,0,0,0,0
1602617292149,10,1010123456006,73,,1,0,2,1,2,,0,0,184125,0,0,0,9.5,,0,0,0,0,0,0,0,0,0,,0,0,,0,0,0,0
1602617292399,10,1010123456006,73,,1,0,2,1,2,,0,0,184125,0,0,0,6,,0,0,0,0,0,0,0,0,0,,0,0,,0,0,0,0
1602617292649,10,1010123456006,73,,1,0,2,1,2,,0,0,184125,0,0,0,0.1,,0,0,0,0,0,0,0,0,0,,0,0,,0,0,0,0
1602617292899,10,1010123456006,73,,1,0,2,1,2,,0,0,184125,0,0,0,9,,0,0,0,0,0,0,0,0,0,,0,0,,0,0,0,0
1602617293149,10,1010123456006,73,,1,0,2,1,2,,0,0,184125,0,0,0,9,,0,0,0,0,0,0,0,0,0,,0,0,,0,0,0,0
1602617293399,10,1010123456006,73,,1,0,2,1,2,,0,0,184125,0,0,0,0.1,,0,0,0,0,0,0,0,0,0,,0,0,,0,0,0,0
1602617293649,10,1010123456006,73,,1,0,2,1,2,,0,0,184125,0,0,0,9.5,,0,0,0,0,0,0,0,0,0,,0,0,,0,0,0,0
1602617293899,10,1010123456006,73,,1,0,2,1,2,,0,0,184125,0,0,0,7.33333,,0,0,0,0,0,0,0,0,0,,0,0,,0,0,0,0
1602617294149,10,1010123456006,73,,1,0,2,1,2,,0,0,184125,0,0,0,0.1,,0,0,0,0,0,0,0,0,0,,0,0,,0,0,0,0
1602617294399,10,1010123456006,73,,1,0,2,1,2,,0,0,184125,0,0,0,8,,0,0,0,0,0,0,0,0,0,,0,0,,0,0,0,0
1602617294649,10,1010123456006,73,,1,0,2,1,2,,0,0,184125,0,0,0,3,,0,0,0,0,0,0,0,0,0,,0,0,,0,0,0,0
1602617294899,10,1010123456006,73,,1,0,2,1,2,,0,0,184125,0,0,0,0.1,,0,0,0,0,0,0,0,0,0,,0,0,,0,0,0,0
1602617295149,10,1010123456006,73,,1,0,2,1,2,,0,0,184125,0,0,0,10,,0,0,0,0,0,0,0,0,0,,0,0,,0,0,0,0
1602617295399,10,1010123456006,73,,1,0,2,1,2,,0,0,184125,0,0,0,2,,0,0,0,0,0,0,0,0,0,,0,0,,0,0,0,0
1602617295649,10,1010123456006,73,,1,0,2,1,2,,0,0,184125,0,0,0,4.66667,,0,0,0,0,0,0,0,0,0,,0,0,,0,0,0,0
1602617295899,10,1010123456006,73,,1,0,2,1,2,,0,0,184125,0,0,0,9,,0,0,0,0,0,0,0,0,0,,0,0,,0,0,0,0
1602617296149,10,1010123456006,73,,1,0,2,1,2,,0,0,184125,0,0,0,2.5,,0,0,0,0,0,0,0,0,0,,0,0,,0,0,0,0
1602617296399,10,1010123456006,73,,1,0,2,1,2,,0,0,184125,0,0,0,14,,0,0,0,0,0,0,0,0,0,,0,0,,0,0,0,0
1602617296649,10,1010123456006,73,,1,0,2,1,2,,0,0,184125,0,0,0,1,,0,0,0,0,0,0,0,0,0,,0,0,,0,0,0,0
1602617296899,10,1010123456006,73,,1,0,2,1,2,,0,0,184125,0,0,0,1,,0,0,0,0,0,0,0,0,0,,0,0,,0,0,0,0
1602617297149,10,1010123456006,73,,1,0,2,1,2,,0,0,184125,0,0,0,13,,0,0,0,0,0,0,0,0,0,,0,0,,0,0,0,0
1602617297399,10,1010123456006,73,,1,0,2,1,2,,0,0,184125,0,0,0,8,,0,0,0,0,0,0,0,0,0,,0,0,,0,0,0,0
1602617297649,10,1010123456006,73,,1,0,2,1,2,,0,0,184125,0,0,0,0.1,,0,0,0,0,0,0,0,0,0,,0,0,,0,0,0,0
1602617297899,10,1010123456006,73,,1,0,2,1,2,,0,0,184125,0,0,0,0.1,,0,0,0,0,0,0,0,0,0,,0,0,,0,0,0,0
1602617298149,10,1010123456006,73,,1,0,2,1,2,,0,0,184125,0,0,0,4,,0,0,0,0,0,0,0,0,0,,0,0,,0,0,0,0
1602617298399,10,1010123456006,73,,1,0,2,1,2,,0,0,184125,0,0,0,4,,0,0,0,0,0,0,0,0,0,,0,0,,0,0,0,0
1602617298649,10,1010123456006,73,,1,0,2,1,2,,0,0,184125,0,0,0,0.1,,0,0,0,0,0,0,0,0,0,,0,0,,0,0,0,0
1602617298899,10,1010123456006,73,,1,0,2,1,2,,0,0,184125,0,0,0,0.1,,0,0,0,0,0,0,0,0,0,,0,0,,0,0,0,0
1602617299149,10,1010123456006,73,,1,0,2,1,2,,0,0,184125,0,0,0,0.1,,0,0,0,0,0,0,0,0,0,,0,0,,0,0,0,0
1602617299399,10,1010123456006,73,,1,0,2,1,2,,0,0,184125,0,0,0,0.1,,0,0,0,0,0,0,0,0,0,,0,0,,0,0,0,0
1602617299649,10,1010123456006,73,,1,0,2,1,2,,0,0,184125,0,0,0,1,,0,0,0,0,0,0,0,0,0,,0,0,,0,0,0,0
1602617299899,10,1010123456006,73,,1,0,2,1,2,,0,0,184125,0,0,0,0.1,,0,0,0,0,0,0,0,0,0,,0,0,,0,0,0,0
1602617300149,10,1010123456006,73,,1,0,2,1,2,,0,0,184125,0,0,0,0.1,,0,0,0,0,0,0,0,0,0,,0,0,,0,0,0,0
1602617300399,10,1010123456006,73,,1,0,2,1,2,,0,0,184125,0,0,0,0.1,,0,0,0,0,0,0,0,0,0,,0,0,,0,0,0,0
1602617300649,10,1010123456006,73,,1,0,2,1,2,,0,0,184125,0,0,0,0.1,,0,0,0,0,0,0,0,0,0,,0,0,,0,0,0,0
1602617300899,10,1010123456006,73,,1,0,2,1,2,,0,0,184125,0,0,0,0.1,,0,0,0,0,0,0,0,0,0,,0,0,,0,0,0,0
1602617301149,10,1010123456006,73,,1,0,2,1,2,,0,0,184125,0,0,0,11,,0,0,0,0,0,0,0,0,0,,0,0,,0,0,0,0
1602617301399,10,1010123456006,73,,1,0,2,1,2,,0,0,184125,0,0,0,0.1,,0,0,0,0,0,0,0,0,0,,0,0,,0,0,0,0
1602617301649,10,1010123456006,73,,1,0,2,1,2,,0,0,184125,0,0,0,0.1,,0,0,0,0,0,0,0,0,0,,0,0,,0,0,0,0
1602617301899,10,1010123456006,73,,1,0,2,1,2,,0,0,184125,0,0,0,0.1,,0,0,0,0,0,0,0,0,0,,0,0,,0,0,0,0
1602617302149,10,1010123456006,73,,1,0,2,1,2,,0,0,184125,0,0,0,8,,0,0,0,0,0,0,0,0,0,,0,0,,0,0,0,0
1602617302399,10,1010123456006,73,,1,0,2,1,2,,0,0,184125,0,0,0,11,,0,0,0,0,0,0,0,0,0,,0,0,,0,0,0,0
1602617302649,10,1010123456006,73,,1,0,2,1,2,,0,0,184125,0,0,0,5,,0,0,0,0,0,0,0,0,0,,0,0,,0,0,0,0
1602617302899,10,1010123456006,73,,1,0,2,1,2,,0,0,184125,0,0,0,0.1,,0,0,0,0,0,0,0,0,0,,0,0,,0,0,0,0
1602617303149,10,1010123456006,73,,1,0,2,1,2,,0,0,184125,0,0,0,0.1,,0,0,0,0,0,0,0,0,0,,0,0,,0,0,0,0
1602617303399,10,1010123456006,73,,1,0,2,1,2,,0,0,184125,0,0,0,0.1,,0,0,0,0,0,0,0,0,0,,0,0,,0,0,0,0
1602617303649,10,1010123456006,73,,1,0,2,1,2,,0,0,184125,0,0,0,8,,0,0,0,0,0,0,0,0,0,,0,0,,0,0,0,0
1602617303899,10,1010123456006,73,,1,0,2,1,2,,0,0,184125,0,0,0,0.1,,0,0,0,0,0,0,0,0,0,,0,0,,0,0,0,0
1602617304149,10,1010123456006,73,,1,0,2,1,2,,0,0,184125,0,0,0,0.1,,0,0,0,0,0,0,0,0,0,,0,0,,0,0,0,0
1602617304399,10,1010123456006,73,,1,0,2,1,2,,0,0,184125,0,0,0,0.1,,0,0,0,0,0,0,0,0,0,,0,0,,0,0,0,0
1602617304649,10,1010123456006,73,,1,0,2,1,2,,0,0,184125,0,0,0,0.1,,0,0,0,0,0,0,0,0,0,,0,0,,0,0,0,0
1602617304899,10,1010123456006,73,,1,0,2,1,2,,0,0,184125,0,0,0,0.1,,0,0,0,0,0,0,0,0,0,,0,0,,0,0,0,0
1602617305149,10,1010123456006,73,,1,0,2,1,2,,0,0,184125,0,0,0,0.1,,0,0,0,0,0,0,0,0,0,,0,0,,0,0,0,0
1602617305399,10,1010123456006,73,,1,0,2,1,2,,0,0,184125,0,0,0,13,,0,0,0,0,0,0,0,0,0,,0,0,,0,0,0,0
1602617305649,10,1010123456006,73,,1,0,2,1,2,,0,0,184125,0,0,0,6,,0,0,0,0,0,0,0,0,0,,0,0,,0,0,0,0
1602617305899,10,1010123456006,73,,1,0,2,1,2,,0,0,184125,0,0,0,0.1,,0,0,0,0,0,0,0,0,0,,0,0,,0,0,0,0
1602617306149,10,1010123456006,73,,1,0,2,1,2,,0,0,184125,0,0,0,0.1,,0,0,0,0,0,0,0,0,0,,0,0,,0,0,0,0
1602617306399,10,1010123456006,73,,1,0,2,1,2,,0,0,184125,0,0,0,3,,0,0,0,0,0,0,0,0,0,,0,0,,0,0,0,0
1602617306649,10,1010123456006,73,,1,0,2,1,2,,0,0,184125,0,0,0,0.1,,0,0,0,0,0,0,0,0,0,,0,0,,0,0,0,0
1602617306899,10,1010123456006,73,,1,0,2,1,2,,0,0,184125,0,0,0,0.1,,0,0,0,0,0,0,0,0,0,,0,0,,0,0,0,0
1602617307149,10,1010123456006,73,,1,0,2,1,2,,0,0,184125,0,0,0,5,,0,0,0,0,0,0,0,0,0,,0,0,,0,0,0,0
1602617307399,10,1010123456006,73,,1,0,2,1,2,,0,0,184125,0,0,0,0.1,,0,0,0,0,0,0,0,0,0,,0,0,,0,0,0,0
1602617307649,10,1010123456006,73,,1,0,2,1,2,,0,0,184125,0,0,0,0.1,,0,0,0,0,0,0,0,0,0,,0,0,,0,0,0,0
1602617307899,10,1010123456006,73,,1,0,2,1,2,,0,0,184125,0,0,0,0.1,,0,0,0,0,0,0,0,0,0,,0,0,,0,0,0,0
1602617308149,10,1010123456006,73,,1,0,2,1,2,,0,0,184125,0,0,0,0.1,,0,0,0,0,0,0,0,0,0,,0,0,,0,0,0,0
1602617308399,10,1010123456006,73,,1,0,2,1,2,,0,0,184125,0,0,0,0.1,,0,0,0,0,0,0,0,0,0,,0,0,,0,0,0,0
1602617308649,10,1010123456006,73,,1,0,2,1,2,,0,0,184125,0,0,0,0.1,,0,0,0,0,0,0,0,0,0,,0,0,,0,0,0,0
1602617308899,10,1010123456006,73,,1,0,2,1,2,,0,0,184125,0,0,0,0.1,,0,0,0,0,0,0,0,0,0,,0,0,,0,0,0,0
1602617309149,10,1010123456006,73,,1,0,2,1,2,,0,0,184125,0,0,0,0.1,,0,0,0,0,0,0,0,0,0,,0,0,,0,0,0,0
1602617309399,10,1010123456006,73,,1,0,2,1,2,,0,0,184125,0,0,0,0.1,,0,0,0,0,0,0,0,0,0,,0,0,,0,0,0,0
1602617309649,10,1010123456006,73,,1,0,2,1,2,,0,0,184125,0,0,0,0.1,,0,0,0,0,0,0,0,0,0,,0,0,,0,0,0,0
1602617309899,10,1010123456006,73,,1,0,2,1,2,,0,0,184125,0,0,0,0.1,,0,0,0,0,0,0,0,0,0,,0,0,,0,0,0,0
1602617310149,10,1010123456006,73,,1,0,2,1,2,,0,0,184125,0,0,0,15,,0,0,0,0,0,0,0,0,0,,0,0,,0,0,0,0
1602617310399,10,1010123456006,73,,1,0,2,1,2,,0,0,184125,0,0,0,0.1,,0,0,0,0,0,0,0,0,0,,0,0,,0,0,0,0
1602617310649,10,1010123456006,73,,1,0,2,1,2,,0,0,184125,0,0,0,0.1,,0,0,0,0,0,0,0,0,0,,0,0,,0,0,0,0
1602617310899,10,1010123456006,73,,1,0,2,1,2,,0,0,184125,0,0,0,2,,0,0,0,0,0,0,0,0,0,,0,0,,0,0,0,0
1602617311149,10,1010123456006,73,,1,0,2,1,2,,0,0,184125,0,0,0,14,,0,0,0,0,0,0,0,0,0,,0,0,,0,0,0,0
1602617311399,10,1010123456006,73,,1,0,2,1,2,,0,0,184125,0,0,0,4.5,,0,0,0,0,0,0,0,0,0,,0,0,,0,0,0,0
1602617311649,10,1010123456006,73,,1,0,2,1,2,,0,0,184125,0,0,0,4.33333,,0,0,0,0,0,0,0,0,0,,0,0,,0,0,0,0
1602617311899,10,1010123456006,73,,1,0,2,1,2,,0,0,184125,0,0,0,12.6667,,0,0,0,0,0,0,0,0,0,,0,0,,0,0,0,0
1602617312149,10,1010123456006,73,,1,0,2,1,2,,0,0,184125,0,0,0,10.5,,0,0,0,0,0,0,0,0,0,,0,0,,0,0,0,0
1602617312399,10,1010123456006,73,,1,0,2,1,2,,0,0,184125,0,0,0,1,,0,0,0,0,0,0,0,0,0,,0,0,,0,0,0,0
1602617312649,10,1010123456006,73,,1,0,2,1,2,,0,0,184125,0,0,0,1,,0,0,0,0,0,0,0,0,0,,0,0,,0,0,0,0
1602617312899,10,1010123456006,73,,1,0,2,1,2,,0,0,184125,0,0,0,14,,0,0,0,0,0,0,0,0,0,,0,0,,0,0,0,0
1602617313149,10,1010123456006,73,,1,0,2,1,2,,0,0,184125,0,0,0,13,,0,0,0,0,0,0,0,0,0,,0,0,,0,0,0,0
1602617313399,10,1010123456006,73,,1,0,2,1,2,,0,0,184125,0,0,0,0.1,,0,0,0,0,0,0,0,0,0,,0,0,,0,0,0,0
1602617313649,10,1010123456006,73,,1,0,2,1,2,,0,0,184125,0,0,0,0.1,,0,0,0,0,0,0,0,0,0,,0,0,,0,0,0,0
1602617313899,10,1010123456006,73,,1,0,2,1,2,,0,0,184125,0,0,0,0.1,,0,0,0,0,0,0,0,0,0,,0,0,,0,0,0,0
1602617314149,10,1010123456006,73,,1,0,2,1,2,,0,0,184125,0,0,0,2,,0,0,0,0,0,0,0,0,0,,0,0,,0,0,0,0
1602617314399,10,1010123456006,73,,1,0,2,1,2,,0,0,184125,0,0,0,0.1,,0,0,0,0,0,0,0,0,0,,0,0,,0,0,0,0
1602617314649,10,1010123456006,73,,1,0,2,1,2,,0,0,184125,0,0,0,0.1,,0,0,0,0,0,0,0,0,0,,0,0,,0,0,0,0
1602617314899,10,1010123456006,73,,1,0,2,1,2,,0,0,184125,0,0,0,3.5,,0,0,0,0,0,0,0,0,0,,0,0,,0,0,0,0
1602617315149,10,1010123456006,73,,1,0,2,1,2,,0,0,184125,0,0,0,9.5,,0,0,0,0,0,0,0,0,0,,0,0,,0,0,0,0
1602617315399,10,1010123456006,73,,1,0,2,1,2,,0,0,184125,0,0,0,10,,0,0,0,0,0,0,0,0,0,,0,0,,0,0,0,0
1602617315649,10,1010123456006,73,,1,0,2,1,2,,0,0,184125,0,0,0,3.66667,,0,0,0,0,0,0,0,0,0,,0,0,,0,0,0,0
1602617315899,10,1010123456006,73,,1,0,2,1,2,,0,0,184125,0,0,0,3,,0,0,0,0,0,0,0,0,0,,0,0,,0,0,0,0
1602617316149,10,1010123456006,73,,1,0,2,1,2,,0,0,184125,0,0,0,5,,0,0,0,0,0,0,0,0,0,,0,0,,0,0,0,0
1602617316399,10,1010123456006,73,,1,0,2,1,2,,0,0,184125,0,0,0,6,,0,0,0,0,0,0,0,0,0,,0,0,,0,0,0,0
1602617316649,10,1010123456006,73,,1,0,2,1,2,,0,0,184125,0,0,0,0.1,,0,0,0,0,0,0,0,0,0,,0,0,,0,0,0,0
1602617316899,10,1010123456006,73,,1,0,2,1,2,,0,0,184125,0,0,0,4,,0,0,0,0,0,0,0,0,0,,0,0,,0,0,0,0
1602617317149,10,1010123456006,73,,1,0,2,1,2,,0,0,184125,0,0,0,1,,0,0,0,0,0,0,0,0,0,,0,0,,0,0,0,0
1602617317399,10,1010123456006,73,,1,0,2,1,2,,0,0,184125,0,0,0,0.1,,0,0,0,0,0,0,0,0,0,,0,0,,0,0,0,0
1602617317649,10,1010123456006,73,,1,0,2,1,2,,0,0,184125,0,0,0,2,,0,0,0,0,0,0,0,0,0,,0,0,,0,0,0,0
1602617317899,10,1010123456006,73,,1,0,2,1,2,,0,0,184125,0,0,0,2,,0,0,0,0,0,0,0,0,0,,0,0,,0,0,0,0
1602617318149,10,1010123456006,73,,1,0,2,1,2,,0,0,184125,0,0,0,0.1,,0,0,0,0,0,0,0,0,0,,0,0,,0,0,0,0
1602617318399,10,1010123456006,73,,1,0,2,1,2,,0,0,184125,0,0,0,1,,0,0,0,0,0,0,0,0,0,,0,0,,0,0,0,0
1602617318649,10,1010123456006,73,,1,0,2,1,2,,0,0,184125,0,0,0,12,,0,0,0,0,0,0,0,0,0,,0,0,,0,0,0,0
1602617318899,10,1010123456006,73,,1,0,2,1,2,,0,0,184125,0,0,0,0.1,,0,0,0,0,0,0,0,0,0,,0,0,,0,0,0,0
1602617319149,10,1010123456006,73,,1,0,2,1,2,,0,0,184125,0,0,0,1,,0,0,0,0,0,0,0,0,0,,0,0,,0,0,0,0
1602617319399,10,1010123456006,73,,1,0,2,1,2,,0,0,184125,0,0,0,3,,0,0,0,0,0,0,0,0,0,,0,0,,0,0,0,0
1602617319649,10,1010123456006,73,,1,0,2,1,2,,0,0,184125,0,0,0,6,,0,0,0,0,0,0,0,0,0,,0,0,,0,0,0,0
1602617319899,10,1010123456006,73,,1,0,2,1,2,,0,0,184125,0,0,0,10,,0,0,0,0,0,0,0,0,0,,0,0,,0,0,0,0
1602617320149,10,1010123456006,73,,1,0,2,1,2,,0,0,184125,0,0,0,9.5,,0,0,0,0,0,0,0,0,0,,0,0,,0,0,0,0
1602617320399,10,1010123456006,73,,1,0,2,1,2,,0,0,184125,0,0,0,14,,0,0,0,0,0,0,0,0,0,,0,0,,0,0,0,0
1602617320649,10,1010123456006,73,,1,0,2,1,2,,0,0,184125,0,0,0,11,,0,0,0,0,0,0,0,0,0,,0,0,,0,0,0,0
1602617320899,10,1010123456006,73,,1,0,2,1,2,,0,0,184125,0,0,0,12,,0,0,0,0,0,0,0,0,0,,0,0,,0,0,0,0
1602617321149,10,1010123456006,73,,1,0,2,1,2,,0,0,184125,0,0,0,2,,0,0,0,0,0,0,0,0,0,,0,0,,0,0,0,0
1602617321399,10,1010123456006,73,,1,0,2,1,2,,0,0,184125,0,0,0,11,,0,0,0,0,0,0,0,0,0,,0,0,,0,0,0,0
1602617321649,10,1010123456006,73,,1,0,2,1,2,,0,0,184125,0,0,0,7.33333,,0,0,0,0,0,0,0,0,0,,0,0,,0,0,0,0
1602617321899,10,1010123456006,73,,1,0,2,1,2,,0,0,184125,0,0,0,0.1,,0,0,0,0,0,0,0,0,0,,0,0,,0,0,0,0
1602617322149,10,1010123456006,73,,1,0,2,1,2,,0,0,184125,0,0,0,11,,0,0,0,0,0,0,0,0,0,,0,0,,0,0,0,0
1602617322399,10,1010123456006,73,,1,0,2,1,2,,0,0,184125,0,0,0,7.66667,,0,0,0,0,0,0,0,0,0,,0,0,,0,0,0,0
1602617322649,10,1010123456006,73,,1,0,2,1,2,,0,0,184125,0,0,0,5.66667,,0,0,0,0,0,0,0,0,0,,0,0,,0,0,0,0
1602617322899,10,1010123456006,73,,1,0,2,1,2,,0,0,184125,0,0,0,0.1,,0,0,0,0,0,0,0,0,0,,0,0,,0,0,0,0
1602617323149,10,1010123456006,73,,1,0,2,1,2,,0,0,184125,0,0,0,11,,0,0,0,0,0,0,0,0,0,,0,0,,0,0,0,0
1602617323399,10,1010123456006,73,,1,0,2,1,2,,0,0,184125,0,0,0,7.75,,0,0,0,0,0,0,0,0,0,,0,0,,0,0,0,0
1602617323649,10,1010123456006,73,,1,0,2,1,2,,0,0,184125,0,0,0,12,,0,0,0,0,0,0,0,0,0,,0,0,,0,0,0,0
1602617323899,10,1010123456006,73,,1,0,2,1,2,,0,0,184125,0,0,0,13,,0,0,0,0,0,0,0,0,0,,0,0,,0,0,0,0
1602617324149,10,1010123456006,73,,1,0,2,1,2,,0,0,184125,0,0,0,3.2,,0,0,0,0,0,0,0,0,0,,0,0,,0,0,0,0
1602617324399,10,1010123456006,73,,1,0,2,1,2,,0,0,184125,0,0,0,11.5,,0,0,0,0,0,0,0,0,0,,0,0,,0,0,0,0
1602617324649,10,1010123456006,73,,1,0,2,1,2,,0,0,184125,0,0,0,8.5,,0,0,0,0,0,0,0,0,0,,0,0,,0,0,0,0
1602617324899,10,1010123456006,73,,1,0,2,1,2,,0,0,184125,0,0,0,6,,0,0,0,0,0,0,0,0,0,,0,0,,0,0,0,0
1602617325149,10,1010123456006,73,,1,0,2,1,2,,0,0,184125,0,0,0,9.25,,0,0,0,0,0,0,0,0,0,,0,0,,0,0,0,0
1602617325399,10,1010123456006,73,,1,0,2,1,2,,0,0,184125,0,0,0,4,,0,0,0,0,0,0,0,0,0,,0,0,,0,0,0,0
1602617325649,10,1010123456006,73,,1,0,2,1,2,,0,0,184125,0,0,0,11.6667,,0,0,0,0,0,0,0,0,0,,0,0,,0,0,0,0
1602617325899,10,1010123456006,73,,1,0,2,1,2,,0,0,184125,0,0,0,7.66667,,0,0,0,0,0,0,0,0,0,,0,0,,0,0,0,0
1602617326149,10,1010123456006,73,,1,0,2,1,2,,0,0,184125,0,0,0,1,,0,0,0,0,0,0,0,0,0,,0,0,,0,0,0,0
1602617326399,10,1010123456006,73,,1,0,2,1,2,,0,0,184125,0,0,0,11,,0,0,0,0,0,0,0,0,0,,0,0,,0,0,0,0
1602617326649,10,1010123456006,73,,1,0,2,1,2,,0,0,184125,0,0,0,4,,0,0,0,0,0,0,0,0,0,,0,0,,0,0,0,0
1602617326899,10,1010123456006,73,,1,0,2,1,2,,0,0,184125,0,0,0,8.75,,0,0,0,0,0,0,0,0,0,,0,0,,0,0,0,0
1602617327149,10,1010123456006,73,,1,0,2,1,2,,0,0,184125,0,0,0,10,,0,0,0,0,0,0,0,0,0,,0,0,,0,0,0,0
1602617327399,10,1010123456006,73,,1,0,2,1,2,,0,0,184125,0,0,0,7.5,,0,0,0,0,0,0,0,0,0,,0,0,,0,0,0,0
1602617327649,10,1010123456006,73,,1,0,2,1,2,,0,0,184125,0,0,0,6,,0,0,0,0,0,0,0,0,0,,0,0,,0,0,0,0
1602617327899,10,1010123456006,73,,1,0,2,1,2,,0,0,184125,0,0,0,9.75,,0,0,0,0,0,0,0,0,0,,0,0,,0,0,0,0
1602617328149,10,1010123456006,73,,1,0,2,1,2,,0,0,184125,0,0,0,9.75,,0,0,0,0,0,0,0,0,0,,0,0,,0,0,0,0
1602617328399,10,1010123456006,73,,1,0,2,1,2,,0,0,184125,0,0,0,11,,0,0,0,0,0,0,0,0,0,,0,0,,0,0,0,0
1602617328649,10,1010123456006,73,,1,0,2,1,2,,0,0,184125,0,0,0,11,,0,0,0,0,0,0,0,0,0,,0,0,,0,0,0,0
1602617328899,10,1010123456006,73,,1,0,2,1,2,,0,0,184125,0,0,0,6.66667,,0,0,0,0,0,0,0,0,0,,0,0,,0,0,0,0
1602617329149,10,1010123456006,73,,1,0,2,1,2,,0,0,184125,0,0,0,9.42857,,0,0,0,0,0,0,0,0,0,,0,0,,0,0,0,0
1602617329399,10,1010123456006,73,,1,0,2,1,2,,0,0,184125,0,0,0,9.2,,0,0,0,0,0,0,0,0,0,,0,0,,0,0,0,0
1602617329649,10,1010123456006,73,,1,0,2,1,2,,0,0,184125,0,0,0,8.83333,,0,0,0,0,0,0,0,0,0,,0,0,,0,0,0,0
1602617329899,10,1010123456006,73,,1,0,2,1,2,,0,0,184125,0,0,0,7,,0,0,0,0,0,0,0,0,0,,0,0,,0,0,0,0
1602617330149,10,1010123456006,73,,1,0,2,1,2,,0,0,184125,0,0,0,9.8,,0,0,0,0,0,0,0,0,0,,0,0,,0,0,0,0
1602617330399,10,1010123456006,73,,1,0,2,1,2,,0,0,184125,0,0,0,4.8,,0,0,0,0,0,0,0,0,0,,0,0,,0,0,0,0
1602617330649,10,1010123456006,73,,1,0,2,1,2,,0,0,184125,0,0,0,11.1667,,0,0,0,0,0,0,0,0,0,,0,0,,0,0,0,0
1602617330899,10,1010123456006,73,,1,0,2,1,2,,0,0,184125,0,0,0,8,,0,0,0,0,0,0,0,0,0,,0,0,,0,0,0,0
1602617331149,10,1010123456006,73,,1,0,2,1,2,,0,0,184125,0,0,0,9.33333,,0,0,0,0,0,0,0,0,0,,0,0,,0,0,0,0
1602617331399,10,1010123456006,73,,1,0,2,1,2,,0,0,184125,0,0,0,10,,0,0,0,0,0,0,0,0,0,,0,0,,0,0,0,0
1602617331649,10,1010123456006,73,,1,0,2,1,2,,0,0,184125,0,0,0,10.5,,0,0,0,0,0,0,0,0,0,,0,0,,0,0,0,0
1602617331899,10,1010123456006,73,,1,0,2,1,2,,0,0,184125,0,0,0,11.3333,,0,0,0,0,0,0,0,0,0,,0,0,,0,0,0,0
1602617332149,10,1010123456006,73,,1,0,2,1,2,,0,0,184125,0,0,0,12.2857,,0,0,0,0,0,0,0,0,0,,0,0,,0,0,0,0
1602617332399,10,1010123456006,73,,1,0,2,1,2,,0,0,184125,0,0,0,9,,0,0,0,0,0,0,0,0,0,,0,0,,0,0,0,0
1602617332649,10,1010123456006,73,,1,0,2,1,2,,0,0,184125,0,0,0,9.66667,,0,0,0,0,0,0,0,0,0,,0,0,,0,0,0,0
1602617332899,10,1010123456006,73,,1,0,2,1,2,,0,0,184125,0,0,0,11,,0,0,0,0,0,0,0,0,0,,0,0,,0,0,0,0
1602617333149,10,1010123456006,73,,1,0,2,1,2,,0,0,184125,0,0,0,9.85714,,0,0,0,0,0,0,0,0,0,,0,0,,0,0,0,0
1602617333399,10,1010123456006,73,,1,0,2,1,2,,0,0,184125,0,0,0,7,,0,0,0,0,0,0,0,0,0,,0,0,,0,0,0,0
1602617333649,10,1010123456006,73,,1,0,2,1,2,,0,0,184125,0,0,0,11.3333,,0,0,0,0,0,0,0,0,0,,0,0,,0,0,0,0
1602617333899,10,1010123456006,73,,1,0,2,1,2,,0,0,184125,0,0,0,9.83333,,0,0,0,0,0,0,0,0,0,,0,0,,0,0,0,0
1602617334149,10,1010123456006,73,,1,0,2,1,2,,0,0,184125,0,0,0,8.85714,,0,0,0,0,0,0,0,0,0,,0,0,,0,0,0,0
1602617334399,10,1010123456006,73,,1,0,2,1,2,,0,0,184125,0,0,0,6.6,,0,0,0,0,0,0,0,0,0,,0,0,,0,0,0,0
1602617334649,9,1010123456006,73,,1,0,2,1,2,,0,0,184125,0,0,0,5.75,,0,0,0,0,0,0,0,0,0,,14,4,,0,0,0,0
1602617334899,9,1010123456006,73,,1,0,2,1,2,,20.5342,146,183835,0.19232,56,0,10.8333,,12.425,40,0,0.111584,16,31.25,0,13.8989,31,,250,126,,0,0,0,4.175
1602617335149,9,1010123456006,73,,1,0,2,1,2,,23.0188,160,184549,0.267406,67,0,11.6667,,7.07317,41,0,0.103293,16,0,0,12.3354,31,,250,132,,0,0,0,1.46341
1602617335399,9,1010123456006,73,,1,0,2,1,2,,23.2313,147,184384,0.234208,59,0,11.6667,,0,0,0,0,0,0,0,0,0,,250,122,,0,0,0,0
1602617335649,9,1010123456006,73,,1,0,2,1,2,,22.4157,178,183660,0.264992,69,0,11.5,,0,0,0,0,0,0,0,0,0,,250,138,,0,0,0,0
1602617335899,9,1010123456006,73,,1,0,2,1,2,,22.7594,187,183780,0.279584,73,0,11.5,,7,13,0,0.1,5,0,0,11.7285,31,,250,146,,0,0,0,1.69231
1602617336149,9,1010123456006,73,,1,0,2,1,2,,22.8269,104,183297,0.169472,44,0,6.57143,,0,0,0,0,0,0,0,0,0,,250,128,,0,0,0,0
1602617336399,9,1010123456006,73,,1,0,2,1,2,,20.4195,205,183222,0.274304,78,0,10.2,,0,0,0,0,0,0,0,0,0,,250,164,,0,0,0,0
1602617336649,9,1010123456006,73,,1,0,2,1,2,,16.9257,148,184133,0.177382,67,0,10,,0,0,0,0,0,0,0,0,0,,250,126,,0,0,0,0
1602617336899,9,1010123456006,73,,1,0,2,1,2,,19.5644,163,183781,0.199679,65,0,10.6667,,7.84615,13,0,0.1,5,0,0,14.4488,31,,250,132,,0,0,0,1.23077
1602617337149,9,1010123456006,73,,1,0,2,1,2,,24.3198,172,183662,0.286016,66,0,11.6,,0,0,0,0,0,0,0,0,0,,250,134,,0,0,0,0
1602617337399,9,1010123456006,73,,1,0,2,1,2,,23.463,162,184263,0.261888,64,0,10.1667,,0,0,0,0,0,0,0,0,0,,250,144,,0,0,0,0
1602617337649,9,1010123456006,73,,1,0,2,1,2,,21.9162,191,184579,0.281248,77,0,11,,0,0,0,0,0,0,0,0,0,,250,152,,0,0,0,0
1602617337899,9,1010123456006,73,,1,0,2,1,2,,23.9556,180,183538,0.31472,71,0,12.5,,10.7273,11,0,0.1,4,0,0,14.2622,31,,250,144,,0,0,0,1.27273
1602617338149,9,1010123456006,73,,1,0,2,1,2,,18.888,125,183292,0.14816,50,0,6.4,,0,0,0,0,0,0,0,0,0,,250,134,,0,0,0,0
1602617338399,9,1010123456006,73,,1,0,2,1,2,,19.5322,171,183877,0.227309,71,0,10.6,,0,0,0,0,0,0,0,0,0,,250,138,,0,0,0,0
1602617338649,9,1010123456006,73,,1,0,2,1,2,,21.5698,172,184613,0.259904,70,0,10.6,,0,0,0,0,0,0,0,0,0,,249,142,,0,0,0,0
1602617338899,9,1010123456006,73,,1,0,2,1,2,,19.7198,182,183508,0.233024,74,0,9.33333,,12.0909,11,0,0.1,4,0,0,18.3325,31,,251,146,,0,0,0,1
1602617339149,9,1010123456006,73,,1,0,2,1,2,,20.3048,210,183481,0.279456,84,0,12.25,,0,0,0,0,0,0,0,0,0,,250,170,,0,0,0,0
1602617339399,9,1010123456006,73,,1,0,2,1,2,,24.9302,129,183907,0.233216,52,0,9,,0,0,0,0,0,0,0,0,0,,250,134,,0,0,0,0
1602617339649,9,1010123456006,73,,1,0,2,1,2,,25.1364,66,183023,0.116608,24,0,7.8,,0,0,0,0,0,0,0,0,0,,249,178,,0,0,0,0
1602617339899,9,1010123456006,73,,1,0,2,1,2,,17.1802,172,183332,0.175872,68,0,7.83333,,12,7,0,0.1,3,0,0,15.9348,31,,250,172,,0,0,0,1
1602617340149,9,1010123456006,73,,1,0,2,1,2,,17.9076,184,184314,0.213632,76,0,9.33333,,0,0,0,0,0,0,0,0,0,,249,148,,0,0,0,0
1602617340399,9,1010123456006,73,,1,0,2,1,2,,18.6667,156,184344,0.188832,63,0,9.83333,,0,0,0,0,0,0,0,0,0,,250,128,,0,0,0,0
1602617340649,9,1010123456006,73,,1,0,2,1,2,,21.0058,171,184156,0.252736,70,0,10,,0,0,0,0,0,0,0,0,0,,250,138,,0,0,0,0
1602617340899,9,1010123456006,73,,1,0,2,1,2,,20.6599,147,183828,0.181696,56,0,9.2,,6.07143,14,0,0.1,6,0,0,11.3211,31,,251,150,,0,0,0,1.14286
1602617341149,9,1010123456006,73,,1,0,2,1,2,,16.1125,160,183394,0.178442,68,0,9.16667,,0,0,0,0,0,0,0,0,0,,250,124,,0,0,0,0
1602617341399,9,1010123456006,73,,1,0,2,1,2,,19.8889,162,183923,0.206368,64,0,10.1667,,0,0,0,0,0,0,0,0,0,,250,136,,0,0,0,0
1602617341649,9,1010123456006,73,,1,0,2,1,2,,21.4332,187,183252,0.278272,80,0,8.5,,0,0,0,0,0,0,0,0,0,,250,162,,0,0,0,0
1602617341899,9,1010123456006,73,,1,0,2,1,2,,22.0343,175,183643,0.262592,70,0,10.6,,6.71429,21,0,0.1,8,0,0,13.2595,31,,250,146,,0,0,0,1.47619
1602617342149,9,1010123456006,73,,1,0,2,1,2,,25.2929,140,183202,0.253024,55,0,10.1667,,0,0,0,0,0,0,0,0,0,,250,130,,0,0,0,0
1602617342399,9,1010123456006,73,,1,0,2,1,2,,24.1033,184,183559,0.31936,76,0,11.8333,,0,0,0,0,0,0,0,0,0,,250,152,,0,0,0,0
1602617342649,9,1010123456006,73,,1,0,2,1,2,,25.6368,212,183960,0.412928,88,0,12.1667,,0,0,0,0,0,0,0,0,0,,250,178,,0,0,0,0
1602617342899,9,1010123456006,73,,1,0,2,1,2,,22.2686,175,183081,0.259264,70,0,11.4,,9.40625,32,0,0.1,13,23.0769,0,9.11474,31,,250,144,,0,0,0,3.5625
1602617343149,9,1010123456006,73,,1,0,2,1,2,,22.2402,204,183777,0.324096,88,0,11.1429,,0,0,0,0,0,0,0,0,0,,250,168,,0,0,0,0
1602617343399,9,1010123456006,73,,1,0,2,1,2,,23.2182,220,183240,0.343104,86,0,11.5,,0,0,0,0,0,0,0,0,0,,250,176,,0,0,0,0
1602617343649,9,1010123456006,73,,1,0,2,1,2,,22.3312,160,184395,0.257696,69,0,11.1667,,0,0,0,0,0,0,0,0,0,,250,132,,0,0,0,0
1602617343899,9,1010123456006,73,,1,0,2,1,2,,23.1867,166,183464,0.254233,65,0,11.6,,10.625,8,0,0.1,3,0,0,13.7276,31,,250,136,,0,0,0,1.5
1602617344149,9,1010123456006,73,,1,0,2,1,2,,23.3442,154,182981,0.25776,63,0,11.5714,,0,0,0,0,0,0,0,0,0,,250,126,,0,0,0,0
1602617344399,9,1010123456006,73,,1,0,2,1,2,,19.1122,196,184239,0.235872,77,0,10.6667,,0,0,0,0,0,0,0,0,0,,250,156,,0,0,0,0
1602617344649,9,1010123456006,73,,1,0,2,1,2,,22.3704,189,183310,0.285408,75,0,11,,0,0,0,0,0,0,0,0,0,,250,146,,0,0,0,0
1602617344900,11,1010123456006,73,,1,0,2,1,2,,22.74,150,183494,0.222661,58,0,12,,5.94118,17,0,0.1,7,0,0,10.0594,31,,250,118,,0,0,0,1.23529
1602617345149,9,1010123456006,73,,1,0,2,1,2,,22.2993,147,184372,0.220241,59,0,7.5,,0,0,0,0,0,0,0,0,0,,249,124,,0,0,0,0
1602617345399,9,1010123456006,73,,1,0,2,1,2,,24.9647,85,184104,0.151104,34,0,7.6,,0,0,0,0,0,0,0,0,0,,250,154,,0,0,0,0
1602617345649,9,1010123456006,73,,1,0,2,1,2,,20.9035,145,183694,0.20496,57,0,11.4,,0,0,0,0,0,0,0,0,0,,249,160,,0,0,0,0
1602617345899,9,1010123456006,73,,1,0,2,1,2,,23.0538,186,183152,0.299776,68,0,11.1667,,11.9091,33,0,0.1,13,30.7692,0,14.752,31,,251,146,,0,0,0,3.63636
1602617346149,9,1010123456006,73,,1,0,2,1,2,,18.1007,139,184310,0.157751,59,0,6.4,,0,0,0,0,0,0,0,0,0,,249,154,,0,0,0,0
1602617346399,9,1010123456006,73,,1,0,2,1,2,,16.9693,163,184589,0.182848,63,0,10,,0,0,0,0,0,0,0,0,0,,250,154,,0,0,0,0
1602617346649,9,1010123456006,73,,1,0,2,1,2,,23.7,190,183187,0.319744,76,0,12,,0,0,0,0,0,0,0,0,0,,250,156,,0,0,0,0
1602617346899,9,1010123456006,73,,1,0,2,1,2,,22.5625,160,184020,0.252352,64,0,8.8,,11.1034,29,0,0.1,12,33.3333,0,9.87614,31,,250,154,,0,0,0,5.62069
1602617347149,9,1010123456006,73,,1,0,2,1,2,,22.7818,165,183329,0.270144,68,0,11.3333,,0,0,0,0,0,0,0,0,0,,250,132,,0,0,0,0
1602617347399,9,1010123456006,73,,1,0,2,1,2,,26.7796,186,183584,0.379104,75,0,11.1667,,0,0,0,0,0,0,0,0,0,,250,156,,0,0,0,0
1602617347649,9,1010123456006,73,,1,0,2,1,2,,21.9612,129,183371,0.196608,50,0,8,,0,0,0,0,0,0,0,0,0,,251,148,,0,0,0,0
1602617347899,9,1010123456006,73,,1,0,2,1,2,,19.0189,159,184209,0.202816,64,0,13,,12,8,0,0.1,3,0,0,12.0783,31,,250,130,,0,0,0,1.625
1602617348149,9,1010123456006,73,,1,0,2,1,2,,21.1279,172,183731,0.264736,71,0,8.66667,,0,0,0,0,0,0,0,0,0,,250,138,,0,0,0,0
1602617348399,9,1010123456006,73,,1,0,2,1,2,,22.4646,198,184131,0.306624,78,0,12.75,,0,0,0,0,0,0,0,0,0,,250,162,,0,0,0,0
1602617348649,9,1010123456006,73,,1,0,2,1,2,,23.2476,210,183879,0.351456,83,0,11,,0,0,0,0,0,0,0,0,0,,250,166,,0,0,0,0
1602617348899,9,1010123456006,73,,1,0,2,1,2,,20.5467,214,183502,0.287872,84,0,9.5,,8,13,0,0.1,5,0,0,14.4965,31,,250,192,,0,0,0,1
1602617349149,9,1010123456006,73,,1,0,2,1,2,,19.1337,187,183965,0.236096,73,0,9,,0,0,0,0,0,0,0,0,0,,250,146,,0,0,0,0
1602617349399,9,1010123456006,73,,1,0,2,1,2,,19.6731,156,183383,0.207264,65,0,11.5,,0,0,0,0,0,0,0,0,0,,250,128,,0,0,0,0
1602617349649,9,1010123456006,73,,1,0,2,1,2,,14.3693,176,183445,0.151808,73,0,8.75,,0,0,0,0,0,0,0,0,0,,250,142,,0,0,0,0
1602617349899,9,1010123456006,73,,1,0,2,1,2,,20.2548,157,183849,0.222554,67,0,10.3333,,11.7143,7,0,0.1,3,0,0,10.7265,31,,250,136,,0,0,0,2.71429
1602617350149,9,1010123456006,73,,1,0,2,1,2,,23.6667,156,184411,0.256448,62,0,9.75,,0,0,0,0,0,0,0,0,0,,250,166,,0,0,0,0
1602617350399,9,1010123456006,73,,1,0,2,1,2,,25.4138,203,184590,0.3872,84,0,9.75,,0,0,0,0,0,0,0,0,0,,250,172,,0,0,0,0
1602617350649,9,1010123456006,73,,1,0,2,1,2,,26.5818,110,183476,0.207743,42,0,13,,0,0,0,0,0,0,0,0,0,,250,162,,0,0,0,0
1602617350899,9,1010123456006,73,,1,0,2,1,2,,26.3897,195,184600,0.404241,78,0,12.6667,,12.0714,14,0,0.1,6,66.6667,0,10.9424,31,,250,150,,0,0,0,6.35714
1602617351149,9,1010123456006,73,,1,0,2,1,2,,27.1932,88,183360,0.183486,35,0,8.66667,,0,0,0,0,0,0,0,0,0,,250,106,,0,0,0,0
1602617351399,9,1010123456006,73,,1,0,2,1,2,,26.4194,124,184430,0.253824,52,0,10,,0,0,0,0,0,0,0,0,0,,250,160,,0,0,0,0
1602617351649,9,1010123456006,73,,1,0,2,1,2,,16.2909,110,183440,0.1256,43,0,7.5,,0,0,0,0,0,0,0,0,0,,249,148,,0,0,0,0
1602617351899,9,1010123456006,73,,1,0,2,1,2,,23.6686,175,184340,0.30176,71,0,11,,12.3667,30,0,0.141408,12,8.33333,0,12.4296,31,,251,142,,0,0,0,3.43333
1602617352149,9,1010123456006,73,,1,0,2,1,2,,25.96,175,184302,0.334458,70,0,12.6667,,0,0,0,0,0,0,0,0,0,,250,140,,0,0,0,0
1602617352399,9,1010123456006,73,,1,0,2,1,2,,24.1,230,183527,0.396512,91,0,11.25,,0,0,0,0,0,0,0,0,0,,249,184,,0,0,0,0
1602617352649,9,1010123456006,73,,1,0,2,1,2,,26.8413,208,183401,0.43408,85,0,13.6667,,0,0,0,0,0,0,0,0,0,,249,166,,0,0,0,0
1602617352899,9,1010123456006,73,,1,0,2,1,2,,26.3516,182,183361,0.377664,74,0,13.3333,,11.625,8,0,0.1,3,0,0,12.0803,31,,250,148,,0,0,0,1.5
1602617353149,9,1010123456006,73,,1,0,2,1,2,,26.5811,148,184149,0.30224,61,0,13,,0,0,0,0,0,0,0,0,0,,250,124,,0,0,0,0
1602617353399,9,1010123456006,73,,1,0,2,1,2,,26.6683,202,183373,0.419616,85,0,12.75,,0,0,0,0,0,0,0,0,0,,249,162,,0,0,0,0
1602617353649,9,1010123456006,73,,1,0,2,1,2,,25.587,184,184566,0.334848,72,0,12.5,,0,0,0,0,0,0,0,0,0,,250,146,,0,0,0,0
1602617353899,9,1010123456006,73,,1,0,2,1,2,,26.5797,69,184542,0.147904,30,0,0.1,,14.3,40,0,0.123936,16,43.75,0,12.2309,31,,250,152,,0,0,0,4.675
1602617354149,9,1010123456006,73,,1,0,2,1,2,,11.0241,83,183216,0.036704,31,0,9.5,,0,0,0,0,0,0,0,0,0,,250,154,,0,0,0,0
1602617354399,9,1010123456006,73,,1,0,2,1,2,,26.1307,199,183731,0.414304,83,0,12.6,,0,0,0,0,0,0,0,0,0,,251,164,,0,0,0,0
1602617354649,9,1010123456006,73,,1,0,2,1,2,,25.375,192,183453,0.324416,70,0,12.6667,,0,0,0,0,0,0,0,0,0,,250,148,,0,0,0,0
1602617354899,9,1010123456006,73,,1,0,2,1,2,,19.8757,185,183151,0.267456,78,0,9.66667,,9.71429,7,0,0.1,3,0,0,18.2815,31,,250,152,,0,0,0,2.71429
1602617355149,9,1010123456006,73,,1,0,2,1,2,,15.3934,211,183160,0.18656,83,0,9.66667,,0,0,0,0,0,0,0,0,0,,250,166,,0,0,0,0
1602617355399,9,1010123456006,73,,1,0,2,1,2,,21.1989,186,184095,0.25216,72,0,10.5,,0,0,0,0,0,0,0,0,0,,250,146,,0,0,0,0
1602617355649,9,1010123456006,73,,1,0,2,1,2,,21.549,204,183530,0.315936,86,0,10.6,,0,0,0,0,0,0,0,0,0,,250,168,,0,0,0,0
1602617355899,9,1010123456006,73,,1,0,2,1,2,,10.5,94,183558,0.048288,37,0,4.66667,,0,0,0,0,0,0,0,0,0,,250,120,,0,0,0,0
1602617356149,9,1010123456006,73,,1,0,2,1,2,,20.1628,172,183424,0.242528,71,0,10.5,,12.92,25,0,0.1,10,50,0,10.4939,31,,250,144,,0,0,0,5.68
1602617356399,9,1010123456006,73,,1,0,2,1,2,,15.4,200,183505,0.192418,80,0,7.75,,0,0,0,0,0,0,0,0,0,,250,176,,0,0,0,0
1602617356649,9,1010123456006,73,,1,0,2,1,2,,25.1911,157,184294,0.295328,65,0,12.75,,0,0,0,0,0,0,0,0,0,,250,134,,0,0,0,0
1602617356899,9,1010123456006,73,,1,0,2,1,2,,23.6053,152,183446,0.260672,62,0,11.2,,11.4286,14,0,0.1,6,66.6667,0,10.2801,31,,250,126,,0,0,0,6.14286
1602617357149,9,1010123456006,73,,1,0,2,1,2,,27.1053,171,182828,0.364016,70,0,13.1667,,0,0,0,0,0,0,0,0,0,,250,136,,0,0,0,0
1602617357399,9,1010123456006,73,,1,0,2,1,2,,23.955,200,182550,0.33904,79,0,11.5,,0,0,0,0,0,0,0,0,0,,250,160,,0,0,0,0
1602617357649,9,1010123456006,73,,1,0,2,1,2,,27.0252,119,183373,0.268256,51,0,8.66667,,0,0,0,0,0,0,0,0,0,,250,132,,0,0,0,0
1602617357899,9,1010123456006,73,,1,0,2,1,2,,25.3714,175,183396,0.317728,69,0,10.4,,14.9375,64,0,0.142016,25,60,0,11.7332,31,,249,178,,0,0,0,6.48437
1602617358149,9,1010123456006,73,,1,0,2,1,2,,11.1636,165,184357,0.12416,68,0,7,,0,0,0,0,0,0,0,0,0,,250,150,,0,0,0,0
1602617358399,9,1010123456006,73,,1,0,2,1,2,,25.4667,165,183454,0.301012,65,0,12.5,,0,0,0,0,0,0,0,0,0,,250,136,,0,0,0,0
1602617358649,9,1010123456006,73,,1,0,2,1,2,,26.9301,143,183063,0.297792,58,0,10.25,,0,0,0,0,0,0,0,0,0,,249,170,,0,0,0,0
1602617358899,9,1010123456006,73,,1,0,2,1,2,,23.6878,205,182778,0.3456,81,0,11.2,,12.119,42,0,0.111296,16,37.5,0,9.95866,31,,250,158,,0,0,0,5.52381
1602617359149,9,1010123456006,73,,1,0,2,1,2,,26.5357,168,183975,0.351197,71,0,9.5,,0,0,0,0,0,0,0,0,0,,249,140,,0,0,0,0
1602617359399,9,1010123456006,73,,1,0,2,1,2,,25.9774,177,183937,0.33248,70,0,12.8333,,0,0,0,0,0,0,0,0,0,,250,164,,0,0,0,0
1602617359649,9,1010123456006,73,,1,0,2,1,2,,22.3539,178,183832,0.2848,72,0,11.5,,0,0,0,0,0,0,0,0,0,,250,146,,0,0,0,0
1602617359899,9,1010123456006,73,,1,0,2,1,2,,25.5789,95,184064,0.187392,40,0,13,,14,12,0,0,4,100,0,5.11817,0,,250,78,,0,0,0,10
1602617360149,9,1010123456006,73,,1,0,2,1,2,,21.8609,115,183234,0.170336,47,0,10.5,,6.54839,31,0,0.1,12,8.33333,0,12.6518,31,,250,104,,0,0,0,2.16129
1602617360399,9,1010123456006,73,,1,0,2,1,2,,26.0816,196,183489,0.369184,77,0,13,,0,0,0,0,0,0,0,0,0,,250,154,,0,0,0,0
1602617360649,9,1010123456006,73,,1,0,2,1,2,,22.0261,153,183548,0.233312,59,0,9.4,,0,0,0,0,0,0,0,0,0,,250,138,,0,0,0,0
1602617360899,9,1010123456006,73,,1,0,2,1,2,,24.776,192,182747,0.352288,77,0,9.6,,14.0182,55,0,0.157152,22,50,0,10.461,31,,251,200,,0,0,0,5.81818
1602617361149,9,1010123456006,73,,1,0,2,1,2,,21.5432,162,184071,0.246176,67,0,11,,0,0,0,0,0,0,0,0,0,,250,132,,0,0,0,0
1602617361399,9,1010123456006,73,,1,0,2,1,2,,21.8979,186,183215,0.274368,74,0,8,,0,0,0,0,0,0,0,0,0,,250,164,,0,0,0,0
1602617361649,9,1010123456006,73,,1,0,2,1,2,,19.3737,190,184407,0.249152,80,0,12.3333,,0,0,0,0,0,0,0,0,0,,250,156,,0,0,0,0
1602617361899,9,1010123456006,73,,1,0,2,1,2,,18.2294,170,183437,0.21102,66,0,8.66667,,13.7778,9,0,0.1,4,0,0,18.4559,31,,250,140,,0,0,0,1.33333
1602617362149,9,1010123456006,73,,1,0,2,1,2,,21.6359,184,184181,0.271582,77,0,11,,0,0,0,0,0,0,0,0,0,,250,148,,0,0,0,0
1602617362399,9,1010123456006,73,,1,0,2,1,2,,18.0909,132,183772,0.159712,50,0,7.6,,0,0,0,0,0,0,0,0,0,,250,140,,0,0,0,0
1602617362649,9,1010123456006,73,,1,0,2,1,2,,19.0108,186,183889,0.225606,74,0,11.6667,,0,0,0,0,0,0,0,0,0,,250,150,,0,0,0,0
1602617362899,9,1010123456006,73,,1,0,2,1,2,,20.8177,181,183715,0.24257,70,0,10.2,,12.2979,47,0,0.102329,19,52.6316,0,9.80247,31,,250,144,,0,0,0,5.85106
1602617363149,9,1010123456006,73,,1,0,2,1,2,,12.1067,178,184215,0.13792,74,0,7.33333,,0,0,0,0,0,0,0,0,0,,250,172,,0,0,0,0
1602617363399,9,1010123456006,73,,1,0,2,1,2,,22.6571,175,182968,0.26208,70,0,12.3333,,0,0,0,0,0,0,0,0,0,,250,144,,0,0,0,0
1602617363649,9,1010123456006,73,,1,0,2,1,2,,21.0192,208,184141,0.317655,85,0,9.6,,0,0,0,0,0,0,0,0,0,,250,168,,0,0,0,0
1602617363899,9,1010123456006,73,,1,0,2,1,2,,6.15707,191,183754,0.062272,78,0,7.5,,0,0,0,0,0,0,0,0,0,,250,154,,0,0,0,0
1602617364149,9,1010123456006,73,,1,0,2,1,2,,16.7465,142,183741,0.1488,58,0,8,,3.25,28,0,0.1,11,0,0,11.6505,31,,250,134,,0,0,0,1
1602617364399,9,1010123456006,73,,1,0,2,1,2,,18.8933,150,183928,0.189024,63,0,8.5,,0,0,0,0,0,0,0,0,0,,250,140,,0,0,0,0
1602617364649,9,1010123456006,73,,1,0,2,1,2,,22.4424,165,183408,0.24272,65,0,12,,0,0,0,0,0,0,0,0,0,,249,140,,0,0,0,0
1602617364899,9,1010123456006,73,,1,0,2,1,2,,21.4256,195,183619,0.279552,78,0,10.75,,6.70588,17,0,0.1,7,28.5714,0,7.41403,31,,250,158,,0,0,0,3.82353
1602617365149,9,1010123456006,73,,1,0,2,1,2,,11.6429,168,184512,0.117472,67,0,6.71429,,0,0,0,0,0,0,0,0,0,,250,160,,0,0,0,0
1602617365399,9,1010123456006,73,,1,0,2,1,2,,21.9231,247,184017,0.353992,98,0,0.1,,0,0,0,0,0,0,0,0,0,,250,192,,0,0,0,0
1602617365649,9,1010123456006,73,,1,0,2,1,2,,7.84722,144,183542,0.075808,61,0,2.5,,0,0,0,0,0,0,0,0,0,,249,176,,0,0,0,0
1602617365899,9,1010123456006,73,,1,0,2,1,2,,21.6162,99,183234,0.135168,38,0,8.33333,,2,21,0,0.1,9,0,0,11.0631,31,,250,128,,0,0,0,1.28571
1602617366149,9,1010123456006,73,,1,0,2,1,2,,17.4518,197,183769,0.233408,82,0,9.4,,0,0,0,0,0,0,0,0,0,,250,162,,0,0,0,0
1602617366399,9,1010123456006,73,,1,0,2,1,2,,22.8418,196,183214,0.288096,75,0,12.5,,0,0,0,0,0,0,0,0,0,,250,154,,0,0,0,0
1602617366649,9,1010123456006,73,,1,0,2,1,2,,16.2529,170,183764,0.197664,75,0,8,,0,0,0,0,0,0,0,0,0,,250,142,,0,0,0,0
1602617366899,9,1010123456006,73,,1,0,2,1,2,,14.2095,210,183281,0.209792,84,0,9.75,,15.1636,55,0,0.112544,24,62.5,0,11.4966,31,,250,172,,0,0,0,7
1602617367149,9,1010123456006,73,,1,0,2,1,2,,21.4225,213,184417,0.284768,83,0,11,,0,0,0,0,0,0,0,0,0,,250,168,,0,0,0,0
1602617367399,9,1010123456006,73,,1,0,2,1,2,,17.4049,205,183446,0.235104,83,0,8.66667,,0,0,0,0,0,0,0,0,0,,251,162,,0,0,0,0
1602617367649,9,1010123456006,73,,1,0,2,1,2,,20.8947,209,184438,0.29328,81,0,11.6,,0,0,0,0,0,0,0,0,0,,250,164,,0,0,0,0
1602617367899,9,1010123456006,73,,1,0,2,1,2,,17.6142,127,184169,0.160096,52,0,5,,11.9286,14,0,0.1,5,0,0,16.3669,31,,250,180,,0,0,0,1.21429
1602617368149,9,1010123456006,73,,1,0,2,1,2,,21.9639,83,183444,0.11592,32,0,11,,0,0,0,0,0,0,0,0,0,,250,164,,0,0,0,0
1602617368399,9,1010123456006,73,,1,0,2,1,2,,24.3138,188,184594,0.32896,72,0,12.6,,0,0,0,0,0,0,0,0,0,,250,152,,0,0,0,0
1602617368649,9,1010123456006,73,,1,0,2,1,2,,20.8372,129,183609,0.184576,56,0,8.5,,0,0,0,0,0,0,0,0,0,,250,146,,0,0,0,0
1602617368899,9,1010123456006,73,,1,0,2,1,2,,21.5357,56,184046,0.087328,25,0,3.66667,,0,0,0,0,0,0,0,0,0,,250,132,,0,0,0,0
1602617369149,9,1010123456006,73,,1,0,2,1,2,,11.9954,216,184003,0.146112,84,0,7,,14.1905,63,0,0.149216,24,54.1667,0,8.91815,31,,250,170,,0,0,0,6.4127
1602617369399,9,1010123456006,73,,1,0,2,1,2,,22.1972,213,183406,0.29056,80,0,12.3333,,0,0,0,0,0,0,0,0,0,,250,164,,0,0,0,0
1602617369649,9,1010123456006,73,,1,0,2,1,2,,21.7609,184,183942,0.325056,78,0,8.66667,,0,0,0,0,0,0,0,0,0,,250,154,,0,0,0,0
1602617369899,9,1010123456006,73,,1,0,2,1,2,,12.5931,145,183632,0.114442,56,0,5.2,,13.25,8,0,0.1,3,0,0,13.9001,31,,250,140,,0,0,0,1
1602617370149,9,1010123456006,73,,1,0,2,1,2,,12.8626,182,183760,0.132896,73,0,9.5,,0,0,0,0,0,0,0,0,0,,250,144,,0,0,0,0
1602617370399,9,1010123456006,73,,1,0,2,1,2,,27.1466,116,184610,0.25952,46,0,8.66667,,0,0,0,0,0,0,0,0,0,,250,126,,0,0,0,0
1602617370649,9,1010123456006,73,,1,0,2,1,2,,23.9845,194,184146,0.336992,75,0,10,,0,0,0,0,0,0,0,0,0,,250,180,,0,0,0,0
1602617370899,9,1010123456006,73,,1,0,2,1,2,,22.6354,192,183520,0.311456,81,0,12,,10.6875,16,0,0.1,6,16.6667,0,9.70832,31,,250,156,,0,0,0,4.5625
1602617371149,9,1010123456006,73,,1,0,2,1,2,,21.3279,122,184264,0.17648,51,0,5.75,,0,0,0,0,0,0,0,0,0,,249,130,,0,0,0,0
1602617371399,9,1010123456006,73,,1,0,2,1,2,,20.9877,163,184379,0.231328,60,0,10,,0,0,0,0,0,0,0,0,0,,251,158,,0,0,0,0
1602617371649,9,1010123456006,73,,1,0,2,1,2,,17.3807,197,183546,0.220768,80,0,9.5,,0,0,0,0,0,0,0,0,0,,249,158,,0,0,0,0
1602617371899,9,1010123456006,73,,1,0,2,1,2,,9.96522,115,183083,0.054464,45,0,4,,11.8571,14,0,0.1,5,20,0,15.5969,31,,250,154,,0,0,0,2.92857
1602617372149,9,1010123456006,73,,1,0,2,1,2,,16.0759,224,183300,0.2368,92,0,9.6,,0,0,0,0,0,0,0,0,0,,250,184,,0,0,0,0
1602617372399,9,1010123456006,73,,1,0,2,1,2,,21.9742,194,183297,0.289248,81,0,11,,0,0,0,0,0,0,0,0,0,,250,158,,0,0,0,0
1602617372649,9,1010123456006,73,,1,0,2,1,2,,21.7772,184,183959,0.267104,75,0,11,,0,0,0,0,0,0,0,0,0,,250,148,,0,0,0,0
1602617372899,9,1010123456006,73,,1,0,2,1,2,,20.2915,199,183244,0.259776,82,0,10.5,,9.56757,37,0,0.1,15,26.6667,0,9.93762,31,,250,166,,0,0,0,3.67568
1602617373149,9,1010123456006,73,,1,0,2,1,2,,15.225,160,184424,0.154185,63,0,9.25,,0,0,0,0,0,0,0,0,0,,249,124,,0,0,0,0
1602617373399,9,1010123456006,73,,1,0,2,1,2,,15.6348,115,183918,0.118528,46,0,5,,0,0,0,0,0,0,0,0,0,,250,126,,0,0,0,0
1602617373649,9,1010123456006,73,,1,0,2,1,2,,20.3099,171,184053,0.22832,71,0,11,,0,0,0,0,0,0,0,0,0,,250,142,,0,0,0,0
1602617373899,9,1010123456006,73,,1,0,2,1,2,,18.957,186,184429,0.22656,76,0,10.2,,12.9412,17,0,0.1,7,71.4286,0,8.28639,31,,251,152,,0,0,0,7.17647
1602617374149,9,1010123456006,73,,1,0,2,1,2,,21.686,207,184081,0.293984,83,0,11,,0,0,0,0,0,0,0,0,0,,250,168,,0,0,0,0
1602617374399,9,1010123456006,73,,1,0,2,1,2,,22,52,184656,0.0863614,24,0,3.66667,,0,0,0,0,0,0,0,0,0,,250,128,,0,0,0,0
1602617374649,9,1010123456006,73,,1,0,2,1,2,,18.1097,155,183522,0.181696,62,0,5,,0,0,0,0,0,0,0,0,0,,250,142,,0,0,0,0
1602617374899,9,1010123456006,73,,1,0,2,1,2,,4,18,183434,0.0024,5,0,2,,0,0,0,0,0,0,0,0,0,,250,152,,0,0,0,0
1602617375149,9,1010123456006,73,,1,0,2,1,2,,26.6061,132,184138,0.26339,56,0,6.5,,5.17241,29,0,0.1,12,8.33333,0,12.139,31,,250,162,,0,0,0,2.27586
1602617375399,9,1010123456006,73,,1,0,2,1,2,,23.9515,103,184320,0.180832,43,0,11.5,,0,0,0,0,0,0,0,0,0,,250,140,,0,0,0,0
1602617375649,9,1010123456006,73,,1,0,2,1,2,,19.6543,188,183414,0.21936,73,0,0.1,,0,0,0,0,0,0,0,0,0,,250,148,,0,0,0,0
1602617375899,9,1010123456006,73,,1,0,2,1,2,,18.8187,171,184616,0.204704,71,0,9,,3.28571,56,0,0.1,22,18.1818,0,6.1442,31,,250,140,,0,0,0,3.03571
1602617376149,9,1010123456006,73,,1,0,2,1,2,,19.3684,133,184098,0.155855,53,0,10,,0,0,0,0,0,0,0,0,0,,250,108,,0,0,0,0
1602617376399,9,1010123456006,73,,1,0,2,1,2,,13.4118,153,183410,0.128321,64,0,6.5,,0,0,0,0,0,0,0,0,0,,250,160,,0,0,0,0
1602617376649,9,1010123456006,73,,1,0,2,1,2,,0,0,183410,0,0,0,0.1,,0,0,0,0,0,0,0,0,0,,250,182,,0,0,0,0
1602617376899,9,1010123456006,73,,1,0,2,1,2,,21.7725,189,183780,0.262528,74,0,11.3333,,4.16129,62,0,0.1,26,11.5385,0,8.77245,31,,250,166,,0,0,0,1.93548
1602617377149,9,1010123456006,73,,1,0,2,1,2,,20.5843,178,183918,0.238496,73,0,10,,0,0,0,0,0,0,0,0,0,,250,144,,0,0,0,0
1602617377399,9,1010123456006,73,,1,0,2,1,2,,19.9409,203,183316,0.260177,84,0,10,,0,0,0,0,0,0,0,0,0,,249,168,,0,0,0,0
1602617377649,9,1010123456006,73,,1,0,2,1,2,,19.2081,173,184296,0.206976,72,0,9.5,,0,0,0,0,0,0,0,0,0,,250,146,,0,0,0,0
1602617377899,9,1010123456006,73,,1,0,2,1,2,,25.1752,137,183190,0.269792,55,0,8.33333,,0,0,0,0,0,0,0,0,0,,250,156,,0,0,0,0
1602617378149,9,1010123456006,73,,1,0,2,1,2,,19.5063,158,183171,0.192224,65,0,9.66667,,7.18182,22,0,0.1,8,50,0,5.41031,31,,249,130,,0,0,0,6.09091
1602617378399,9,1010123456006,73,,1,0,2,1,2,,11.2873,181,183981,0.127328,77,0,7.5,,0,0,0,0,0,0,0,0,0,,250,150,,0,0,0,0
1602617378649,9,1010123456006,73,,1,0,2,1,2,,17.2706,170,183118,0.171296,67,0,9,,0,0,0,0,0,0,0,0,0,,249,136,,0,0,0,0
1602617378899,9,1010123456006,73,,1,0,2,1,2,,20.3571,168,183797,0.207232,66,0,10.5,,3.67347,49,0,0.1,19,21.0526,0,3.97818,31,,250,136,,0,0,0,3.67347
1602617379149,9,1010123456006,73,,1,0,2,1,2,,19.8797,158,183497,0.2096,68,0,10,,0,0,0,0,0,0,0,0,0,,250,132,,0,0,0,0
1602617379399,9,1010123456006,73,,1,0,2,1,2,,19.4978,227,183945,0.264129,89,0,10,,0,0,0,0,0,0,0,0,0,,250,182,,0,0,0,0
1602617379649,9,1010123456006,73,,1,0,2,1,2,,20.1795,195,183591,0.259232,83,0,10.2,,0,0,0,0,0,0,0,0,0,,250,160,,0,0,0,0
1602617379899,9,1010123456006,73,,1,0,2,1,2,,21.4868,76,183406,0.108256,31,0,0.1,,0,0,0,0,0,0,0,0,0,,250,170,,0,0,0,0
1602617380149,9,1010123456006,73,,1,0,2,1,2,,0,0,183406,0,0,0,0.1,,0,0,0,0,0,0,0,0,0,,250,160,,0,0,0,0
1602617380399,9,1010123456006,73,,1,0,2,1,2,,21.9444,36,184643,0.053984,15,0,6,,0.1,3,0,0.1,1,0,0,12.1865,31,,250,136,,0,0,0,1
1602617380649,9,1010123456006,73,,1,0,2,1,2,,19.0325,154,183625,0.170752,60,0,10,,9.13699,73,0,0.1,30,66.6667,0,4.95707,0,,251,124,,0,0,0,7.45205
1602617380899,9,1010123456006,73,,1,0,2,1,2,,21.0511,176,183481,0.246496,73,0,10.5,,1.09459,74,0,0.1,29,10.3448,0,3.05093,31,,250,144,,0,0,0,2.72973
1602617381149,9,1010123456006,73,,1,0,2,1,2,,16.0465,172,184225,0.170464,67,0,7.66667,,0,0,0,0,0,0,0,0,0,,250,136,,0,0,0,0
1602617381399,9,1010123456006,73,,1,0,2,1,2,,6,155,184485,0.047168,67,0,1,,0,0,0,0,0,0,0,0,0,,250,136,,0,0,0,0
1602617381649,9,1010123456006,73,,1,0,2,1,2,,0,0,184485,0,0,0,0.1,,0,0,0,0,0,0,0,0,0,,250,130,,0,0,0,0
1602617381899,9,1010123456006,73,,1,0,2,1,2,,25.8361,122,184316,0.236928,48,0,12.6667,,3.375,48,0,0.1,20,25,0,5.03446,31,,250,128,,0,0,0,3.41667
1602617382149,9,1010123456006,73,,1,0,2,1,2,,21.9403,201,184226,0.282176,78,0,11,,0,0,0,0,0,0,0,0,0,,250,160,,0,0,0,0
1602617382399,9,1010123456006,73,,1,0,2,1,2,,19.8191,188,184234,0.23504,75,0,9.66667,,0,0,0,0,0,0,0,0,0,,250,152,,0,0,0,0
1602617382649,9,1010123456006,73,,1,0,2,1,2,,21.7609,184,183674,0.26736,75,0,11,,0,0,0,0,0,0,0,0,0,,250,144,,0,0,0,0
1602617382900,9,1010123456006,73,,1,0,2,1,2,,21.6355,203,183552,0.289344,82,0,11,,3.67045,88,0,0.1,36,50,0,5.31535,31,,250,164,,0,0,0,5.59091
1602617383149,9,1010123456006,73,,1,0,2,1,2,,21.9006,161,183463,0.230297,64,0,11,,6.26923,26,0,0.1,10,90,0,3.787,0,,250,134,,0,0,0,9.30769
1602617383399,9,1010123456006,73,,1,0,2,1,2,,21.9101,178,184231,0.274176,76,0,15,,0,0,0,0,0,0,0,0,0,,250,144,,0,0,0,0
1602617383649,9,1010123456006,73,,1,0,2,1,2,,27.5109,184,183527,0.380704,69,0,0.1,,0,0,0,0,0,0,0,0,0,,249,146,,0,0,0,0
1602617383899,9,1010123456006,73,,1,0,2,1,2,,22.5732,164,183073,0.261824,66,0,10.6667,,8.1875,16,0,0.1,6,33.3333,0,5.24216,31,,251,130,,0,0,0,5.5
1602617384149,9,1010123456006,73,,1,0,2,1,2,,22.565,177,183661,0.276512,73,0,8,,0,0,0,0,0,0,0,0,0,,250,144,,0,0,0,0
1602617384399,9,1010123456006,73,,1,0,2,1,2,,13.8293,41,184142,0.0268594,14,0,8,,0,0,0,0,0,0,0,0,0,,249,170,,0,0,0,0
1602617384649,9,1010123456006,73,,1,0,2,1,2,,21.5566,212,183853,0.280352,81,0,11.3333,,0,0,0,0,0,0,0,0,0,,250,166,,0,0,0,0
1602617384899,9,1010123456006,73,,1,0,2,1,2,,23.1005,209,183834,0.3392,84,0,12,,7.23457,81,0,0.1,33,72.7273,0,3.90629,31,,250,166,,0,0,0,8.06173
1602617385149,9,1010123456006,73,,1,0,2,1,2,,11.2736,201,184205,0.146208,86,0,9.5,,0,0,0,0,0,0,0,0,0,,251,166,,0,0,0,0
1602617385399,9,1010123456006,73,,1,0,2,1,2,,24.5966,176,183377,0.30008,68,0,12,,0,0,0,0,0,0,0,0,0,,249,142,,0,0,0,0
1602617385649,9,1010123456006,73,,1,0,2,1,2,,23.8012,171,183272,0.295679,71,0,12.6667,,0,0,0,0,0,0,0,0,0,,250,138,,0,0,0,0
1602617385899,9,1010123456006,73,,1,0,2,1,2,,24.843,172,184620,0.32816,71,0,12,,4.98039,51,0,0.1,20,55,0,4.43331,31,,250,146,,0,0,0,5.92157
1602617386149,9,1010123456006,73,,1,0,2,1,2,,24.1961,153,183826,0.27728,65,0,12,,0,0,0,0,0,0,0,0,0,,250,124,,0,0,0,0
1602617386399,9,1010123456006,73,,1,0,2,1,2,,23.3202,178,183620,0.287168,70,0,10,,0,0,0,0,0,0,0,0,0,,250,144,,0,0,0,0
1602617386649,9,1010123456006,73,,1,0,2,1,2,,22.1322,174,184118,0.264992,73,0,11.3333,,0,0,0,0,0,0,0,0,0,,250,146,,0,0,0,0
1602617386899,9,1010123456006,73,,1,0,2,1,2,,24.0843,166,183866,0.301792,71,0,12,,2.16216,37,0,0.1,16,31.25,0,3.40717,31,,250,138,,0,0,0,3.78378
1602617387149,9,1010123456006,73,,1,0,2,1,2,,22.8243,148,184214,0.23056,59,0,11.3333,,0,0,0,0,0,0,0,0,0,,251,116,,0,0,0,0
1602617387399,9,1010123456006,73,,1,0,2,1,2,,22.6385,213,184398,0.323328,84,0,11.5,,0,0,0,0,0,0,0,0,0,,250,170,,0,0,0,0
1602617387649,9,1010123456006,73,,1,0,2,1,2,,23.9699,166,184601,0.281824,67,0,12,,0,0,0,0,0,0,0,0,0,,250,132,,0,0,0,0
1602617387899,9,1010123456006,73,,1,0,2,1,2,,18.4706,136,183898,0.165088,55,0,7.66667,,4.90141,71,0,0.1,27,33.3333,0,7.03809,31,,250,112,,0,0,0,4.4507
1602617388149,9,1010123456006,73,,1,0,2,1,2,,14.5641,195,184607,0.17088,75,0,8,,0,0,0,0,0,0,0,0,0,,250,154,,0,0,0,0
1602617388399,9,1010123456006,73,,1,0,2,1,2,,20.069,145,183239,0.179936,58,0,11,,0,0,0,0,0,0,0,0,0,,250,116,,0,0,0,0
1602617388649,9,1010123456006,73,,1,0,2,1,2,,18.9007,141,183520,0.192896,61,0,9.33333,,0,0,0,0,0,0,0,0,0,,250,116,,0,0,0,0
1602617388899,9,1010123456006,73,,1,0,2,1,2,,23.6959,171,183435,0.279614,67,0,12,,2.46875,64,0,0.1,25,20,0,4.04722,31,,250,138,,0,0,0,3.25
1602617389149,9,1010123456006,73,,1,0,2,1,2,,20.5057,174,183712,0.225952,69,0,10.5,,0,0,0,0,0,0,0,0,0,,250,142,,0,0,0,0
1602617389399,9,1010123456006,73,,1,0,2,1,2,,19.8218,174,184274,0.222747,73,0,11,,0,0,0,0,0,0,0,0,0,,250,144,,0,0,0,0
1602617389649,9,1010123456006,73,,1,0,2,1,2,,22.2235,179,183395,0.274368,74,0,11.3333,,0,0,0,0,0,0,0,0,0,,250,144,,0,0,0,0
1602617389899,9,1010123456006,73,,1,0,2,1,2,,21.103,165,183479,0.224416,65,0,9.66667,,5.51429,70,0,0.1,28,46.4286,0,5.64555,31,,250,136,,0,0,0,5.47143
1602617390149,9,1010123456006,73,,1,0,2,1,2,,23.8743,191,183590,0.33744,81,0,11.5,,0,0,0,0,0,0,0,0,0,,250,160,,0,0,0,0
1602617390399,9,1010123456006,73,,1,0,2,1,2,,12.1964,168,184330,0.125944,67,0,3.33333,,0,0,0,0,0,0,0,0,0,,250,154,,0,0,0,0
1602617390649,9,1010123456006,73,,1,0,2,1,2,,19.7172,145,184363,0.186528,62,0,11,,0,0,0,0,0,0,0,0,0,,249,120,,0,0,0,0
1602617390899,9,1010123456006,73,,1,0,2,1,2,,24.7421,190,183883,0.343488,74,0,12.6667,,4.11111,36,0,0.1,14,35.7143,0,4.10003,31,,251,152,,0,0,0,5.22222
1602617391149,9,1010123456006,73,,1,0,2,1,2,,20.6989,176,183986,0.239456,71,0,10.25,,0,0,0,0,0,0,0,0,0,,249,140,,0,0,0,0
1602617391399,9,1010123456006,73,,1,0,2,1,2,,16.4211,190,183752,0.202976,79,0,9.66667,,0,0,0,0,0,0,0,0,0,,251,160,,0,0,0,0
1602617391649,9,1010123456006,73,,1,0,2,1,2,,17.5412,170,184043,0.175392,68,0,9.66667,,0,0,0,0,0,0,0,0,0,,249,134,,0,0,0,0
1602617391899,9,1010123456006,73,,1,0,2,1,2,,22.5316,158,183774,0.255872,66,0,10.6667,,1.54286,70,0,0.1,30,56.6667,0,2.17233,31,,250,128,,0,0,0,6.6
1602617392149,9,1010123456006,73,,1,0,2,1,2,,18.9762,210,183569,0.24543,83,0,11,,0,0,0,0,0,0,0,0,0,,250,166,,0,0,0,0
1602617392399,9,1010123456006,73,,1,0,2,1,2,,21.9196,224,183629,0.31616,88,0,11,,0,0,0,0,0,0,0,0,0,,250,184,,0,0,0,0
1602617392649,9,1010123456006,73,,1,0,2,1,2,,21.2951,183,183379,0.264416,77,0,10.3333,,0,0,0,0,0,0,0,0,0,,250,144,,0,0,0,0
1602617392899,9,1010123456006,73,,1,0,2,1,2,,17.9487,195,183853,0.216704,76,0,7.33333,,4.90196,51,0,0.1,21,38.0952,0,6.66074,31,,250,156,,0,0,0,4.64706
1602617393149,9,1010123456006,73,,1,0,2,1,2,,21.9101,189,184326,0.27664,77,0,11,,0,0,0,0,0,0,0,0,0,,250,150,,0,0,0,0
1602617393399,9,1010123456006,73,,1,0,2,1,2,,21.306,183,183531,0.260145,75,0,10.6667,,0,0,0,0,0,0,0,0,0,,250,154,,0,0,0,0
1602617393649,9,1010123456006,73,,1,0,2,1,2,,13.1169,154,183303,0.110752,61,0,6,,0,0,0,0,0,0,0,0,0,,251,120,,0,0,0,0
1602617393899,9,1010123456006,73,,1,0,2,1,2,,9.62857,70,183836,0.0336707,29,0,1,,0,0,0,0,0,0,0,0,0,,250,126,,0,0,0,0
1602617394149,9,1010123456006,73,,1,0,2,1,2,,24.1932,88,183358,0.15824,37,0,12,,4.41463,41,0,0.1,16,37.5,0,6.05713,31,,250,138,,0,0,0,4.63415
1602617394399,9,1010123456006,73,,1,0,2,1,2,,23.3627,193,183972,0.301248,74,0,11.3333,,0,0,0,0,0,0,0,0,0,,250,154,,0,0,0,0
1602617394649,9,1010123456006,73,,1,0,2,1,2,,24.6782,174,184469,0.319008,73,0,12.5,,0,0,0,0,0,0,0,0,0,,250,144,,0,0,0,0
1602617394899,9,1010123456006,73,,1,0,2,1,2,,16.7349,166,183749,0.16928,64,0,8,,5.45161,31,0,0.1,13,30.7692,0,3.40388,31,,250,132,,0,0,0,4.96774
1602617395149,9,1010123456006,73,,1,0,2,1,2,,15.2349,166,183317,0.159232,69,0,9,,0,0,0,0,0,0,0,0,0,,250,136,,0,0,0,0
1602617395399,9,1010123456006,73,,1,0,2,1,2,,20.6333,210,183370,0.289696,85,0,10.5,,0,0,0,0,0,0,0,0,0,,250,168,,0,0,0,0
1602617395649,9,1010123456006,73,,1,0,2,1,2,,19.3987,148,183723,0.180672,60,0,10.5,,0,0,0,0,0,0,0,0,0,,250,118,,0,0,0,0
1602617395899,9,1010123456006,73,,1,0,2,1,2,,4.83432,169,183837,0.052241,62,0,3,,0,0,0,0,0,0,0,0,0,,250,136,,0,0,0,0
1602617396149,9,1010123456006,73,,1,0,2,1,2,,14.0964,166,183861,0.142201,71,0,10,,2.78125,32,0,0.1,13,0,0,8.4579,31,,250,132,,0,0,0,1.375
1602617396399,9,1010123456006,73,,1,0,2,1,2,,24.1449,138,183789,0.24496,58,0,0.1,,0,0,0,0,0,0,0,0,0,,249,112,,0,0,0,0
1602617396649,9,1010123456006,73,,1,0,2,1,2,,24.1111,144,183508,0.235663,55,0,0.1,,0,0,0,0,0,0,0,0,0,,251,116,,0,0,0,0
1602617396899,9,1010123456006,73,,1,0,2,1,2,,25.2412,170,184557,0.351968,71,0,12,,8.22222,27,0,0.1,11,72.7273,0,5.05521,31,,249,138,,0,0,0,7.74074
1602617397149,9,1010123456006,73,,1,0,2,1,2,,17.5321,218,183313,0.233152,84,0,8.5,,0,0,0,0,0,0,0,0,0,,249,176,,0,0,0,0
1602617397399,9,1010123456006,73,,1,0,2,1,2,,6,68,184223,0.02288,31,0,3,,0,0,0,0,0,0,0,0,0,,250,176,,0,0,0,0
1602617397649,9,1010123456006,73,,1,0,2,1,2,,11.6102,177,183300,0.125568,74,0,12,,0,0,0,0,0,0,0,0,0,,249,146,,0,0,0,0
1602617397899,9,1010123456006,73,,1,0,2,1,2,,19.169,142,183858,0.180352,55,0,6,,6.48571,35,0,0.1,14,7.14286,0,12.8992,31,,250,130,,0,0,0,1.88571
1602617398149,9,1010123456006,73,,1,0,2,1,2,,0,0,183858,0,0,0,0.1,,0,0,0,0,0,0,0,0,0,,250,136,,0,0,0,0
1602617398399,9,1010123456006,73,,1,0,2,1,2,,19.6293,116,184044,0.124992,42,0,9.5,,0,0,0,0,0,0,0,0,0,,250,132,,0,0,0,0
1602617398649,9,1010123456006,73,,1,0,2,1,2,,21.5595,168,182758,0.232544,67,0,11,,0,0,0,0,0,0,0,0,0,,250,132,,0,0,0,0
1602617398899,9,1010123456006,73,,1,0,2,1,2,,21.098,153,183670,0.221568,64,0,10.5,,9.38806,67,0,0.1,26,73.0769,0,3.10145,31,,250,122,,0,0,0,7.71642
1602617399149,9,1010123456006,73,,1,0,2,1,2,,22.8806,134,183175,0.200256,50,0,9.4,,0,0,0,0,0,0,0,0,0,,250,116,,0,0,0,0
1602617399399,9,1010123456006,73,,1,0,2,1,2,,21.7901,162,182988,0.24096,66,0,12.3333,,0,0,0,0,0,0,0,0,0,,250,134,,0,0,0,0
1602617399649,9,1010123456006,73,,1,0,2,1,2,,20.7023,131,183611,0.179296,55,0,11,,0,0,0,0,0,0,0,0,0,,250,104,,0,0,0,0
1602617399899,9,1010123456006,73,,1,0,2,1,2,,21.4083,169,183547,0.24016,69,0,8,,3.78571,56,0,0.1,22,22.7273,0,7.49814,31,,250,168,,0,0,0,3.625
1602617400149,9,1010123456006,73,,1,0,2,1,2,,13.875,24,184415,0.019328,10,0,8,,0,0,0,0,0,0,0,0,0,,250,156,,0,0,0,0
1602617400399,9,1010123456006,73,,1,0,2,1,2,,19.8475,118,183842,0.154016,49,0,11,,0,0,0,0,0,0,0,0,0,,251,102,,0,0,0,0
1602617400649,9,1010123456006,73,,1,0,2,1,2,,21.3733,150,183300,0.216384,61,0,9,,0,0,0,0,0,0,0,0,0,,250,120,,0,0,0,0
1602617400899,9,1010123456006,73,,1,0,2,1,2,,21.2059,170,183178,0.232032,68,0,11,,0,8,0,0,4,100,0,0,0,,250,140,,0,0,0,0
1602617401149,9,1010123456006,73,,1,0,2,1,2,,19.8657,134,184100,0.168418,52,0,9.25,,0,0,0,0,0,0,0,0,0,,250,100,,0,0,0,0
1602617401399,9,1010123456006,73,,1,0,2,1,2,,20.1377,167,183289,0.220928,68,0,10,,2.7931,29,0,0.1,11,18.1818,0,6.56622,31,,250,134,,0,0,0,2.86207
1602617401649,9,1010123456006,73,,1,0,2,1,2,,22.6154,143,183146,0.23776,58,0,9.8,,0,0,0,0,0,0,0,0,0,,250,140,,0,0,0,0
1602617401899,9,1010123456006,73,,1,0,2,1,2,,21.5819,177,183050,0.2391,68,0,11,,13.4545,11,0,0.1,4,0,0,17.0847,31,,250,136,,0,0,0,1.18182
1602617402149,9,1010123456006,73,,1,0,2,1,2,,22.043,93,183062,0.135872,38,0,9,,0,0,0,0,0,0,0,0,0,,250,126,,0,0,0,0
1602617402399,9,1010123456006,73,,1,0,2,1,2,,21.9405,168,184337,0.253076,69,0,11.3333,,0,0,0,0,0,0,0,0,0,,250,134,,0,0,0,0
1602617402649,9,1010123456006,73,,1,0,2,1,2,,20.7403,154,183544,0.220608,60,0,8.33333,,0,0,0,0,0,0,0,0,0,,250,124,,0,0,0,0
1602617402899,9,1010123456006,73,,1,0,2,1,2,,18.2951,122,182920,0.142522,46,0,11.3333,,8.95238,21,0,0.1,8,62.5,0,7.98031,31,,250,96,,0,0,0,7.09524
1602617403149,9,1010123456006,73,,1,0,2,1,2,,23.8987,148,184162,0.263712,61,0,11.6667,,0,0,0,0,0,0,0,0,0,,250,116,,0,0,0,0
1602617403399,9,1010123456006,73,,1,0,2,1,2,,22.3673,196,184232,0.283888,76,0,11.5,,0,0,0,0,0,0,0,0,0,,250,152,,0,0,0,0
1602617403649,9,1010123456006,73,,1,0,2,1,2,,22.932,103,183817,0.159904,41,0,9.25,,0,0,0,0,0,0,0,0,0,,249,118,,0,0,0,0
1602617403899,9,1010123456006,73,,1,0,2,1,2,,16.0704,71,183193,0.0628112,27,0,6.33333,,0,0,0,0,0,0,0,0,0,,250,120,,0,0,0,0
1602617404149,9,1010123456006,73,,1,0,2,1,2,,21.5894,207,184340,0.29168,83,0,11,,3.3,30,0,0.1,12,8.33333,0,9.07706,31,,249,166,,0,0,0,1.7
1602617404399,9,1010123456006,73,,1,0,2,1,2,,21.7821,179,183771,0.25728,72,0,11,,0,0,0,0,0,0,0,0,0,,250,144,,0,0,0,0
1602617404649,9,1010123456006,73,,1,0,2,1,2,,21.6716,134,183547,0.206944,59,0,11,,0,0,0,0,0,0,0,0,0,,250,112,,0,0,0,0
1602617404899,9,1010123456006,73,,1,0,2,1,2,,21.4709,172,183482,0.230208,66,0,11,,12.75,8,0,0.1,3,0,0,17.9016,31,,250,138,,0,0,0,1
1602617405149,9,1010123456006,73,,1,0,2,1,2,,21.5369,149,184124,0.219104,63,0,11,,0,0,0,0,0,0,0,0,0,,250,124,,0,0,0,0
1602617405399,9,1010123456006,73,,1,0,2,1,2,,21.4479,192,183055,0.266208,77,0,10.6,,0,0,0,0,0,0,0,0,0,,250,158,,0,0,0,0
1602617405649,9,1010123456006,73,,1,0,2,1,2,,17.5028,177,184421,0.2024,75,0,10,,0,0,0,0,0,0,0,0,0,,250,150,,0,0,0,0
1602617405899,9,1010123456006,73,,1,0,2,1,2,,20.5784,185,183861,0.265125,82,0,11,,0,8,0,0,4,100,0,0,0,,250,156,,0,0,0,0
1602617406149,9,1010123456006,73,,1,0,2,1,2,,22.3269,156,183974,0.226976,61,0,11.1667,,2.8,5,0,0.1,2,0,0,11.3438,31,,250,126,,0,0,0,1.4
1602617406399,9,1010123456006,73,,1,0,2,1,2,,21.3616,177,183644,0.237728,69,0,11,,0,0,0,0,0,0,0,0,0,,250,144,,0,0,0,0
1602617406649,9,1010123456006,73,,1,0,2,1,2,,20.8214,168,184155,0.239424,72,0,10.6667,,0,0,0,0,0,0,0,0,0,,250,134,,0,0,0,0
1602617406899,9,1010123456006,73,,1,0,2,1,2,,20.3676,185,184008,0.241542,76,0,10.75,,3.29032,62,0,0.1,25,32,0,3.19727,31,,251,154,,0,0,0,4.29032
1602617407149,9,1010123456006,73,,1,0,2,1,2,,17.5419,203,183067,0.224321,82,0,10,,0,0,0,0,0,0,0,0,0,,250,164,,0,0,0,0
1602617407399,9,1010123456006,73,,1,0,2,1,2,,21.0452,155,183994,0.20544,60,0,11.6667,,0,0,0,0,0,0,0,0,0,,250,122,,0,0,0,0
1602617407649,9,1010123456006,73,,1,0,2,1,2,,12.5515,136,184106,0.094592,56,0,8.66667,,0,0,0,0,0,0,0,0,0,,250,112,,0,0,0,0
1602617407899,9,1010123456006,73,,1,0,2,1,2,,20.8686,175,184308,0.23504,71,0,10.6,,4.03125,64,0,0.1,25,40,0,4.14806,31,,250,140,,0,0,0,4.79688
1602617408149,9,1010123456006,73,,1,0,2,1,2,,17.8268,179,183865,0.205984,73,0,9.6,,0,0,0,0,0,0,0,0,0,,250,146,,0,0,0,0
1602617408399,9,1010123456006,73,,1,0,2,1,2,,21.7239,163,183763,0.2311,65,0,11,,0,0,0,0,0,0,0,0,0,,250,136,,0,0,0,0
1602617408649,9,1010123456006,73,,1,0,2,1,2,,21.4422,199,183989,0.289376,83,0,11,,0,0,0,0,0,0,0,0,0,,250,160,,0,0,0,0
1602617408899,9,1010123456006,73,,1,0,2,1,2,,21.3403,144,183792,0.200803,58,0,11,,7.05128,39,0,0.1,15,60,0,5.28862,31,,250,114,,0,0,0,6.58974
1602617409149,9,1010123456006,73,,1,0,2,1,2,,17.3506,77,184238,0.074784,29,0,4.5,,0,0,0,0,0,0,0,0,0,,250,106,,0,0,0,0
1602617409399,9,1010123456006,73,,1,0,2,1,2,,21.6165,133,183987,0.195712,56,0,11.5,,0,0,0,0,0,0,0,0,0,,249,112,,0,0,0,0
1602617409649,9,1010123456006,73,,1,0,2,1,2,,21.1422,204,184019,0.283648,84,0,10.5,,0,0,0,0,0,0,0,0,0,,250,168,,0,0,0,0
1602617409899,9,1010123456006,73,,1,0,2,1,2,,20.0387,155,183821,0.194859,61,0,11,,2.3662,71,0,0.1,29,20.6897,0,3.5412,31,,250,124,,0,0,0,3.16901
1602617410149,9,1010123456006,73,,1,0,2,1,2,,19.9891,183,184191,0.23008,74,0,10,,0,0,0,0,0,0,0,0,0,,250,150,,0,0,0,0
1602617410399,9,1010123456006,73,,1,0,2,1,2,,19.2517,151,183214,0.177248,61,0,11,,0,0,0,0,0,0,0,0,0,,250,118,,0,0,0,0
1602617410649,9,1010123456006,73,,1,0,2,1,2,,16.0427,164,183224,0.150715,65,0,8,,0,0,0,0,0,0,0,0,0,,249,128,,0,0,0,0
1602617410899,9,1010123456006,73,,1,0,2,1,2,,13.326,181,183703,0.136768,73,0,6,,4.91667,12,0,0.1,5,0,0,14.1402,31,,250,142,,0,0,0,1
1602617411149,9,1010123456006,73,,1,0,2,1,2,,16.8016,126,184027,0.128512,50,0,10,,0,0,0,0,0,0,0,0,0,,250,104,,0,0,0,0
1602617411399,9,1010123456006,73,,1,0,2,1,2,,21.6,190,183045,0.265216,76,0,11,,0,0,0,0,0,0,0,0,0,,250,154,,0,0,0,0
1602617411649,9,1010123456006,73,,1,0,2,1,2,,11.1034,116,183879,0.082048,52,0,7.5,,0,0,0,0,0,0,0,0,0,,250,98,,0,0,0,0
1602617411899,9,1010123456006,73,,1,0,2,1,2,,15.4257,148,184268,0.129216,60,0,9,,0,8,0,0,4,100,0,0,0,,250,122,,0,0,0,0
1602617412149,9,1010123456006,73,,1,0,2,1,2,,21.1389,108,184165,0.146528,43,0,0.1,,0,0,0,0,0,0,0,0,0,,250,86,,0,0,0,0
1602617412399,9,1010123456006,73,,1,0,2,1,2,,22.8988,168,183423,0.257344,66,0,12,,2.5,30,0,0.1,12,16.6667,0,3.09807,31,,250,134,,0,0,0,3.7
1602617412649,9,1010123456006,73,,1,0,2,1,2,,23.4639,166,183785,0.277248,68,0,0.1,,0,0,0,0,0,0,0,0,0,,250,134,,0,0,0,0
1602617412899,9,1010123456006,73,,1,0,2,1,2,,13.4678,171,184356,0.130784,71,0,7,,5.69048,42,0,0.1,17,23.5294,0,10.0746,31,,250,142,,0,0,0,2.71429
1602617413149,9,1010123456006,73,,1,0,2,1,2,,17.6601,153,183896,0.155232,61,0,10,,0,0,0,0,0,0,0,0,0,,250,124,,0,0,0,0
1602617413399,9,1010123456006,73,,1,0,2,1,2,,22.7947,151,182746,0.212288,56,0,12,,0,0,0,0,0,0,0,0,0,,251,118,,0,0,0,0
1602617413649,9,1010123456006,73,,1,0,2,1,2,,23.871,186,183612,0.319104,76,0,11.5,,0,0,0,0,0,0,0,0,0,,250,146,,0,0,0,0
1602617413899,9,1010123456006,73,,1,0,2,1,2,,24.0503,179,183007,0.297408,70,0,0.1,,7.8,60,0,0.1,24,62.5,0,4.6939,31,,250,144,,0,0,0,7
1602617414149,9,1010123456006,73,,1,0,2,1,2,,22.8483,178,183032,0.28576,74,0,12,,0,0,0,0,0,0,0,0,0,,250,146,,0,0,0,0
1602617414399,9,1010123456006,73,,1,0,2,1,2,,24.3333,135,183042,0.243456,56,0,12,,0,0,0,0,0,0,0,0,0,,250,110,,0,0,0,0
1602617414649,9,1010123456006,73,,1,0,2,1,2,,20.2205,195,184634,0.238112,75,0,11,,0,0,0,0,0,0,0,0,0,,250,148,,0,0,0,0
1602617414899,9,1010123456006,73,,1,0,2,1,2,,22.1375,160,184355,0.247743,63,0,12,,2.26562,64,0,0.1,26,30.7692,0,3.20116,31,,250,128,,0,0,0,4.01562
1602617415149,9,1010123456006,73,,1,0,2,1,2,,20.4109,129,183457,0.162699,52,0,11.5,,0,0,0,0,0,0,0,0,0,,250,106,,0,0,0,0
1602617415399,9,1010123456006,73,,1,0,2,1,2,,26.9524,168,184081,0.36064,70,0,13.6667,,0,0,0,0,0,0,0,0,0,,250,138,,0,0,0,0
1602617415649,9,1010123456006,73,,1,0,2,1,2,,21.7183,213,184042,0.343133,86,0,11,,0,0,0,0,0,0,0,0,0,,250,170,,0,0,0,0
1602617415899,9,1010123456006,73,,1,0,2,1,2,,23.0714,140,184375,0.211584,52,0,9.5,,1.46552,58,0,0.1,23,8.69565,0,5.61619,31,,250,112,,0,0,0,2.06897
1602617416149,9,1010123456006,73,,1,0,2,1,2,,23.4947,188,183568,0.326208,74,0,11.5,,0,0,0,0,0,0,0,0,0,,250,146,,0,0,0,0
1602617416399,9,1010123456006,73,,1,0,2,1,2,,23.5141,177,183343,0.298784,75,0,12.5,,0,0,0,0,0,0,0,0,0,,249,142,,0,0,0,0
1602617416649,9,1010123456006,73,,1,0,2,1,2,,24.6455,189,183788,0.317568,72,0,12,,0,0,0,0,0,0,0,0,0,,250,146,,0,0,0,0
1602617416899,9,1010123456006,73,,1,0,2,1,2,,21.0952,168,183326,0.245462,67,0,11.25,,12,12,0,0,4,100,0,3.52563,0,,249,138,,0,0,0,10
1602617417149,9,1010123456006,73,,1,0,2,1,2,,26.1373,153,184510,0.303647,63,0,11.25,,1.30435,23,0,0.1,9,0,0,4.54852,31,,249,120,,0,0,0,1.52174
1602617417399,9,1010123456006,73,,1,0,2,1,2,,13.8197,122,183151,0.087264,44,0,11,,0,0,0,0,0,0,0,0,0,,250,94,,0,0,0,0
1602617417649,9,1010123456006,73,,1,0,2,1,2,,17.2018,109,184037,0.11856,45,0,9.5,,0,0,0,0,0,0,0,0,0,,250,88,,0,0,0,0
1602617417899,9,1010123456006,73,,1,0,2,1,2,,26.7603,146,183251,0.294272,58,0,13.5,,6.88889,27,0,0.1,10,40,0,8.32781,31,,250,120,,0,0,0,5
1602617418149,9,1010123456006,73,,1,0,2,1,2,,25.6185,173,183824,0.330688,70,0,12.75,,0,0,0,0,0,0,0,0,0,,250,134,,0,0,0,0
1602617418399,9,1010123456006,73,,1,0,2,1,2,,23.5229,218,184457,0.346795,84,0,13.5,,0,0,0,0,0,0,0,0,0,,250,172,,0,0,0,0
1602617418649,9,1010123456006,73,,1,0,2,1,2,,25.2328,189,183835,0.357344,77,0,12,,0,0,0,0,0,0,0,0,0,,250,152,,0,0,0,0
1602617418899,9,1010123456006,73,,1,0,2,1,2,,25.2951,183,183554,0.347424,75,0,11,,2.87037,54,0,0.1,22,31.8182,0,5.46812,31,,250,148,,0,0,0,3.74074
1602617419149,9,1010123456006,73,,1,0,2,1,2,,26.3583,187,183538,0.369376,75,0,13.6667,,0,0,0,0,0,0,0,0,0,,250,154,,0,0,0,0
1602617419399,9,1010123456006,73,,1,0,2,1,2,,23.8947,171,184325,0.318496,69,0,10.6667,,0,0,0,0,0,0,0,0,0,,250,140,,0,0,0,0
1602617419649,9,1010123456006,73,,1,0,2,1,2,,24.1077,195,184063,0.333888,77,0,14,,0,0,0,0,0,0,0,0,0,,250,150,,0,0,0,0
1602617419899,9,1010123456006,73,,1,0,2,1,2,,25.8144,167,183144,0.314592,67,0,12,,2.31034,58,0,0.1,23,26.087,0,4.19271,31,,251,134,,0,0,0,3.46552
1602617420149,9,1010123456006,73,,1,0,2,1,2,,26.8344,151,183080,0.332224,62,0,12.25,,0,0,0,0,0,0,0,0,0,,250,128,,0,0,0,0
1602617420399,9,1010123456006,73,,1,0,2,1,2,,22.864,125,184107,0.194336,51,0,13,,0,0,0,0,0,0,0,0,0,,250,102,,0,0,0,0
1602617420649,9,1010123456006,73,,1,0,2,1,2,,24.343,172,183661,0.315392,72,0,12,,0,0,0,0,0,0,0,0,0,,250,138,,0,0,0,0
1602617420899,9,1010123456006,73,,1,0,2,1,2,,26.525,200,183253,0.381632,78,0,13,,7.17241,29,0,0.1,11,54.5455,0,6.90263,31,,250,160,,0,0,0,6.03448
1602617421149,9,1010123456006,73,,1,0,2,1,2,,25.2832,113,183747,0.216771,47,0,13,,0,0,0,0,0,0,0,0,0,,250,96,,0,0,0,0
1602617421399,9,1010123456006,73,,1,0,2,1,2,,26.0351,171,183805,0.341944,71,0,13,,0,0,0,0,0,0,0,0,0,,250,138,,0,0,0,0
1602617421649,9,1010123456006,73,,1,0,2,1,2,,26.592,174,183453,0.341365,69,0,0.1,,0,0,0,0,0,0,0,0,0,,250,140,,0,0,0,0
1602617421899,9,1010123456006,73,,1,0,2,1,2,,26.56,175,184285,0.35351,71,0,14,,4.86957,23,0,0.1,9,11.1111,0,5.3608,31,,250,140,,0,0,0,3.21739
1602617422149,9,1010123456006,73,,1,0,2,1,2,,27.698,202,183473,0.447072,79,0,13,,0,0,0,0,0,0,0,0,0,,250,160,,0,0,0,0
1602617422399,9,1010123456006,73,,1,0,2,1,2,,26.875,144,183741,0.33824,66,0,13.6667,,0,0,0,0,0,0,0,0,0,,249,126,,0,0,0,0
1602617422649,9,1010123456006,73,,1,0,2,1,2,,20.3415,164,184522,0.212928,66,0,9,,0,0,0,0,0,0,0,0,0,,251,134,,0,0,0,0
1602617422899,9,1010123456006,73,,1,0,2,1,2,,17.6164,146,184226,0.150208,58,0,0.1,,4.34783,23,0,0.1,10,30,0,4.40988,31,,250,118,,0,0,0,4.34783
1602617423149,9,1010123456006,73,,1,0,2,1,2,,25.4046,173,184336,0.322912,71,0,13,,0,0,0,0,0,0,0,0,0,,249,142,,0,0,0,0
1602617423399,9,1010123456006,73,,1,0,2,1,2,,24.7727,154,183392,0.271392,61,0,12.3333,,0,0,0,0,0,0,0,0,0,,249,122,,0,0,0,0
1602617423649,9,1010123456006,73,,1,0,2,1,2,,19.6813,182,183892,0.220736,72,0,9,,0,0,0,0,0,0,0,0,0,,249,148,,0,0,0,0
1602617423899,9,1010123456006,73,,1,0,2,1,2,,19.6313,198,183893,0.23872,82,0,13,,4.45161,31,0,0.1,13,0,0,7.48678,31,,250,160,,0,0,0,1.41935
1602617424149,9,1010123456006,73,,1,0,2,1,2,,25.4076,157,183845,0.291424,63,0,13,,0,0,0,0,0,0,0,0,0,,250,124,,0,0,0,0
1602617424399,9,1010123456006,73,,1,0,2,1,2,,27.0169,178,184493,0.35664,69,0,13.5,,0,0,0,0,0,0,0,0,0,,250,138,,0,0,0,0
1602617424649,9,1010123456006,73,,1,0,2,1,2,,26.6014,143,184317,0.29504,60,0,13,,0,0,0,0,0,0,0,0,0,,250,118,,0,0,0,0
1602617424899,9,1010123456006,73,,1,0,2,1,2,,23.2908,141,183003,0.222848,54,0,11,,2.30769,39,0,0.1,16,18.75,0,6.65326,31,,250,116,,0,0,0,3.02564
1602617425149,9,1010123456006,73,,1,0,2,1,2,,21.5959,193,183745,0.3056,80,0,10.75,,0,0,0,0,0,0,0,0,0,,250,158,,0,0,0,0
1602617425399,9,1010123456006,73,,1,0,2,1,2,,26.3562,219,183721,0.433312,89,0,0.1,,0,0,0,0,0,0,0,0,0,,250,176,,0,0,0,0
1602617425649,9,1010123456006,73,,1,0,2,1,2,,26.3122,189,184017,0.357696,74,0,13,,0,0,0,0,0,0,0,0,0,,250,152,,0,0,0,0
1602617425899,9,1010123456006,73,,1,0,2,1,2,,20.4,150,183326,0.23376,65,0,6,,0.1,46,0,0.1,19,0,0,2.17932,31,,250,124,,0,0,0,1.95652
1602617426149,9,1010123456006,73,,1,0,2,1,2,,23.598,199,184492,0.333365,77,0,13.3333,,0,0,0,0,0,0,0,0,0,,250,156,,0,0,0,0
1602617426399,9,1010123456006,73,,1,0,2,1,2,,26.5769,182,183516,0.364864,74,0,12,,0,0,0,0,0,0,0,0,0,,250,148,,0,0,0,0
1602617426649,9,1010123456006,73,,1,0,2,1,2,,24.4,160,183755,0.25728,60,0,13,,0,0,0,0,0,0,0,0,0,,251,128,,0,0,0,0
1602617426899,9,1010123456006,73,,1,0,2,1,2,,26.25,176,183593,0.352289,73,0,13,,0.703704,54,0,0.1,22,18.1818,0,4.67296,31,,250,140,,0,0,0,2.48148
1602617427149,9,1010123456006,73,,1,0,2,1,2,,24.858,176,183610,0.337248,75,0,12,,0,0,0,0,0,0,0,0,0,,250,148,,0,0,0,0
1602617427399,9,1010123456006,73,,1,0,2,1,2,,24.3174,230,183817,0.361888,85,0,13,,0,0,0,0,0,0,0,0,0,,250,174,,0,0,0,0
1602617427649,9,1010123456006,73,,1,0,2,1,2,,26.8249,177,184289,0.378496,76,0,0.1,,0,0,0,0,0,0,0,0,0,,250,146,,0,0,0,0
1602617427899,9,1010123456006,73,,1,0,2,1,2,,26.6522,207,183218,0.409312,83,0,13,,1.82857,35,0,0.1,14,0,0,6.66264,31,,250,168,,0,0,0,1.14286
1602617428149,9,1010123456006,73,,1,0,2,1,2,,26.8142,183,183226,0.381301,76,0,13,,0,0,0,0,0,0,0,0,0,,250,152,,0,0,0,0
1602617428399,9,1010123456006,73,,1,0,2,1,2,,25.743,179,183034,0.338432,72,0,13,,0,0,0,0,0,0,0,0,0,,250,144,,0,0,0,0
1602617428649,9,1010123456006,73,,1,0,2,1,2,,26.3386,127,184281,0.25152,52,0,13,,0,0,0,0,0,0,0,0,0,,250,102,,0,0,0,0
1602617428899,9,1010123456006,73,,1,0,2,1,2,,26.4478,134,183465,0.263872,54,0,7.5,,4.2069,29,0,0.1,12,33.3333,0,3.69582,31,,250,170,,0,0,0,3.68966
1602617429149,9,1010123456006,73,,1,0,2,1,2,,0,0,183465,0,0,0,0.1,,0,0,0,0,0,0,0,0,0,,250,142,,0,0,0,0
1602617429399,9,1010123456006,73,,1,0,2,1,2,,0,0,183465,0,0,0,0.1,,0,0,0,0,0,0,0,0,0,,250,140,,0,0,0,0
1602617429649,9,1010123456006,73,,1,0,2,1,2,,0,0,183465,0,0,0,0.1,,0,0,0,0,0,0,0,0,0,,249,152,,0,0,0,0
1602617429899,9,1010123456006,73,,1,0,2,1,2,,0,0,183465,0,0,0,0.1,,0,0,0,0,0,0,0,0,0,,250,148,,0,0,0,0
1602617430149,9,1010123456006,73,,1,0,2,1,2,,0,0,183465,0,0,0,0.1,,0,0,0,0,0,0,0,0,0,,250,106,,0,0,0,0
1602617430399,9,1010123456006,73,,1,0,2,1,2,,0,0,183465,0,0,0,0.1,,0,0,0,0,0,0,0,0,0,,250,140,,0,0,0,0
1602617430649,9,1010123456006,73,,1,0,2,1,2,,0,0,183465,0,0,0,0.1,,0,0,0,0,0,0,0,0,0,,250,144,,0,0,0,0
1602617430899,9,1010123456006,73,,1,0,2,1,2,,0,0,183465,0,0,0,0.1,,0,0,0,0,0,0,0,0,0,,250,126,,0,0,0,0
1602617431149,9,1010123456006,73,,1,0,2,1,2,,0,0,183465,0,0,0,0.1,,0,0,0,0,0,0,0,0,0,,250,134,,0,0,0,0
1602617431399,9,1010123456006,73,,1,0,2,1,2,,0,0,183465,0,0,0,0.1,,0,0,0,0,0,0,0,0,0,,250,134,,0,0,0,0
1602617431649,9,1010123456006,73,,1,0,2,1,2,,0,0,183465,0,0,0,0.1,,0,0,0,0,0,0,0,0,0,,250,116,,0,0,0,0
1602617431899,9,1010123456006,73,,1,0,2,1,2,,0,0,183465,0,0,0,0.1,,0,0,0,0,0,0,0,0,0,,250,110,,0,0,0,0
1602617432149,9,1010123456006,73,,1,0,2,1,2,,0,0,183465,0,0,0,0.1,,0,0,0,0,0,0,0,0,0,,250,110,,0,0,0,0
1602617432399,9,1010123456006,73,,1,0,2,1,2,,0,0,183465,0,0,0,0.1,,0,0,0,0,0,0,0,0,0,,250,76,,0,0,0,0
1602617432649,9,1010123456006,73,,1,0,2,1,2,,0,0,183465,0,0,0,0.1,,0,0,0,0,0,0,0,0,0,,250,128,,0,0,0,0
