time,cc,pci,earfcn,rsrp,pl,cfo,dl_mcs,dl_snr,dl_turbo,dl_brate,dl_bler,ul_ta,ul_mcs,ul_buff,ul_brate,ul_bler,rf_o,rf_u,rf_l,is_attached
0,0,0,4294967295,0.0,0.0,0.0,0.0,0.0,0.0,0.0,0.0,0.0,0.0,0.0,0.0,0.0,0.0,0.0,0.0,0.0
249,0,0,3400,0.0,0.0,0.0,0.0,0.0,0.0,0.0,0.0,0.0,0.0,0.0,0.0,0.0,0.0,0.0,0.0,0.0
498,0,0,3400,0.0,0.0,0.0,0.0,0.0,0.0,0.0,0.0,0.0,0.0,0.0,0.0,0.0,0.0,0.0,0.0,0.0
747,0,1,3400,0.0,0.0,0.0,0.0,0.0,0.0,0.0,0.0,0.0,0.0,0.0,0.0,0.0,0.0,0.0,0.0,0.0
996,0,1,3400,0.0,0.0,0.0,0.0,0.0,0.0,0.0,0.0,0.0,0.0,0.0,0.0,0.0,0.0,0.0,0.0,0.0
1245,0,1,3400,-62,62,565,1.2,26,0.28,1888.000000,0,0.0,0.0,0.0,224,0,0.0,0.0,1.0,0.0
1494,0,1,3400,-62,62,561,2.2,26,0.49,1024.000000,0,27,0.0,33,224,0,0.0,0.0,0.0,1.0
1743,0,1,3400,-62,62,561,3.2,26,0.50,4160.000000,0,27,5.2,34,50880.000000,8,0.0,0.0,0.0,1.0
1992,0,1,3400,-62,62,562,5.3,26,0.50,5312.000000,0,27,12,0.0,76128.000000,6,0.0,0.0,0.0,1.0
2241,0,1,3400,-61,61,562,8.8,27,0.50,23168.000000,0,27,13,0.0,141600.000000,27,0.0,0.0,0.0,1.0
2490,0,1,3400,-61,61,564,12,26,0.50,32640.000000,0,27,7.0,0.0,32480.000000,20,0.0,0.0,0.0,1.0
2739,0,1,3400,-61,61,563,10,27,0.50,49280.000000,0,27,4.5,0.0,896,0,0.0,0.0,0.0,1.0
2988,0,1,3400,-61,61,561,18,26,0.50,25760.000000,0,27,0.0,0.0,0.0,0.0,0.0,0.0,0.0,1.0
3237,0,1,3400,-61,61,564,13,27,0.50,26144.000000,0,27,0.83,0.0,23552.000000,14,0.0,0.0,0.0,1.0
3486,0,1,3400,-61,61,566,15,26,0.50,36608.000000,0,27,9.0,0.0,37504.000000,50,0.0,0.0,0.0,1.0
3735,0,1,3400,-61,61,563,16,26,0.50,38560.000000,0,27,7.6,0.0,2592.000000,0,0.0,0.0,0.0,1.0
3984,0,1,3400,-61,61,561,15,27,0.51,46208.000000,0,27,5.4,0.0,0.0,0.0,0.0,0.0,0.0,1.0
4233,0,1,3400,-60,60,561,16,27,0.64,41440.000000,6,27,4.8,0.0,12544.000000,0,0.0,0.0,0.0,1.0
4482,0,1,3400,-60,60,564,12,27,0.50,37600.000000,0,27,5.2,0.0,10912.000000,0,0.0,0.0,0.0,1.0
4731,0,1,3400,-60,60,566,13,27,0.50,63680.000000,0,27,9.0,0.0,0.0,0.0,0.0,0.0,0.0,1.0
4980,0,1,3400,-60,60,562,15,28,0.50,21216.000000,0,27,9.0,0.0,0.0,0.0,0.0,0.0,0.0,1.0
5229,0,1,3400,-59,59,566,16,27,0.50,52960.000000,0,27,8.9,0.0,21088.000000,33,0.0,0.0,0.0,1.0
5478,0,1,3400,-59,59,567,15,28,0.50,29216.000000,0,27,9.5,0.0,0.0,0.0,0.0,0.0,0.0,1.0
5727,0,1,3400,-59,59,566,12,27,0.50,71008.000000,0,27,9.5,0.0,0.0,0.0,0.0,0.0,0.0,1.0
5976,0,1,3400,-59,59,562,16,28,0.50,37248.000000,0,27,9.5,0.0,0.0,0.0,0.0,0.0,0.0,1.0
6225,0,1,3400,-59,59,561,12,28,0.50,36672.000000,0,27,6.9,0.0,13664.000000,0,0.0,0.0,0.0,1.0
6474,0,1,3400,-59,59,559,16,28,0.50,47840.000000,0,27,1.0,0.0,1568.000000,0,0.0,0.0,0.0,1.0
6723,0,1,3400,-59,59,562,15,28,0.50,63808.000000,0,27,1.0,0.0,0.0,0.0,0.0,0.0,0.0,1.0
6972,0,1,3400,-59,59,565,15,28,0.50,69600.000000,0,27,1.0,0.0,0.0,0.0,0.0,0.0,0.0,1.0
7221,0,1,3400,-58,58,565,16,28,0.54,74208.000000,0,27,0.96,0.0,19040.000000,0,0.0,0.0,0.0,1.0
7470,0,1,3400,-58,58,564,11,28,0.50,58816.000000,0,27,1.0,0.0,0.0,0.0,0.0,0.0,0.0,1.0
7719,0,1,3400,-58,58,562,15,29,0.50,32256.000000,0,27,0.27,0.0,1568.000000,0,0.0,0.0,0.0,1.0
7968,0,1,3400,-58,58,561,15,28,0.50,37184.000000,0,27,0.0,0.0,0.0,0.0,0.0,0.0,0.0,1.0
8217,0,1,3400,-58,58,563,11,29,0.52,43776.000000,0,27,0.90,0.0,25120.000000,0,0.0,0.0,0.0,1.0
8466,0,1,3400,-58,58,560,15,28,0.54,32576.000000,0,27,9.4,0.0,0.0,80,0.0,0.0,0.0,1.0
8715,0,1,3400,-59,59,561,14,28,0.50,52736.000000,0,27,10,0.0,0.0,0.0,0.0,0.0,0.0,1.0
8964,0,1,3400,-59,59,562,13,28,0.50,47552.000000,0,27,10,0.0,0.0,0.0,0.0,0.0,0.0,1.0
9213,0,1,3400,-59,59,565,15,28,0.50,63328.000000,0,27,6.6,0.0,13376.000000,0,0.0,0.0,0.0,1.0
9462,0,1,3400,-59,59,564,11,27,0.50,31968.000000,0,27,9.5,0.0,17056.000000,67,0.0,0.0,0.0,1.0
9711,0,1,3400,-60,60,562,15,27,0.50,42528.000000,0,27,9.5,0.0,0.0,0.0,0.0,0.0,0.0,1.0
9960,0,1,3400,-60,60,561,15,27,0.50,42336.000000,0,27,9.5,0.0,0.0,0.0,0.0,0.0,0.0,1.0
10209,0,1,3400,-60,60,564,15,27,0.50,15680.000000,0,27,8.9,0.0,16576.000000,0,0.0,0.0,0.0,1.0
10458,0,1,3400,-60,60,562,11,27,0.50,37120.000000,0,27,5.5,0.0,1504.000000,0,0.0,0.0,0.0,1.0
10707,0,1,3400,-60,60,564,14,27,0.75,72864.000000,4,27,5.5,0.0,0.0,0.0,0.0,0.0,0.0,1.0
10956,0,1,3400,-60,60,564,15,28,0.50,37184.000000,0,27,5.5,0.0,0.0,0.0,0.0,0.0,0.0,1.0
11205,0,1,3400,-60,60,560,13,27,0.50,26656.000000,0,27,4.3,0.0,13696.000000,0,0.0,0.0,0.0,1.0
11454,0,1,3400,-60,60,562,12,28,0.50,37184.000000,0,27,2.4,0.0,8768.000000,0,0.0,0.0,0.0,1.0
11703,0,1,3400,-60,60,568,16,27,0.54,36992.000000,0,27,3.5,0.0,0.0,0.0,0.0,0.0,0.0,1.0
11952,0,1,3400,-60,60,564,14,27,0.63,51328.000000,5,27,3.5,0.0,0.0,0.0,0.0,0.0,0.0,1.0
12201,0,1,3400,-60,60,563,17,27,0.50,48480.000000,0,27,3.5,0.0,8800.000000,0,0.0,0.0,0.0,1.0
12450,0,1,3400,-60,60,564,16,27,0.50,42336.000000,0,27,3.1,0.0,2592.000000,0,0.0,0.0,0.0,1.0
12699,0,1,3400,-61,61,562,16,27,0.50,31776.000000,0,27,2.5,0.0,0.0,0.0,0.0,0.0,0.0,1.0
12948,0,1,3400,-61,61,564,15,26,0.50,42528.000000,0,27,2.5,0.0,0.0,0.0,0.0,0.0,0.0,1.0
13197,0,1,3400,-61,61,564,14,26,0.50,20992.000000,0,27,2.8,0.0,22368.000000,0,0.0,0.0,0.0,1.0
13446,0,1,3400,-61,61,566,14,26,0.50,42560.000000,0,27,4.0,0.0,4256.000000,0,0.0,0.0,0.0,1.0
13695,0,1,3400,-62,62,566,16,26,0.50,42624.000000,0,27,4.0,0.0,0.0,0.0,0.0,0.0,0.0,1.0
13944,0,1,3400,-62,62,563,14,26,1.3,41216.000000,6,27,4.0,0.0,0.0,0.0,0.0,0.0,0.0,1.0
14193,0,1,3400,-61,61,562,16,26,0.50,47712.000000,0,27,4.5,0.0,14400.000000,0,0.0,0.0,0.0,1.0
14442,0,1,3400,-61,61,564,16,26,0.50,26784.000000,0,27,3.7,0.0,2592.000000,0,0.0,0.0,0.0,1.0
14691,0,1,3400,-61,61,562,16,27,0.50,36896.000000,0,27,3.0,0.0,0.0,0.0,0.0,0.0,0.0,1.0
14940,0,1,3400,-61,61,566,16,26,1.1,56064.000000,10,27,3.0,0.0,0.0,0.0,0.0,0.0,0.0,1.0
15189,0,1,3400,-61,61,565,13,26,0.50,21088.000000,0,27,3.8,0.0,16576.000000,0,0.0,0.0,0.0,1.0
15438,0,1,3400,-61,61,563,15,26,0.50,42496.000000,0,27,5.7,0.0,15520.000000,0,0.0,0.0,0.0,1.0
15687,0,1,3400,-61,61,563,17,26,0.50,26432.000000,0,27,10,0.0,0.0,0.0,0.0,0.0,0.0,1.0
15936,0,1,3400,-61,61,562,15,27,0.58,22912.000000,6,27,10,0.0,0.0,0.0,0.0,0.0,0.0,1.0
16185,0,1,3400,-61,61,563,17,26,0.59,40288.000000,0,27,11,0.0,24256.000000,0,0.0,0.0,0.0,1.0
16434,0,1,3400,-61,61,563,18,26,0.50,31840.000000,0,27,6.3,0.0,4256.000000,0,0.0,0.0,0.0,1.0
16683,0,1,3400,-62,62,563,16,26,0.51,32096.000000,0,27,5.5,0.0,0.0,0.0,0.0,0.0,0.0,1.0
16932,0,1,3400,-62,62,563,15,26,0.50,37440.000000,0,27,5.5,0.0,0.0,0.0,0.0,0.0,0.0,1.0
17181,0,1,3400,-62,62,564,16,26,0.51,79392.000000,0,27,5.0,0.0,13984.000000,0,0.0,0.0,0.0,1.0
17430,0,1,3400,-62,62,562,16,26,0.57,42656.000000,0,27,4.0,0.0,4256.000000,0,0.0,0.0,0.0,1.0
17679,0,1,3400,-62,62,562,17,26,0.50,52736.000000,0,27,4.0,0.0,0.0,0.0,0.0,0.0,0.0,1.0
17928,0,1,3400,-62,62,563,13,26,0.88,40608.000000,12,27,3.9,0.0,0.0,0.0,0.0,0.0,0.0,1.0
18177,0,1,3400,-62,62,562,16,26,0.50,21216.000000,0,27,5.8,0.0,0.0,80,0.0,0.0,0.0,1.0
18426,0,1,3400,-62,62,563,16,26,0.55,42720.000000,0,27,8.7,0.0,1568.000000,0,0.0,0.0,0.0,1.0
18675,0,1,3400,-62,62,563,17,26,0.50,21312.000000,0,27,7.5,0.0,0.0,0.0,0.0,0.0,0.0,1.0
18924,0,1,3400,-62,62,564,14,25,0.50,74368.000000,0,27,7.5,0.0,0.0,0.0,0.0,0.0,0.0,1.0
19173,0,1,3400,-62,62,562,16,26,0.50,42208.000000,0,27,7.9,0.0,43200.000000,0,0.0,0.0,0.0,1.0
19422,0,1,3400,-62,62,562,16,26,0.50,37280.000000,0,27,10,0.0,0.0,0.0,0.0,0.0,0.0,1.0
19671,0,1,3400,-62,62,565,17,26,0.50,26560.000000,0,27,10.0,0.0,0.0,80,0.0,0.0,0.0,1.0
19920,0,1,3400,-62,62,565,18,26,0.50,26560.000000,0,27,10,0.0,0.0,0.0,0.0,0.0,0.0,1.0
20169,0,1,3400,-62,62,564,16,26,0.82,41312.000000,6,27,7.8,0.0,10784.000000,0,0.0,0.0,0.0,1.0
20418,0,1,3400,-62,62,564,16,26,0.51,21120.000000,0,27,6.5,0.0,9376.000000,0,0.0,0.0,0.0,1.0
20667,0,1,3400,-62,62,564,16,26,0.50,37024.000000,0,27,5.1,0.0,4256.000000,0,0.0,0.0,0.0,1.0
20916,0,1,3400,-62,62,564,17,26,0.50,42336.000000,0,27,4.0,0.0,0.0,0.0,0.0,0.0,0.0,1.0
21165,0,1,3400,-62,62,563,15,26,0.50,31744.000000,0,27,4.0,0.0,9312.000000,0,0.0,0.0,0.0,1.0
21414,0,1,3400,-62,62,562,17,26,0.50,64064.000000,0,27,4.0,0.0,4256.000000,0,0.0,0.0,0.0,1.0
21663,0,1,3400,-62,62,564,17,26,0.50,37312.000000,0,27,4.0,0.0,0.0,0.0,0.0,0.0,0.0,1.0
21912,0,1,3400,-62,62,565,14,26,0.50,58144.000000,0,27,4.0,0.0,0.0,0.0,0.0,0.0,0.0,1.0
22161,0,1,3400,-61,61,566,15,26,0.50,26848.000000,0,27,3.2,0.0,9152.000000,0,0.0,0.0,0.0,1.0
22410,0,1,3400,-61,61,562,15,27,0.60,62400.000000,4,27,3.6,0.0,7200.000000,0,0.0,0.0,0.0,1.0
22659,0,1,3400,-61,61,562,15,26,0.50,52672.000000,0,27,4.5,0.0,0.0,0.0,0.0,0.0,0.0,1.0
22908,0,1,3400,-61,61,563,17,27,0.50,26688.000000,0,27,4.5,0.0,0.0,0.0,0.0,0.0,0.0,1.0
23157,0,1,3400,-60,60,565,16,26,0.50,26592.000000,0,27,4.0,0.0,12576.000000,0,0.0,0.0,0.0,1.0
23406,0,1,3400,-60,60,565,16,27,0.84,30944.000000,8,27,6.5,0.0,7200.000000,0,0.0,0.0,0.0,1.0
23655,0,1,3400,-60,60,568,15,27,0.68,21280.000000,0,27,6.5,0.0,0.0,0.0,0.0,0.0,0.0,1.0
23904,0,1,3400,-60,60,567,13,27,0.50,37440.000000,0,27,6.5,0.0,0.0,0.0,0.0,0.0,0.0,1.0
24153,0,1,3400,-60,60,564,15,27,0.50,58368.000000,0,27,6.6,0.0,11616.000000,0,0.0,0.0,0.0,1.0
24402,0,1,3400,-60,60,565,13,27,0.50,21184.000000,0,27,8.4,0.0,9376.000000,0,0.0,0.0,0.0,1.0
24651,0,1,3400,-60,60,567,15,28,0.50,31840.000000,0,27,8.5,0.0,0.0,0.0,0.0,0.0,0.0,1.0
24900,0,1,3400,-60,60,565,15,27,0.50,31648.000000,0,27,8.5,0.0,0.0,0.0,0.0,0.0,0.0,1.0
25149,0,1,3400,-60,60,562,15,28,0.50,37088.000000,0,27,6.7,0.0,12544.000000,0,0.0,0.0,0.0,1.0
25398,0,1,3400,-60,60,562,15,27,0.50,21536.000000,0,27,7.1,0.0,17056.000000,50,0.0,0.0,0.0,1.0
25647,0,1,3400,-60,60,562,16,28,0.50,37216.000000,0,27,9.0,0.0,0.0,0.0,0.0,0.0,0.0,1.0
25896,0,1,3400,-60,60,562,16,27,0.53,42336.000000,0,27,9.0,0.0,0.0,0.0,0.0,0.0,0.0,1.0
26145,0,1,3400,-60,60,565,15,27,0.50,42464.000000,0,27,6.3,0.0,8800.000000,0,0.0,0.0,0.0,1.0
26394,0,1,3400,-60,60,565,16,27,0.50,42400.000000,0,27,3.8,0.0,4256.000000,0,0.0,0.0,0.0,1.0
26643,0,1,3400,-60,60,562,9.8,27,0.50,59104.000000,0,27,4.0,0.0,0.0,0.0,0.0,0.0,0.0,1.0
26892,0,1,3400,-60,60,566,16,27,0.50,42688.000000,0,27,4.0,0.0,0.0,0.0,0.0,0.0,0.0,1.0
27141,0,1,3400,-60,60,563,16,27,0.58,72992.000000,4,27,4.0,0.0,23840.000000,0,0.0,0.0,0.0,1.0
27390,0,1,3400,-60,60,563,17,28,0.58,38304.000000,0,27,5.5,0.0,4256.000000,0,0.0,0.0,0.0,1.0
27639,0,1,3400,-60,60,565,18,27,0.58,47616.000000,0,27,5.5,0.0,0.0,0.0,0.0,0.0,0.0,1.0
27888,0,1,3400,-60,60,566,14,28,0.50,37568.000000,0,27,5.5,0.0,0.0,0.0,0.0,0.0,0.0,1.0
28137,0,1,3400,-60,60,562,16,27,0.50,52960.000000,0,27,4.9,0.0,8800.000000,0,0.0,0.0,0.0,1.0
28386,0,1,3400,-60,60,564,16,28,0.50,53472.000000,0,27,3.3,0.0,2592.000000,0,0.0,0.0,0.0,1.0
28635,0,1,3400,-60,60,562,16,27,0.50,26720.000000,0,27,3.0,0.0,0.0,0.0,0.0,0.0,0.0,1.0
28884,0,1,3400,-60,60,561,16,27,0.59,26848.000000,0,27,3.0,0.0,0.0,0.0,0.0,0.0,0.0,1.0
29133,0,1,3400,-60,60,564,16,27,0.82,30976.000000,8,27,2.6,0.0,15712.000000,0,0.0,0.0,0.0,1.0
29382,0,1,3400,-60,60,566,15,27,0.50,31872.000000,0,27,2.8,0.0,4256.000000,0,0.0,0.0,0.0,1.0
29631,0,1,3400,-61,61,563,16,27,0.50,15872.000000,0,27,2.6,0.0,2592.000000,0,0.0,0.0,0.0,1.0
29880,0,1,3400,-61,61,564,15,26,0.50,31616.000000,0,27,2.0,0.0,0.0,0.0,0.0,0.0,0.0,1.0
30129,0,1,3400,-61,61,564,14,26,0.50,42368.000000,0,27,1.4,0.0,10240.000000,0,0.0,0.0,0.0,1.0
30378,0,1,3400,-61,61,560,17,26,0.50,26656.000000,0,27,0.53,0.0,2592.000000,0,0.0,0.0,0.0,1.0
30627,0,1,3400,-62,62,561,16,26,0.50,37088.000000,0,27,0.99,0.0,0.0,0.0,0.0,0.0,0.0,1.0
30876,0,1,3400,-62,62,561,16,25,0.50,16160.000000,0,27,1.0,0.0,0.0,0.0,0.0,0.0,0.0,1.0
31125,0,1,3400,-62,62,565,17,26,0.71,25600.000000,10,27,1.3,0.0,16096.000000,0,0.0,0.0,0.0,1.0
31374,0,1,3400,-62,62,563,18,26,0.50,41280.000000,0,27,2.0,0.0,0.0,0.0,0.0,0.0,0.0,1.0
31623,0,1,3400,-62,62,566,17,26,0.50,43392.000000,0,27,2.0,0.0,0.0,0.0,0.0,0.0,0.0,1.0
31872,0,1,3400,-62,62,564,15,26,0.50,36896.000000,0,27,3.9,0.0,15520.000000,0,0.0,0.0,0.0,1.0
32121,0,1,3400,-62,62,562,14,26,0.50,56896.000000,0,27,7.4,0.0,18688.000000,13,0.0,0.0,0.0,1.0
32370,0,1,3400,-62,62,563,17,25,0.50,32288.000000,0,27,0.99,0.0,1504.000000,0,0.0,0.0,0.0,1.0
32619,0,1,3400,-63,63,564,12,25,0.50,50496.000000,0,27,0.99,0.0,0.0,0.0,0.0,0.0,0.0,1.0
32868,0,1,3400,-63,63,564,17,25,0.50,42656.000000,0,27,1.0,0.0,0.0,0.0,0.0,0.0,0.0,1.0
33117,0,1,3400,-63,63,563,17,25,0.50,58848.000000,0,27,1.8,0.0,10592.000000,0,0.0,0.0,0.0,1.0
33366,0,1,3400,-63,63,562,16,25,0.50,47904.000000,0,27,6.9,0.0,0.0,0.0,0.0,0.0,0.0,1.0
33615,0,1,3400,-63,63,565,14,25,0.50,10688.000000,0,27,9.0,0.0,9120.000000,50,0.0,0.0,0.0,1.0
33864,0,1,3400,-63,63,565,17,25,0.50,42784.000000,0,27,10,0.0,0.0,0.0,0.0,0.0,0.0,1.0
34113,0,1,3400,-63,63,565,11,25,0.50,45536.000000,0,27,8.1,0.0,30336.000000,5,0.0,0.0,0.0,1.0
34362,0,1,3400,-63,63,563,14,25,1.5,25632.000000,9,27,2.0,0.0,0.0,0.0,0.0,0.0,0.0,1.0
34611,0,1,3400,-63,63,563,15,25,0.68,64128.000000,0,27,2.0,0.0,0.0,0.0,0.0,0.0,0.0,1.0
34860,0,1,3400,-63,63,565,17,25,0.50,48288.000000,0,27,1.2,0.0,1568.000000,0,0.0,0.0,0.0,1.0
35109,0,1,3400,-63,63,564,17,25,0.50,21280.000000,0,27,0.84,186,1568.000000,0,0.0,0.0,0.0,1.0
35358,0,1,3400,-63,63,564,15,25,0.50,51744.000000,0,27,1.0,0.0,12960.000000,0,0.0,0.0,0.0,1.0
35607,0,1,3400,-63,63,563,15,25,0.50,50144.000000,0,27,1.0,0.0,0.0,0.0,0.0,0.0,0.0,1.0
35856,0,1,3400,-63,63,564,18,25,0.60,32128.000000,0,27,1.0,0.0,0.0,0.0,0.0,0.0,0.0,1.0
36105,0,1,3400,-63,63,563,16,25,0.50,26944.000000,0,27,0.76,0.0,10240.000000,0,0.0,0.0,0.0,1.0
36354,0,1,3400,-63,63,564,16,25,0.52,37632.000000,0,27,4.5,0.0,9376.000000,0,0.0,0.0,0.0,1.0
36603,0,1,3400,-63,63,565,14,25,0.50,26944.000000,0,27,4.5,0.0,0.0,0.0,0.0,0.0,0.0,1.0
36852,0,1,3400,-63,63,562,16,25,0.50,27296.000000,0,27,4.5,0.0,0.0,0.0,0.0,0.0,0.0,1.0
37101,0,1,3400,-63,63,566,15,25,0.50,32608.000000,0,27,3.8,0.0,31136.000000,11,0.0,0.0,0.0,1.0
37350,0,1,3400,-63,63,565,14,25,0.71,34912.000000,0,27,1.0,0.0,2592.000000,0,0.0,0.0,0.0,1.0
37599,0,1,3400,-63,63,564,16,25,0.50,59008.000000,0,27,1.0,0.0,0.0,0.0,0.0,0.0,0.0,1.0
37848,0,1,3400,-63,63,566,14,25,0.50,32192.000000,0,27,1.0,0.0,0.0,0.0,0.0,0.0,0.0,1.0
38097,0,1,3400,-63,63,563,16,24,0.50,21248.000000,0,27,1.0,0.0,22848.000000,0,0.0,0.0,0.0,1.0
38346,0,1,3400,-63,63,562,11,24,0.50,22528.000000,0,27,4.8,0.0,0.0,80,0.0,0.0,0.0,1.0
38595,0,1,3400,-64,64,564,12,24,0.50,53760.000000,0,27,9.5,0.0,0.0,0.0,0.0,0.0,0.0,1.0
38844,0,1,3400,-64,64,567,17,24,0.50,21376.000000,0,27,9.5,0.0,0.0,0.0,0.0,0.0,0.0,1.0
39093,0,1,3400,-64,64,562,17,24,0.50,21216.000000,0,27,8.5,0.0,15904.000000,0,0.0,0.0,0.0,1.0
39342,0,1,3400,-64,64,563,17,24,0.50,26400.000000,0,27,1.8,0.0,2592.000000,0,0.0,0.0,0.0,1.0
39591,0,1,3400,-65,65,565,16,23,0.50,58368.000000,0,27,1.00,0.0,0.0,0.0,0.0,0.0,0.0,1.0
39840,0,1,3400,-65,65,566,17,23,0.50,79904.000000,0,27,1.0,0.0,0.0,0.0,0.0,0.0,0.0,1.0
40089,0,1,3400,-65,65,566,14,23,0.50,37792.000000,0,27,0.98,0.0,17280.000000,0,0.0,0.0,0.0,1.0
40338,0,1,3400,-65,65,563,13,23,0.50,60128.000000,0,27,1.0,0.0,1568.000000,0,0.0,0.0,0.0,1.0
40587,0,1,3400,-66,66,564,15,22,0.50,53952.000000,0,27,1.0,0.0,0.0,0.0,0.0,0.0,0.0,1.0
40836,0,1,3400,-66,66,566,12,22,0.52,26880.000000,0,27,1.0,0.0,0.0,0.0,0.0,0.0,0.0,1.0
41085,0,1,3400,-66,66,566,16,22,0.59,27136.000000,0,27,2.7,0.0,111552.000000,0,0.0,0.0,0.0,1.0
41334,0,1,3400,-66,66,561,11,22,0.50,37856.000000,0,27,15,0.0,15520.000000,33,0.0,0.0,0.0,1.0
41583,0,1,3400,-66,66,560,19,22,0.50,48416.000000,0,27,15,0.0,0.0,0.0,0.0,0.0,0.0,1.0
41832,0,1,3400,-66,66,561,16,22,0.50,26656.000000,0,27,15,0.0,0.0,0.0,0.0,0.0,0.0,1.0
42081,0,1,3400,-66,66,565,13,22,0.60,53728.000000,0,27,15,0.0,23488.000000,17,0.0,0.0,0.0,1.0
42330,0,1,3400,-66,66,566,18,22,0.54,37472.000000,0,27,14,0.0,17056.000000,67,0.0,0.0,0.0,1.0
42579,0,1,3400,-67,67,565,13,22,0.50,42912.000000,0,27,13,0.0,0.0,0.0,0.0,0.0,0.0,1.0
42828,0,1,3400,-67,67,563,8.9,22,0.50,10880.000000,0,27,13,0.0,0.0,0.0,0.0,0.0,0.0,1.0
43077,0,1,3400,-66,66,561,13,22,0.50,37984.000000,0,27,12,0.0,22048.000000,0,0.0,0.0,0.0,1.0
43326,0,1,3400,-66,66,561,14,22,0.50,43264.000000,0,27,3.1,0.0,2592.000000,0,0.0,0.0,0.0,1.0
43575,0,1,3400,-66,66,563,14,22,0.50,48736.000000,0,27,3.0,0.0,0.0,0.0,0.0,0.0,0.0,1.0
43824,0,1,3400,-66,66,564,14,22,0.50,54240.000000,0,27,3.0,0.0,0.0,0.0,0.0,0.0,0.0,1.0
44073,0,1,3400,-66,66,568,12,22,0.50,32768.000000,0,27,3.4,0.0,27712.000000,0,0.0,0.0,0.0,1.0
44322,0,1,3400,-66,66,564,13,22,0.50,43072.000000,0,27,8.8,0.0,4256.000000,0,0.0,0.0,0.0,1.0
44571,0,1,3400,-67,67,562,11,22,0.50,32736.000000,0,27,9.5,0.0,0.0,0.0,0.0,0.0,0.0,1.0
44820,0,1,3400,-67,67,563,11,21,0.50,48864.000000,0,27,9.5,0.0,0.0,0.0,0.0,0.0,0.0,1.0
45069,0,1,3400,-67,67,563,15,22,0.50,42624.000000,0,27,6.8,0.0,15040.000000,0,0.0,0.0,0.0,1.0
45318,0,1,3400,-67,67,563,14,22,0.50,21664.000000,0,27,3.3,0.0,2592.000000,0,0.0,0.0,0.0,1.0
45567,0,1,3400,-67,67,565,16,21,0.50,32256.000000,0,27,3.0,0.0,0.0,0.0,0.0,0.0,0.0,1.0
45816,0,1,3400,-67,67,565,13,22,0.50,38144.000000,0,27,3.0,0.0,0.0,0.0,0.0,0.0,0.0,1.0
46065,0,1,3400,-67,67,566,11,22,0.50,38240.000000,0,27,2.9,0.0,19040.000000,0,0.0,0.0,0.0,1.0
46314,0,1,3400,-67,67,567,11,22,0.53,53824.000000,0,27,2.2,0.0,1568.000000,0,0.0,0.0,0.0,1.0
46563,0,1,3400,-67,67,568,11,22,0.56,40256.000000,0,27,2.0,0.0,0.0,0.0,0.0,0.0,0.0,1.0
46812,0,1,3400,-67,67,565,14,22,0.74,21696.000000,0,27,2.0,0.0,0.0,0.0,0.0,0.0,0.0,1.0
47061,0,1,3400,-67,67,563,17,22,0.50,22592.000000,0,27,2.9,0.0,11904.000000,0,0.0,0.0,0.0,1.0
47310,0,1,3400,-67,67,561,11,21,0.50,37728.000000,0,27,4.5,0.0,2592.000000,0,0.0,0.0,0.0,1.0
47559,0,1,3400,-67,67,561,10,21,0.50,37088.000000,0,27,4.5,0.0,0.0,0.0,0.0,0.0,0.0,1.0
47808,0,1,3400,-67,67,563,13,22,0.50,51680.000000,0,27,4.5,0.0,0.0,0.0,0.0,0.0,0.0,1.0
48057,0,1,3400,-66,66,567,11,22,0.50,21888.000000,0,27,5.0,0.0,77760.000000,0,0.0,0.0,0.0,1.0
48306,0,1,3400,-66,66,567,11,22,0.50,32256.000000,0,27,12,0.0,0.0,0.0,0.0,0.0,0.0,1.0
48555,0,1,3400,-66,66,564,15,22,0.50,59040.000000,0,27,13,0.0,10912.000000,0,0.0,0.0,0.0,1.0
48804,0,1,3400,-66,66,567,17,22,0.50,58496.000000,0,27,16,0.0,0.0,0.0,0.0,0.0,0.0,1.0
49053,0,1,3400,-65,65,565,15,23,0.53,42688.000000,0,27,16,0.0,17056.000000,33,0.0,0.0,0.0,1.0
49302,0,1,3400,-65,65,560,17,23,0.50,26688.000000,0,27,16,0.0,0.0,0.0,0.0,0.0,0.0,1.0
49551,0,1,3400,-65,65,563,13,23,0.50,37600.000000,0,27,15,0.0,0.0,0.0,0.0,0.0,0.0,1.0
49800,0,1,3400,-65,65,563,13,23,0.50,16064.000000,0,27,16,0.0,0.0,0.0,0.0,0.0,0.0,1.0
50049,0,1,3400,-65,65,567,17,23,0.50,53184.000000,0,27,14,0.0,35712.000000,7,0.0,0.0,0.0,1.0
50298,0,1,3400,-65,65,567,16,24,0.50,40576.000000,0,27,15,0.0,0.0,0.0,0.0,0.0,0.0,1.0
50547,0,1,3400,-65,65,565,15,23,0.50,44896.000000,0,27,15,0.0,0.0,0.0,0.0,0.0,0.0,1.0
50796,0,1,3400,-65,65,563,17,23,0.50,47872.000000,0,27,15,0.0,0.0,0.0,0.0,0.0,0.0,1.0
51045,0,1,3400,-65,65,562,16,23,0.50,31744.000000,0,27,9.6,0.0,13728.000000,0,0.0,0.0,0.0,1.0
51294,0,1,3400,-65,65,561,17,23,0.50,31808.000000,0,27,3.5,0.0,4256.000000,0,0.0,0.0,0.0,1.0
51543,0,1,3400,-66,66,563,14,22,0.50,43680.000000,0,27,3.5,0.0,0.0,0.0,0.0,0.0,0.0,1.0
51792,0,1,3400,-66,66,563,17,23,0.50,26688.000000,0,27,3.5,0.0,0.0,0.0,0.0,0.0,0.0,1.0
52041,0,1,3400,-66,66,565,15,22,0.50,16288.000000,0,27,4.5,0.0,0.0,80,0.0,0.0,0.0,1.0
52290,0,1,3400,-66,66,568,15,23,0.50,48032.000000,0,27,9.5,0.0,0.0,0.0,0.0,0.0,0.0,1.0
52539,0,1,3400,-66,66,566,14,22,0.50,53600.000000,0,27,9.4,0.0,4256.000000,0,0.0,0.0,0.0,1.0
52788,0,1,3400,-66,66,566,13,22,0.50,32384.000000,0,27,9.5,0.0,0.0,0.0,0.0,0.0,0.0,1.0
53037,0,1,3400,-66,66,565,9.5,22,0.50,27168.000000,0,27,9.2,58,1568.000000,0,0.0,0.0,0.0,1.0
53286,0,1,3400,-66,66,564,11,22,0.50,38208.000000,0,27,4.0,0.0,17312.000000,0,0.0,0.0,0.0,1.0
53535,0,1,3400,-67,67,562,11,22,0.50,27264.000000,0,27,4.0,0.0,0.0,0.0,0.0,0.0,0.0,1.0
53784,0,1,3400,-67,67,564,12,21,0.50,32608.000000,0,27,4.0,0.0,0.0,0.0,0.0,0.0,0.0,1.0
54033,0,1,3400,-67,67,566,11,21,0.50,34784.000000,0,27,4.8,0.0,10880.000000,0,0.0,0.0,0.0,1.0
54282,0,1,3400,-67,67,567,12,21,0.50,41600.000000,0,27,6.5,0.0,0.0,0.0,0.0,0.0,0.0,1.0
54531,0,1,3400,-68,68,564,12,21,0.50,38304.000000,0,27,6.5,0.0,0.0,0.0,0.0,0.0,0.0,1.0
54780,0,1,3400,-68,68,566,11,21,0.50,22048.000000,0,27,6.5,0.0,0.0,0.0,0.0,0.0,0.0,1.0
55029,0,1,3400,-68,68,564,14,20,0.50,76160.000000,0,27,6.2,0.0,23584.000000,0,0.0,0.0,0.0,1.0
55278,0,1,3400,-68,68,566,9.2,21,0.57,66176.000000,0,27,3.5,0.0,0.0,0.0,0.0,0.0,0.0,1.0
55527,0,1,3400,-68,68,568,11,21,0.50,38112.000000,0,27,3.5,0.0,0.0,0.0,0.0,0.0,0.0,1.0
55776,0,1,3400,-68,68,568,12,21,0.50,49184.000000,0,27,3.5,0.0,0.0,0.0,0.0,0.0,0.0,1.0
56025,0,1,3400,-68,68,566,12,20,0.50,60000.000000,0,27,4.5,0.0,53056.000000,0,0.0,0.0,0.0,1.0
56274,0,1,3400,-68,68,563,11,20,0.50,54656.000000,0,27,8.0,0.0,0.0,0.0,0.0,0.0,0.0,1.0
56523,0,1,3400,-69,69,564,11,20,0.50,32960.000000,0,27,9.7,0.0,17056.000000,33,0.0,0.0,0.0,1.0
56772,0,1,3400,-69,69,564,12,20,0.50,16320.000000,0,27,11,0.0,0.0,0.0,0.0,0.0,0.0,1.0
57021,0,1,3400,-69,69,566,11,20,0.50,62112.000000,0,27,10,0.0,34560.000000,0,0.0,0.0,0.0,1.0
57270,0,1,3400,-69,69,567,11,20,0.50,63392.000000,0,27,9.0,0.0,0.0,0.0,0.0,0.0,0.0,1.0
57519,0,1,3400,-69,69,567,13,20,0.50,40192.000000,0,27,5.7,0.0,1568.000000,0,0.0,0.0,0.0,1.0
57768,0,1,3400,-69,69,565,12,20,0.50,41280.000000,0,27,4.9,0.0,17056.000000,0,0.0,0.0,0.0,1.0
58017,0,1,3400,-69,69,563,11,19,0.50,38528.000000,0,27,6.2,0.0,8576.000000,0,0.0,0.0,0.0,1.0
58266,0,1,3400,-69,69,563,11,19,0.50,21664.000000,0,27,3.6,0.0,9376.000000,0,0.0,0.0,0.0,1.0
58515,0,1,3400,-70,70,566,9.5,19,0.50,37920.000000,0,27,6.5,0.0,0.0,0.0,0.0,0.0,0.0,1.0
58764,0,1,3400,-70,70,564,10,19,0.50,16192.000000,0,27,6.5,0.0,0.0,0.0,0.0,0.0,0.0,1.0
59013,0,1,3400,-69,69,566,11,19,0.50,54240.000000,0,27,6.1,0.0,10976.000000,0,0.0,0.0,0.0,1.0
59262,0,1,3400,-69,69,568,11,19,0.50,48736.000000,0,27,5.5,0.0,0.0,0.0,0.0,0.0,0.0,1.0
59511,0,1,3400,-69,69,568,10,20,0.50,49184.000000,0,27,5.5,0.0,0.0,0.0,0.0,0.0,0.0,1.0
59760,0,1,3400,-69,69,570,11,20,0.50,38080.000000,0,27,5.5,0.0,0.0,0.0,0.0,0.0,0.0,1.0
60009,0,1,3400,-69,69,569,9.2,20,0.57,30528.000000,6,27,5.6,0.0,8928.000000,0,0.0,0.0,0.0,1.0
60258,0,1,3400,-69,69,567,11,20,0.50,27168.000000,0,27,6.0,0.0,0.0,0.0,0.0,0.0,0.0,1.0
60507,0,1,3400,-69,69,567,11,20,0.50,48608.000000,0,27,6.0,0.0,0.0,0.0,0.0,0.0,0.0,1.0
60756,0,1,3400,-69,69,565,13,20,0.50,37888.000000,0,27,6.0,0.0,0.0,0.0,0.0,0.0,0.0,1.0
61005,0,1,3400,-68,68,564,11,20,0.65,47840.000000,4,27,6.0,0.0,0.0,0,0.0,0.0,0.0,1.0
61254,0,1,3400,-68,68,564,12,20,0.50,32288.000000,0,27,4.1,0.0,14016.000000,0,0.0,0.0,0.0,1.0
61503,0,1,3400,-68,68,564,9.4,21,0.50,59744.000000,0,27,4.0,0.0,0.0,0.0,0.0,0.0,0.0,1.0
61752,0,1,3400,-68,68,563,12,21,0.50,27296.000000,0,27,4.0,0.0,0.0,0.0,0.0,0.0,0.0,1.0
62001,0,1,3400,-68,68,565,10,21,0.50,16416.000000,0,27,4.6,0.0,23488.000000,0,0.0,0.0,0.0,1.0
62250,0,1,3400,-68,68,566,10,21,0.50,16320.000000,0,27,7.5,0.0,0.0,0.0,0.0,0.0,0.0,1.0
62499,0,1,3400,-68,68,568,11,21,0.50,59200.000000,0,27,7.5,0.0,0.0,0.0,0.0,0.0,0.0,1.0
62748,0,1,3400,-68,68,567,10,21,0.50,43616.000000,0,27,12,0.0,17056.000000,33,0.0,0.0,0.0,1.0
62997,0,1,3400,-68,68,566,11,21,0.50,38176.000000,0,27,12,0.0,86784.000000,14,0.0,0.0,0.0,1.0
63246,0,1,3400,-68,68,565,11,21,0.50,43424.000000,0,27,11,0.0,4256.000000,0,0.0,0.0,0.0,1.0
63495,0,1,3400,-68,68,563,11,21,0.50,37824.000000,0,27,10,0.0,0.0,0.0,0.0,0.0,0.0,1.0
63744,0,1,3400,-68,68,563,12,21,0.56,53248.000000,4,27,10,0.0,0.0,0.0,0.0,0.0,0.0,1.0
63993,0,1,3400,-68,68,565,9.2,21,0.50,38880.000000,0,27,11,0.0,77504.000000,35,0.0,0.0,0.0,1.0
64242,0,1,3400,-68,68,567,9.9,20,0.50,32832.000000,0,27,16,0.0,0.0,0.0,0.0,0.0,0.0,1.0
64491,0,1,3400,-68,68,564,11,21,0.50,26976.000000,0,27,16,0.0,0.0,0.0,0.0,0.0,0.0,1.0
64740,0,1,3400,-68,68,563,10,20,0.50,32480.000000,0,27,16,0.0,0.0,0.0,0.0,0.0,0.0,1.0
64989,0,1,3400,-68,68,563,9.0,20,0.50,43264.000000,0,27,16,186,0.0,0,0.0,0.0,0.0,1.0
65238,0,1,3400,-68,68,565,12,20,0.50,16352.000000,0,27,3.7,0.0,10784.000000,0,0.0,0.0,0.0,1.0
65487,0,1,3400,-69,69,565,12,20,0.50,38144.000000,0,27,3.5,0.0,0.0,0.0,0.0,0.0,0.0,1.0
65736,0,1,3400,-69,69,566,12,20,0.50,38080.000000,0,27,5.3,0.0,9376.000000,0,0.0,0.0,0.0,1.0
65985,0,1,3400,-69,69,565,11,19,0.50,16192.000000,0,27,6.6,0.0,14400.000000,0,0.0,0.0,0.0,1.0
66234,0,1,3400,-69,69,564,11,19,0.50,40448.000000,0,27,7.0,0.0,0.0,0.0,0.0,0.0,0.0,1.0
66483,0,1,3400,-70,70,566,12,19,0.50,46464.000000,0,27,7.0,0.0,0.0,0.0,0.0,0.0,0.0,1.0
66732,0,1,3400,-70,70,566,11,19,0.50,49088.000000,0,27,7.0,0.0,0.0,0.0,0.0,0.0,0.0,1.0
66981,0,1,3400,-70,70,564,12,19,0.50,32768.000000,0,27,7.0,186,0.0,0,0.0,0.0,0.0,1.0
67230,0,1,3400,-70,70,564,12,19,0.50,21536.000000,0,27,14,0.0,169536.000000,9,0.0,0.0,0.0,1.0
67479,0,1,3400,-70,70,566,10,19,0.50,32704.000000,0,27,15,0.0,0.0,0.0,0.0,0.0,0.0,1.0
67728,0,1,3400,-70,70,568,12,19,0.50,50912.000000,0,27,15,0.0,0.0,0.0,0.0,0.0,0.0,1.0
67977,0,1,3400,-70,70,567,6.4,18,0.50,25792.000000,0,27,13,0.0,9088.000000,0,0.0,0.0,0.0,1.0
68226,0,1,3400,-70,70,563,12,18,0.56,27360.000000,0,27,1.5,0.0,0.0,0.0,0.0,0.0,0.0,1.0
68475,0,1,3400,-71,71,565,9.7,18,0.50,43840.000000,0,27,1.5,0.0,0.0,0.0,0.0,0.0,0.0,1.0
68724,0,1,3400,-71,71,564,9.5,18,0.50,60832.000000,0,27,1.5,0.0,0.0,0.0,0.0,0.0,0.0,1.0
68973,0,1,3400,-71,71,564,12,18,0.50,32352.000000,0,27,2.5,0.0,16576.000000,0,0.0,0.0,0.0,1.0
69222,0,1,3400,-71,71,563,9.9,18,0.50,55104.000000,0,27,8.0,0.0,0.0,0.0,0.0,0.0,0.0,1.0
69471,0,1,3400,-71,71,563,9.1,18,0.50,33248.000000,0,27,8.0,0.0,0.0,0.0,0.0,0.0,0.0,1.0
69720,0,1,3400,-71,71,566,7.6,18,0.50,44096.000000,0,27,8.0,0.0,0.0,0.0,0.0,0.0,0.0,1.0
69969,0,1,3400,-70,70,566,10,18,0.50,60000.000000,0,27,8.9,0.0,107808.000000,0,0.0,0.0,0.0,1.0
70218,0,1,3400,-70,70,565,11,18,0.50,47840.000000,0,27,12,0.0,0.0,0.0,0.0,0.0,0.0,1.0
70467,0,1,3400,-70,70,565,12,19,0.50,22816.000000,0,27,12,0.0,0.0,0.0,0.0,0.0,0.0,1.0
70716,0,1,3400,-70,70,563,12,19,0.50,43776.000000,0,27,12,0.0,0.0,0.0,0.0,0.0,0.0,1.0
70965,0,1,3400,-70,70,564,12,19,0.50,38848.000000,0,27,7.9,0.0,13408.000000,0,0.0,0.0,0.0,1.0
71214,0,1,3400,-70,70,563,9.0,19,0.50,53696.000000,0,27,1.5,0.0,0.0,0.0,0.0,0.0,0.0,1.0
71463,0,1,3400,-70,70,562,11,19,0.60,47488.000000,4,27,1.5,0.0,0.0,0.0,0.0,0.0,0.0,1.0
71712,0,1,3400,-70,70,562,10,19,0.50,48640.000000,0,27,1.7,0.0,4256.000000,0,0.0,0.0,0.0,1.0
71961,0,1,3400,-70,70,564,9.4,18,0.50,21664.000000,0,27,3.0,0.0,0.0,0.0,0.0,0.0,0.0,1.0
72210,0,1,3400,-70,70,566,10,18,0.50,48192.000000,0,27,6.1,0.0,17408.000000,0,0.0,0.0,0.0,1.0
72459,0,1,3400,-71,71,567,11,18,0.50,27584.000000,0,27,5.6,0.0,1504.000000,0,0.0,0.0,0.0,1.0
72708,0,1,3400,-71,71,567,13,18,0.50,32704.000000,0,27,3.0,0.0,0.0,0.0,0.0,0.0,0.0,1.0
72957,0,1,3400,-70,70,566,12,18,0.52,65056.000000,0,27,3.1,0.0,21312.000000,0,0.0,0.0,0.0,1.0
73206,0,1,3400,-70,70,563,13,19,0.50,27296.000000,0,27,1.8,0.0,2592.000000,0,0.0,0.0,0.0,1.0
73455,0,1,3400,-70,70,564,12,19,0.50,59904.000000,0,27,1.0,0.0,0.0,0.0,0.0,0.0,0.0,1.0
73704,0,1,3400,-70,70,564,11,19,0.50,27328.000000,0,27,1.0,0.0,0.0,0.0,0.0,0.0,0.0,1.0
73953,0,1,3400,-69,69,566,11,19,0.50,27264.000000,0,27,1.7,0.0,10784.000000,0,0.0,0.0,0.0,1.0
74202,0,1,3400,-69,69,567,9.2,19,0.50,55136.000000,0,27,3.5,0.0,0.0,0.0,0.0,0.0,0.0,1.0
74451,0,1,3400,-69,69,566,12,20,0.50,32640.000000,0,27,3.5,0.0,0.0,0.0,0.0,0.0,0.0,1.0
74700,0,1,3400,-69,69,567,11,20,0.50,50976.000000,0,27,3.5,0.0,0.0,0.0,0.0,0.0,0.0,1.0
74949,0,1,3400,-69,69,563,9.6,20,0.50,40544.000000,0,27,3.1,0.0,14112.000000,0,0.0,0.0,0.0,1.0
75198,0,1,3400,-69,69,561,12,20,0.50,39264.000000,0,27,0.012,0.0,0.0,0.0,0.0,0.0,0.0,1.0
75447,0,1,3400,-69,69,561,12,20,0.50,32512.000000,0,27,0.0,0.0,0.0,0.0,0.0,0.0,0.0,1.0
75696,0,1,3400,-69,69,561,12,19,0.50,54272.000000,0,27,0.0,0.0,0.0,0.0,0.0,0.0,0.0,1.0
75945,0,1,3400,-69,69,564,13,19,0.50,26976.000000,0,27,1.3,0.0,0.0,80,0.0,0.0,0.0,1.0
76194,0,1,3400,-69,69,566,12,19,0.50,37632.000000,0,27,7.5,0.0,0.0,0.0,0.0,0.0,0.0,1.0
76443,0,1,3400,-70,70,565,13,19,0.50,32576.000000,0,27,7.5,0.0,0.0,0.0,0.0,0.0,0.0,1.0
76692,0,1,3400,-70,70,568,14,19,0.65,27264.000000,0,27,7.5,0.0,0.0,0.0,0.0,0.0,0.0,1.0
76941,0,1,3400,-70,70,566,8.9,19,0.50,27360.000000,0,27,4.7,0.0,18560.000000,0,0.0,0.0,0.0,1.0
77190,0,1,3400,-70,70,564,12,19,0.58,43584.000000,0,27,2.0,0.0,4256.000000,0,0.0,0.0,0.0,1.0
77439,0,1,3400,-70,70,562,12,19,0.50,32320.000000,0,27,2.0,0.0,0.0,0.0,0.0,0.0,0.0,1.0
77688,0,1,3400,-70,70,568,12,19,0.79,52992.000000,4,27,2.0,0.0,0.0,0.0,0.0,0.0,0.0,1.0
77937,0,1,3400,-70,70,568,12,19,0.50,64800.000000,0,27,1.4,0.0,13248.000000,0,0.0,0.0,0.0,1.0
78186,0,1,3400,-70,70,566,11,19,0.50,32544.000000,0,27,0.0,0.0,0.0,0.0,0.0,0.0,0.0,1.0
78435,0,1,3400,-70,70,565,11,19,0.52,27296.000000,0,27,0.0,0.0,0.0,0.0,0.0,0.0,0.0,1.0
78684,0,1,3400,-70,70,562,12,19,0.51,27232.000000,0,27,0.0,0.0,0.0,0.0,0.0,0.0,0.0,1.0
78933,0,1,3400,-70,70,562,12,19,0.56,53152.000000,4,27,0.21,0.0,9632.000000,0,0.0,0.0,0.0,1.0
79182,0,1,3400,-70,70,564,8.5,19,0.75,61984.000000,0,27,0.51,0.0,0.0,0.0,0.0,0.0,0.0,1.0
79431,0,1,3400,-70,70,567,13,19,0.50,37664.000000,0,27,0.50,0.0,0.0,0.0,0.0,0.0,0.0,1.0
79680,0,1,3400,-70,70,566,12,19,0.50,37952.000000,0,27,0.50,0.0,0.0,0.0,0.0,0.0,0.0,1.0
79929,0,1,3400,-70,70,565,9.7,19,0.50,21728.000000,0,27,0.52,0.0,11616.000000,0,0.0,0.0,0.0,1.0
80178,0,1,3400,-70,70,565,12,18,0.50,21856.000000,0,27,0.012,0.0,0.0,0.0,0.0,0.0,0.0,1.0
80427,0,1,3400,-71,71,565,9.9,18,0.51,60000.000000,0,27,0.024,0.0,0.0,0.0,0.0,0.0,0.0,1.0
80676,0,1,3400,-71,71,568,9.3,18,0.50,43776.000000,0,27,0.012,0.0,0.0,0.0,0.0,0.0,0.0,1.0
80925,0,1,3400,-71,71,566,11,18,0.50,54304.000000,0,27,0.024,0.0,15648.000000,0,0.0,0.0,0.0,1.0
81174,0,1,3400,-71,71,565,11,17,0.65,54080.000000,0,27,0.048,0.0,0.0,0.0,0.0,0.0,0.0,1.0
81423,0,1,3400,-72,72,564,9.5,17,0.56,48704.000000,2,27,0.012,0.0,0.0,0.0,0.0,0.0,0.0,1.0
81672,0,1,3400,-72,72,566,12,17,0.80,37824.000000,0,27,0.024,0.0,0.0,0.0,0.0,0.0,0.0,1.0
81921,0,1,3400,-72,72,564,12,17,0.50,27200.000000,0,27,1.2,0.0,25312.000000,0,0.0,0.0,0.0,1.0
82170,0,1,3400,-72,72,565,11,17,0.50,55104.000000,0,27,4.5,0.0,0.0,0.0,0.0,0.0,0.0,1.0
82419,0,1,3400,-72,72,565,12,17,0.50,21856.000000,0,27,4.5,0.0,0.0,0.0,0.0,0.0,0.0,1.0
82668,0,1,3400,-72,72,564,11,17,0.50,60544.000000,0,27,4.5,0.0,0.0,0.0,0.0,0.0,0.0,1.0
82917,0,1,3400,-72,72,566,11,17,0.50,43680.000000,0,27,7.6,0.0,0.0,80,0.0,0.0,0.0,1.0
83166,0,1,3400,-72,72,564,10,17,0.50,38752.000000,0,27,11,0.0,0.0,0.0,0.0,0.0,0.0,1.0
83415,0,1,3400,-72,72,563,12,17,0.50,54944.000000,0,27,11,0.0,0.0,0.0,0.0,0.0,0.0,1.0
83664,0,1,3400,-71,71,562,12,17,0.52,32512.000000,0,27,11,0.0,0.0,0.0,0.0,0.0,0.0,1.0
83913,0,1,3400,-71,71,563,12,17,0.50,38144.000000,0,27,6.2,0.0,21056.000000,0,0.0,0.0,0.0,1.0
84162,0,1,3400,-71,71,564,6.2,17,0.50,45120.000000,0,27,7.7,0.0,0.0,80,0.0,0.0,0.0,1.0
84411,0,1,3400,-71,71,565,11,18,0.50,38496.000000,0,27,8.9,0.0,0.0,0.0,0.0,0.0,0.0,1.0
84660,0,1,3400,-71,71,565,11,18,0.50,48928.000000,0,27,8.9,0.0,0.0,0.0,0.0,0.0,0.0,1.0
84909,0,1,3400,-71,71,567,9.0,18,0.50,16512.000000,0,27,6.8,0.0,21280.000000,0,0.0,0.0,0.0,1.0
85158,0,1,3400,-71,71,566,9.5,18,0.50,49056.000000,0,27,2.0,0.0,0.0,0.0,0.0,0.0,0.0,1.0
85407,0,1,3400,-71,71,566,8.2,18,0.50,72672.000000,0,27,8.2,0.0,15520.000000,0,0.0,0.0,0.0,1.0
85656,0,1,3400,-71,71,569,11,18,1.2,28192.000000,5,27,9.0,0.0,0.0,0.0,0.0,0.0,0.0,1.0
85905,0,1,3400,-71,71,564,8.1,17,0.72,51680.000000,0,27,9.2,0.0,0.0,80,0.0,0.0,0.0,1.0
86154,0,1,3400,-71,71,567,10,17,0.50,65984.000000,0,27,7.9,0.0,896,0,0.0,0.0,0.0,1.0
86403,0,1,3400,-72,72,566,12,17,1.1,51808.000000,6,27,2.0,0.0,0.0,0.0,0.0,0.0,0.0,1.0
86652,0,1,3400,-72,72,564,9.1,17,0.50,32672.000000,0,27,2.0,0.0,0.0,0.0,0.0,0.0,0.0,1.0
86901,0,1,3400,-72,72,567,9.6,17,0.51,50048.000000,0,27,2.1,0.0,25312.000000,33,0.0,0.0,0.0,1.0
87150,0,1,3400,-72,72,565,7.6,17,0.50,34496.000000,0,27,2.0,0.0,896,0,0.0,0.0,0.0,1.0
87399,0,1,3400,-72,72,563,10,17,0.65,44896.000000,3,27,2.0,0.0,0.0,0.0,0.0,0.0,0.0,1.0
87648,0,1,3400,-72,72,562,8.1,17,0.98,25888.000000,2,27,2.0,0.0,0.0,0.0,0.0,0.0,0.0,1.0
87897,0,1,3400,-72,72,564,10,17,0.50,43776.000000,0,27,1.8,0.0,11840.000000,25,0.0,0.0,0.0,1.0
88146,0,1,3400,-72,72,563,9.1,17,0.50,42720.000000,0,27,0.0,0.0,3136.000000,80,0.0,0.0,0.0,1.0
88395,0,1,3400,-72,72,564,13,17,0.88,29536.000000,5,27,0.0,0.0,0.0,0.0,0.0,0.0,0.0,1.0
88644,0,1,3400,-72,72,565,9.4,17,0.81,27968.000000,5,27,0.0,0.0,0.0,0.0,0.0,0.0,0.0,1.0
88893,0,1,3400,-72,72,564,7.8,17,0.50,45056.000000,0,27,0.0,0.0,19296.000000,21,0.0,0.0,0.0,1.0
89142,0,1,3400,-72,72,563,12,17,0.72,18080.000000,9,27,0.0,0.0,0.0,0.0,0.0,0.0,0.0,1.0
89391,0,1,3400,-72,72,563,11,17,0.50,31808.000000,0,27,0.0,0.0,0.0,0.0,0.0,0.0,0.0,1.0
89640,0,1,3400,-72,72,563,7.4,17,0.79,16128.000000,30,27,0.0,0.0,0.0,0.0,0.0,0.0,0.0,1.0
89889,0,1,3400,-72,72,564,12,17,0.98,39936.000000,18,27,2.1,0.0,72896.000000,25,0.0,0.0,0.0,1.0
90138,0,1,3400,-72,72,565,15,17,1.8,16320.000000,0,27,7.9,0.0,0.0,0.0,0.0,0.0,0.0,1.0
90387,0,1,3400,-72,72,567,13,17,0.50,38176.000000,0,27,7.9,0.0,0.0,0.0,0.0,0.0,0.0,1.0
90636,0,1,3400,-72,72,565,9.7,17,1.0,58304.000000,2,27,8.0,0.0,0.0,0.0,0.0,0.0,0.0,1.0
90885,0,1,3400,-72,72,565,12,17,0.93,41440.000000,7,27,4.4,0.0,13184.000000,18,0.0,0.0,0.0,1.0
91134,0,1,3400,-72,72,566,14,17,1.2,17536.000000,23,27,0.0,0.0,0.0,0.0,0.0,0.0,0.0,1.0
91383,0,1,3400,-72,72,565,13,17,1.3,27584.000000,0,27,0.0,0.0,0.0,0.0,0.0,0.0,0.0,1.0
91632,0,1,3400,-72,72,566,7.0,17,0.50,45408.000000,0,27,0.0,0.0,0.0,0.0,0.0,0.0,0.0,1.0
91881,0,1,3400,-72,72,566,9.2,17,0.72,13120.000000,5,27,0.0,0.0,13184.000000,0,0.0,0.0,0.0,1.0
92130,0,1,3400,-72,72,567,11,16,1.2,24704.000000,18,27,0.0,0.0,0.0,0.0,0.0,0.0,0.0,1.0
92379,0,1,3400,-72,72,566,6.9,16,0.50,36448.000000,0,27,0.0,0.0,1568.000000,0,0.0,0.0,0.0,1.0
92628,0,1,3400,-73,73,566,12,16,1.1,27488.000000,24,27,0.0,0.0,0.0,0.0,0.0,0.0,0.0,1.0
92877,0,1,3400,-73,73,566,4.4,16,0.50,52160.000000,0,27,3.4,0.0,18880.000000,0,0.0,0.0,0.0,1.0
93126,0,1,3400,-73,73,563,13,15,1.5,28640.000000,12,27,11,0.0,0.0,0.0,0.0,0.0,0.0,1.0
93375,0,1,3400,-73,73,563,9.9,15,0.73,32992.000000,0,27,11,0.0,0.0,0.0,0.0,0.0,0.0,1.0
93624,0,1,3400,-73,73,562,8.7,15,0.92,16544.000000,33,27,11,0.0,5664.000000,0,0.0,0.0,0.0,1.0
93873,0,1,3400,-73,73,561,10.0,15,0.96,28928.000000,5,27,8.9,0.0,9184.000000,0,0.0,0.0,0.0,1.0
94122,0,1,3400,-73,73,564,9.7,15,0.96,51616.000000,4,27,5.5,0.0,0.0,0.0,0.0,0.0,0.0,1.0
94371,0,1,3400,-73,73,564,11,16,0.84,44256.000000,0,27,5.5,0.0,0.0,0.0,0.0,0.0,0.0,1.0
94620,0,1,3400,-73,73,565,6.6,16,0.64,39168.000000,6,27,5.5,0.0,0.0,0.0,0.0,0.0,0.0,1.0
94869,0,1,3400,-73,73,564,8.5,15,0.51,61536.000000,0,27,8.5,0.0,23904.000000,42,0.0,0.0,0.0,1.0
95118,0,1,3400,-73,73,566,5.6,15,0.50,31136.000000,0,27,12,0.0,0.0,0.0,0.0,0.0,0.0,1.0
95367,0,1,3400,-73,73,565,11,15,1.6,23360.000000,15,27,12,0.0,0.0,0.0,0.0,0.0,0.0,1.0
95616,0,1,3400,-74,74,564,8.8,15,0.50,67232.000000,0,27,12,0.0,0.0,0.0,0.0,0.0,0.0,1.0
95865,0,1,3400,-74,74,567,8.3,15,0.50,67520.000000,0,27,13,0.0,147264.000000,26,0.0,0.0,0.0,1.0
96114,0,1,3400,-74,74,568,8.6,15,0.50,62400.000000,0,27,16,0.0,0.0,0.0,0.0,0.0,0.0,1.0
96363,0,1,3400,-74,74,569,8.4,15,0.50,52448.000000,0,27,16,0.0,0.0,0.0,0.0,0.0,0.0,1.0
96612,0,1,3400,-73,73,566,9.3,15,0.50,55008.000000,0,27,16,0.0,0.0,0.0,0.0,0.0,0.0,1.0
96861,0,1,3400,-73,73,565,7.7,15,0.50,21056.000000,0,27,15,0.0,21952.000000,0,0.0,0.0,0.0,1.0
97110,0,1,3400,-73,73,563,9.8,16,0.50,22464.000000,0,27,14,0.0,0.0,0.0,0.0,0.0,0.0,1.0
97359,0,1,3400,-73,73,562,7.9,16,0.50,33344.000000,0,27,14,0.0,0.0,0.0,0.0,0.0,0.0,1.0
97608,0,1,3400,-73,73,563,9.1,16,0.50,39264.000000,0,27,14,0.0,0.0,0.0,0.0,0.0,0.0,1.0
97857,0,1,3400,-73,73,566,8.9,16,0.50,36192.000000,0,27,14,0.0,23488.000000,0,0.0,0.0,0.0,1.0
98106,0,1,3400,-73,73,565,10,15,0.50,41984.000000,0,27,7.9,0.0,1568.000000,0,0.0,0.0,0.0,1.0
98355,0,1,3400,-73,73,563,8.4,15,0.50,61984.000000,0,27,6.1,0.0,0.0,0.0,0.0,0.0,0.0,1.0
98604,0,1,3400,-74,74,567,9.1,15,0.50,55936.000000,0,27,6.1,0.0,0.0,0.0,0.0,0.0,0.0,1.0
98853,0,1,3400,-74,74,565,7.1,15,0.50,27872.000000,0,27,8.3,0.0,23488.000000,20,0.0,0.0,0.0,1.0
99102,0,1,3400,-74,74,564,8.2,15,0.50,39232.000000,0,27,14,0.0,0.0,0.0,0.0,0.0,0.0,1.0
99351,0,1,3400,-74,74,567,8.7,15,0.59,33568.000000,0,27,14,0.0,0.0,0.0,0.0,0.0,0.0,1.0
99600,0,1,3400,-74,74,568,9.9,15,0.53,43456.000000,0,27,13,0.0,0.0,0.0,0.0,0.0,0.0,1.0
99849,0,1,3400,-74,74,564,10,15,0.50,38656.000000,0,27,12,0.0,31264.000000,23,0.0,0.0,0.0,1.0
100098,0,1,3400,-74,74,563,11,14,1.0,37056.000000,17,27,6.2,0.0,352,60,0.0,0.0,0.0,1.0
100347,0,1,3400,-74,74,565,10,14,0.70,32608.000000,0,27,6.0,0.0,0.0,0.0,0.0,0.0,0.0,1.0
100596,0,1,3400,-75,75,565,11,14,1.1,43168.000000,5,27,6.0,0.0,0.0,0.0,0.0,0.0,0.0,1.0
100845,0,1,3400,-75,75,565,5.8,14,0.50,27552.000000,0,27,5.9,0.0,47136.000000,0,0.0,0.0,0.0,1.0
101094,0,1,3400,-75,75,566,7.6,14,0.50,45504.000000,0,27,9.0,0.0,0.0,0.0,0.0,0.0,0.0,1.0
101343,0,1,3400,-75,75,566,7.0,14,0.50,17024.000000,0,27,9.0,0.0,0.0,0.0,0.0,0.0,0.0,1.0
101592,0,1,3400,-74,74,565,7.0,14,0.50,27168.000000,0,27,9.0,0.0,0.0,0.0,0.0,0.0,0.0,1.0
101841,0,1,3400,-74,74,567,9.0,14,0.50,43840.000000,0,27,8.8,0.0,23488.000000,20,0.0,0.0,0.0,1.0
102090,0,1,3400,-74,74,567,11,15,0.56,21280.000000,0,27,8.0,0.0,0.0,0.0,0.0,0.0,0.0,1.0
102339,0,1,3400,-74,74,567,8.8,15,0.50,24224.000000,0,27,8.0,0.0,0.0,0.0,0.0,0.0,0.0,1.0
102588,0,1,3400,-73,73,569,9.2,15,0.50,16480.000000,0,27,8.0,0.0,0.0,0.0,0.0,0.0,0.0,1.0
102837,0,1,3400,-73,73,569,8.3,15,0.50,27136.000000,0,27,7.1,0.0,9152.000000,31,0.0,0.0,0.0,1.0
103086,0,1,3400,-73,73,568,7.0,16,0.54,43904.000000,0,27,1.5,0.0,0.0,0.0,0.0,0.0,0.0,1.0
103335,0,1,3400,-73,73,565,9.7,16,0.58,37344.000000,0,27,1.5,0.0,0.0,0.0,0.0,0.0,0.0,1.0
103584,0,1,3400,-73,73,560,9.4,16,0.50,16032.000000,0,27,1.6,0.0,0.0,0.0,0.0,0.0,0.0,1.0
103833,0,1,3400,-73,73,561,9.0,16,0.55,56608.000000,0,27,2.9,0.0,17056.000000,64,0.0,0.0,0.0,1.0
104082,0,1,3400,-73,73,564,8.4,16,0.53,57088.000000,0,27,9.5,0.0,1888.000000,0,0.0,0.0,0.0,1.0
104331,0,1,3400,-73,73,564,9.9,16,0.62,43200.000000,0,27,9.5,0.0,0.0,0.0,0.0,0.0,0.0,1.0
104580,0,1,3400,-73,73,565,8.2,16,0.50,38016.000000,0,27,9.5,0.0,0.0,0.0,0.0,0.0,0.0,1.0
104829,0,1,3400,-73,73,566,12,16,0.50,43712.000000,0,27,6.9,0.0,8448.000000,35,0.0,0.0,0.0,1.0
105078,0,1,3400,-73,73,566,9.7,16,0.50,27072.000000,0,27,0.13,0.0,0.0,0.0,0.0,0.0,0.0,1.0
105327,0,1,3400,-73,73,562,9.8,16,0.50,54432.000000,0,27,0.064,0.0,0.0,0.0,0.0,0.0,0.0,1.0
105576,0,1,3400,-73,73,563,10,16,0.56,26560.000000,0,27,0.064,0.0,0.0,0.0,0.0,0.0,0.0,1.0
105825,0,1,3400,-73,73,564,9.7,16,0.50,43936.000000,0,27,4.1,0.0,100352.000000,39,0.0,0.0,0.0,1.0
106074,0,1,3400,-73,73,565,5.7,16,0.50,23968.000000,0,27,15,0.0,0.0,0.0,0.0,0.0,0.0,1.0
106323,0,1,3400,-73,73,567,4.3,16,0.50,35232.000000,0,27,15,0.0,0.0,0.0,0.0,0.0,0.0,1.0
106572,0,1,3400,-73,73,568,9.9,16,0.50,44512.000000,0,27,15,0.0,0.0,0.0,0.0,0.0,0.0,1.0
106821,0,1,3400,-73,73,566,6.6,16,0.50,66848.000000,0,27,12,0.0,63424.000000,0,0.0,0.0,0.0,1.0
107070,0,1,3400,-73,73,565,5.9,16,0.50,73984.000000,0,27,6.2,0.0,0.0,0.0,0.0,0.0,0.0,1.0
107319,0,1,3400,-73,73,564,9.4,16,0.50,60192.000000,0,27,6.0,0.0,0.0,0.0,0.0,0.0,0.0,1.0
107568,0,1,3400,-73,73,564,5.1,16,0.50,46880.000000,0,27,6.0,0.0,0.0,0.0,0.0,0.0,0.0,1.0
107817,0,1,3400,-73,73,563,9.5,16,0.50,48960.000000,0,27,6.3,0.0,0.0,80,0.0,0.0,0.0,1.0
108066,0,1,3400,-73,73,563,13,16,0.67,47040.000000,0,27,7.1,0.0,0.0,0.0,0.0,0.0,0.0,1.0
108315,0,1,3400,-73,73,563,10,16,0.50,64608.000000,0,27,2.2,0.0,896,0,0.0,0.0,0.0,1.0
108564,0,1,3400,-73,73,564,9.1,16,0.50,47680.000000,0,27,0.13,0.0,0.0,0.0,0.0,0.0,0.0,1.0
108813,0,1,3400,-73,73,567,11,16,0.72,53664.000000,0,27,2.1,0.0,0.0,80,0.0,0.0,0.0,1.0
109062,0,1,3400,-73,73,570,10,16,0.64,43136.000000,0,27,6.1,0.0,0.0,0.0,0.0,0.0,0.0,1.0
109311,0,1,3400,-73,73,569,8.4,16,0.74,55616.000000,0,27,6.1,0.0,0.0,0.0,0.0,0.0,0.0,1.0
109560,0,1,3400,-73,73,568,5.7,16,0.72,40640.000000,0,27,6.1,0.0,0.0,0.0,0.0,0.0,0.0,1.0
109809,0,1,3400,-73,73,566,10,16,0.50,54048.000000,0,27,5.8,0.0,34720.000000,0,0.0,0.0,0.0,1.0
110058,0,1,3400,-73,73,563,8.9,16,0.50,43392.000000,0,27,5.9,0.0,0.0,0.0,0.0,0.0,0.0,1.0
110307,0,1,3400,-73,73,563,11,16,0.50,53760.000000,0,27,6.0,0.0,0.0,0.0,0.0,0.0,0.0,1.0
110556,0,1,3400,-73,73,562,9.9,16,0.67,28224.000000,0,27,5.9,0.0,0.0,0.0,0.0,0.0,0.0,1.0
110805,0,1,3400,-73,73,564,9.5,15,0.50,42496.000000,0,27,5.4,0.0,23744.000000,0,0.0,0.0,0.0,1.0
111054,0,1,3400,-73,73,565,8.0,15,0.50,51520.000000,0,27,3.9,0.0,0.0,0.0,0.0,0.0,0.0,1.0
111303,0,1,3400,-73,73,566,11,15,0.70,47872.000000,0,27,3.9,0.0,0.0,0.0,0.0,0.0,0.0,1.0
111552,0,1,3400,-74,74,564,9.3,15,0.59,60448.000000,3,27,3.9,0.0,0.0,0.0,0.0,0.0,0.0,1.0
111801,0,1,3400,-74,74,563,11,15,0.58,36992.000000,0,27,4.9,0.0,6528.000000,37,0.0,0.0,0.0,1.0
112050,0,1,3400,-74,74,565,9.0,15,0.50,54048.000000,0,27,9.8,0.0,0.0,100.000000,0.0,0.0,0.0,1.0
112299,0,1,3400,-74,74,564,8.1,15,0.50,58848.000000,0,27,10,0.0,0.0,0.0,0.0,0.0,0.0,1.0
112548,0,1,3400,-73,73,564,9.9,15,0.89,22688.000000,12,27,10,0.0,0.0,0.0,0.0,0.0,0.0,1.0
112797,0,1,3400,-73,73,564,11,15,0.84,48608.000000,0,27,8.8,0.0,74944.000000,0,0.0,0.0,0.0,1.0
113046,0,1,3400,-73,73,563,9.1,16,0.50,21184.000000,0,27,8.0,0.0,0.0,0.0,0.0,0.0,0.0,1.0
113295,0,1,3400,-73,73,560,10,16,0.92,32416.000000,13,27,8.0,0.0,0.0,0.0,0.0,0.0,0.0,1.0
113544,0,1,3400,-73,73,561,6.7,16,0.50,18784.000000,0,27,8.0,0.0,0.0,0.0,0.0,0.0,0.0,1.0
113793,0,1,3400,-73,73,563,8.9,16,0.65,59968.000000,0,27,8.6,0.0,18880.000000,0,0.0,0.0,0.0,1.0
114042,0,1,3400,-73,73,564,8.8,16,0.50,37824.000000,0,27,11,0.0,0.0,0.0,0.0,0.0,0.0,1.0
114291,0,1,3400,-73,73,563,17,16,2.2,22912.000000,42,27,11,0.0,0.0,0.0,0.0,0.0,0.0,1.0
114540,0,1,3400,-73,73,564,9.5,16,0.74,56736.000000,0,27,11,0.0,0.0,0.0,0.0,0.0,0.0,1.0
114789,0,1,3400,-73,73,565,8.2,16,0.50,61184.000000,0,27,8.3,0.0,28160.000000,13,0.0,0.0,0.0,1.0
115038,0,1,3400,-73,73,564,9.8,16,0.59,48064.000000,0,27,2.0,0.0,0.0,0.0,0.0,0.0,0.0,1.0
115287,0,1,3400,-73,73,562,7.5,16,0.58,28576.000000,0,27,2.0,0.0,0.0,0.0,0.0,0.0,0.0,1.0
115536,0,1,3400,-73,73,566,6.9,16,0.50,27872.000000,0,27,2.0,0.0,0.0,0.0,0.0,0.0,0.0,1.0
115785,0,1,3400,-73,73,565,5.7,16,0.50,69952.000000,0,27,5.0,0.0,79808.000000,21,0.0,0.0,0.0,1.0
116034,0,1,3400,-73,73,562,5.3,16,0.50,34080.000000,0,27,9.0,0.0,0.0,0.0,0.0,0.0,0.0,1.0
116283,0,1,3400,-73,73,561,9.4,16,0.56,44448.000000,0,27,9.0,0.0,0.0,0.0,0.0,0.0,0.0,1.0
116532,0,1,3400,-73,73,568,7.5,16,0.50,27808.000000,0,27,8.9,0.0,0.0,0.0,0.0,0.0,0.0,1.0
116781,0,1,3400,-73,73,565,5.1,16,0.50,35712.000000,0,27,8.9,112,0.0,0,0.0,0.0,0.0,1.0
117030,0,1,3400,-73,73,565,8.3,16,0.50,16288.000000,0,27,1.6,0.0,9344.000000,25,0.0,0.0,0.0,1.0
117279,0,1,3400,-73,73,568,7.5,16,0.54,30208.000000,4,27,0.0,0.0,0.0,0.0,0.0,0.0,0.0,1.0
117528,0,1,3400,-73,73,564,8.7,16,0.86,16352.000000,0,27,0.0,0.0,0.0,0.0,0.0,0.0,0.0,1.0
117777,0,1,3400,-73,73,564,10,16,0.63,48320.000000,0,27,3.2,0.0,24544.000000,18,0.0,0.0,0.0,1.0
118026,0,1,3400,-73,73,564,10,16,1.3,21120.000000,14,27,8.0,0.0,0.0,0.0,0.0,0.0,0.0,1.0
118275,0,1,3400,-73,73,567,15,16,1.1,32896.000000,5,27,7.9,0.0,0.0,0.0,0.0,0.0,0.0,1.0
118524,0,1,3400,-73,73,565,8.9,16,0.65,48064.000000,7,27,8.0,0.0,0.0,0.0,0.0,0.0,0.0,1.0
118773,0,1,3400,-73,73,566,11,16,0.67,43456.000000,0,27,6.8,0.0,17856.000000,0,0.0,0.0,0.0,1.0
119022,0,1,3400,-73,73,568,8.4,16,0.50,49760.000000,0,27,0.0,0.0,0.0,0.0,0.0,0.0,0.0,1.0
119271,0,1,3400,-73,73,565,5.0,16,0.50,30048.000000,0,27,0.0,0.0,0.0,0.0,0.0,0.0,0.0,1.0
119520,0,1,3400,-72,72,564,8.0,16,0.50,36800.000000,0,27,0.0,0.0,0.0,0.0,0.0,0.0,0.0,1.0
119769,0,1,3400,-72,72,564,7.8,16,0.50,57024.000000,0,27,2.1,0.0,23488.000000,33,0.0,0.0,0.0,1.0
120018,0,1,3400,-72,72,567,11,17,0.65,33280.000000,11,27,13,0.0,0.0,0.0,0.0,0.0,0.0,1.0
120267,0,1,3400,-72,72,565,14,17,0.87,37184.000000,0,27,14,0.0,0.0,0.0,0.0,0.0,0.0,1.0
120516,0,1,3400,-72,72,563,16,17,2.7,12256.000000,50,27,13,0.0,0.0,0.0,0.0,0.0,0.0,1.0
120765,0,1,3400,-72,72,564,14,17,2.1,16192.000000,45,27,13,0.0,0.0,0,0.0,0.0,0.0,1.0
121014,0,1,3400,-72,72,561,14,16,0.91,33024.000000,8,27,12,0.0,0.0,100.000000,0.0,0.0,0.0,1.0
121263,0,1,3400,-73,73,562,9.3,16,0.53,38240.000000,0,27,12,0.0,0.0,0.0,0.0,0.0,0.0,1.0
121512,0,1,3400,-73,73,563,8.8,16,0.54,61728.000000,0,27,12,0.0,0.0,0.0,0.0,0.0,0.0,1.0
121761,0,1,3400,-73,73,568,9.8,16,0.52,32704.000000,7,27,12,144,0.0,0,0.0,0.0,0.0,1.0
122010,0,1,3400,-73,73,564,11,16,0.53,21696.000000,0,27,0.27,0.0,10304.000000,0,0.0,0.0,0.0,1.0
122259,0,1,3400,-73,73,562,8.2,16,0.53,61184.000000,0,27,0.0,0.0,0.0,0.0,0.0,0.0,0.0,1.0
122508,0,1,3400,-73,73,561,8.2,16,0.50,16768.000000,0,27,0.0,0.0,0.0,0.0,0.0,0.0,0.0,1.0
122757,0,1,3400,-73,73,563,9.8,16,0.50,10880.000000,0,27,2.8,0.0,3456.000000,44,0.0,0.0,0.0,1.0
123006,0,1,3400,-73,73,567,9.0,16,0.50,32256.000000,0,27,9.5,0.0,0.0,0.0,0.0,0.0,0.0,1.0
123255,0,1,3400,-73,73,568,12,16,0.69,75520.000000,0,27,9.4,0.0,0.0,0.0,0.0,0.0,0.0,1.0
123504,0,1,3400,-73,73,564,13,16,1.4,28576.000000,9,27,5.7,0.0,1568.000000,0,0.0,0.0,0.0,1.0
123753,0,1,3400,-72,72,565,10,16,0.70,18272.000000,0,27,4.5,0.0,15520.000000,57,0.0,0.0,0.0,1.0
124002,0,1,3400,-72,72,563,9.3,17,0.52,43616.000000,0,27,0.0,0.0,6752.000000,0,0.0,0.0,0.0,1.0
124251,0,1,3400,-72,72,567,9.4,17,0.79,22048.000000,14,27,0.0,0.0,0.0,0.0,0.0,0.0,0.0,1.0
124500,0,1,3400,-72,72,569,8.3,17,0.60,17728.000000,7,27,0.0,0.0,0.0,0.0,0.0,0.0,0.0,1.0
124749,0,1,3400,-72,72,566,11,17,0.58,26944.000000,0,27,0.68,0.0,8256.000000,21,0.0,0.0,0.0,1.0
124998,0,1,3400,-72,72,565,11,17,0.50,38048.000000,0,27,0.0,0.0,0.0,0.0,0.0,0.0,0.0,1.0
125247,0,1,3400,-72,72,564,11,17,0.74,34400.000000,0,27,0.0,0.0,0.0,0.0,0.0,0.0,0.0,1.0
125496,0,1,3400,-72,72,563,7.2,17,0.50,55584.000000,0,27,0.0,0.0,0.0,0.0,0.0,0.0,0.0,1.0
125745,0,1,3400,-71,71,567,9.3,17,0.50,48896.000000,0,27,0.0,144,0.0,0,0.0,0.0,0.0,1.0
125994,0,1,3400,-71,71,565,11,18,0.50,32544.000000,0,27,0.26,0.0,9728.000000,29,0.0,0.0,0.0,1.0
126243,0,1,3400,-71,71,569,9.0,18,0.50,62496.000000,0,27,0.0,0.0,0.0,0.0,0.0,0.0,0.0,1.0
126492,0,1,3400,-71,71,567,9.8,18,0.50,59808.000000,0,27,0.0,0.0,0.0,0.0,0.0,0.0,0.0,1.0
126741,0,1,3400,-71,71,566,8.0,18,0.50,52672.000000,0,27,0.82,0.0,8480.000000,24,0.0,0.0,0.0,1.0
126990,0,1,3400,-71,71,564,8.5,17,0.50,51008.000000,0,27,0.0,0.0,0.0,0.0,0.0,0.0,0.0,1.0
127239,0,1,3400,-72,72,565,11,17,0.50,32896.000000,0,27,0.0,0.0,0.0,0.0,0.0,0.0,0.0,1.0
127488,0,1,3400,-72,72,563,8.3,17,0.50,32960.000000,0,27,0.0,0.0,1568.000000,0,0.0,0.0,0.0,1.0
127737,0,1,3400,-72,72,562,8.8,17,0.50,37024.000000,0,27,1.9,0.0,18368.000000,20,0.0,0.0,0.0,1.0
127986,0,1,3400,-72,72,565,13,17,0.57,32032.000000,0,27,12,0.0,0.0,0.0,0.0,0.0,0.0,1.0
128235,0,1,3400,-72,72,563,9.5,17,0.61,48576.000000,5,27,12,0.0,0.0,0.0,0.0,0.0,0.0,1.0
128484,0,1,3400,-72,72,562,11,17,0.58,60256.000000,0,27,12,0.0,0.0,0.0,0.0,0.0,0.0,1.0
128733,0,1,3400,-71,71,566,11,17,0.64,51584.000000,4,27,12,144,0.0,0,0.0,0.0,0.0,1.0
128982,0,1,3400,-71,71,563,14,17,0.95,37280.000000,7,27,12,0.0,13280.000000,64,0.0,0.0,0.0,1.0
129231,0,1,3400,-71,71,563,13,18,0.57,56672.000000,0,27,12,0.0,0.0,0.0,0.0,0.0,0.0,1.0
129480,0,1,3400,-71,71,564,11,18,0.54,54752.000000,0,27,12,0.0,0.0,0.0,0.0,0.0,0.0,1.0
129729,0,1,3400,-71,71,566,12,18,0.50,27264.000000,0,27,9.2,0.0,21696.000000,9,0.0,0.0,0.0,1.0
129978,0,1,3400,-71,71,566,10,17,0.50,43712.000000,0,27,0.0,0.0,0.0,0.0,0.0,0.0,0.0,1.0
130227,0,1,3400,-72,72,564,8.7,17,0.50,37952.000000,0,27,0.0,0.0,0.0,0.0,0.0,0.0,0.0,1.0
130476,0,1,3400,-72,72,564,11,17,0.50,38176.000000,0,27,0.0,0.0,0.0,0.0,0.0,0.0,0.0,1.0
130725,0,1,3400,-72,72,564,7.4,17,0.50,67360.000000,0,27,0.0,144,0.0,0,0.0,0.0,0.0,1.0
130974,0,1,3400,-72,72,566,5.7,17,0.50,22176.000000,0,27,0.82,0.0,8320.000000,25,0.0,0.0,0.0,1.0
131223,0,1,3400,-72,72,563,11,17,0.62,37472.000000,0,27,0.0,0.0,0.0,0.0,0.0,0.0,0.0,1.0
131472,0,1,3400,-72,72,562,10,17,0.55,32352.000000,0,27,0.0,0.0,0.0,0.0,0.0,0.0,0.0,1.0
131721,0,1,3400,-72,72,562,9.5,17,0.50,43648.000000,0,27,1.9,0.0,24224.000000,30,0.0,0.0,0.0,1.0
131970,0,1,3400,-72,72,567,9.6,17,0.50,59968.000000,0,27,0.0,0.0,0.0,0.0,0.0,0.0,0.0,1.0
132219,0,1,3400,-72,72,564,11,17,0.91,34112.000000,6,27,0.0,0.0,0.0,0.0,0.0,0.0,0.0,1.0
132468,0,1,3400,-72,72,564,14,17,0.78,47168.000000,0,27,0.0,0.0,0.0,0.0,0.0,0.0,0.0,1.0
132717,0,1,3400,-72,72,567,7.1,17,0.51,27968.000000,0,27,0.29,0.0,18560.000000,10,0.0,0.0,0.0,1.0
132966,0,1,3400,-72,72,568,14,17,1.3,11968.000000,14,27,0.0,0.0,1568.000000,0,0.0,0.0,0.0,1.0
133215,0,1,3400,-72,72,568,11,17,0.91,28384.000000,14,27,0.0,0.0,0.0,0.0,0.0,0.0,0.0,1.0
133464,0,1,3400,-72,72,568,8.5,17,1.1,18176.000000,23,27,0.0,0.0,896,0,0.0,0.0,0.0,1.0
133713,0,1,3400,-71,71,564,8.5,17,0.50,32864.000000,0,27,0.26,0.0,13440.000000,10,0.0,0.0,0.0,1.0
133962,0,1,3400,-71,71,564,9.7,18,0.66,21632.000000,0,27,0.0,0.0,1568.000000,0,0.0,0.0,0.0,1.0
134211,0,1,3400,-71,71,566,11,18,0.50,38400.000000,0,27,0.0,0.0,0.0,0.0,0.0,0.0,0.0,1.0
134460,0,1,3400,-71,71,566,11,18,0.61,64800.000000,0,27,0.0,0.0,0.0,0.0,0.0,0.0,0.0,1.0
134709,0,1,3400,-70,70,564,13,18,0.90,26752.000000,0,27,0.68,0.0,8320.000000,24,0.0,0.0,0.0,1.0
134958,0,1,3400,-70,70,566,17,18,0.64,15456.000000,0,27,0.0,0.0,0.0,0.0,0.0,0.0,0.0,1.0
135207,0,1,3400,-70,70,565,17,19,0.50,41408.000000,0,27,0.0,0.0,0.0,0.0,0.0,0.0,0.0,1.0
135456,0,1,3400,-70,70,564,14,19,0.52,42368.000000,0,27,0.0,0.0,0.0,0.0,0.0,0.0,0.0,1.0
135705,0,1,3400,-70,70,563,10,19,0.50,53952.000000,0,27,0.0,0.0,13184.000000,21,0.0,0.0,0.0,1.0
135954,0,1,3400,-70,70,564,14,19,0.53,63264.000000,0,27,0.0,0.0,0.0,0.0,0.0,0.0,0.0,1.0
136203,0,1,3400,-70,70,564,15,19,0.63,26080.000000,0,27,0.0,0.0,0.0,0.0,0.0,0.0,0.0,1.0
136452,0,1,3400,-70,70,563,12,19,0.52,53152.000000,0,27,0.0,0.0,0.0,0.0,0.0,0.0,0.0,1.0
136701,0,1,3400,-69,69,565,12,19,0.50,53248.000000,0,27,2.0,0.0,40320.000000,17,0.0,0.0,0.0,1.0
136950,0,1,3400,-69,69,563,12,19,0.50,37152.000000,0,27,4.0,0.0,0.0,0.0,0.0,0.0,0.0,1.0
137199,0,1,3400,-69,69,566,10,20,0.50,34560.000000,0,27,3.9,0.0,0.0,0.0,0.0,0.0,0.0,1.0
137448,0,1,3400,-69,69,564,8.7,20,0.50,60480.000000,0,27,4.0,0.0,0.0,0.0,0.0,0.0,0.0,1.0
137697,0,1,3400,-69,69,566,11,20,0.59,27744.000000,0,27,5.3,0.0,0.0,80,0.0,0.0,0.0,1.0
137946,0,1,3400,-69,69,563,13,20,0.53,48160.000000,0,27,8.0,0.0,0.0,0.0,0.0,0.0,0.0,1.0
138195,0,1,3400,-69,69,563,11,20,0.52,21760.000000,0,27,7.9,0.0,0.0,0.0,0.0,0.0,0.0,1.0
138444,0,1,3400,-69,69,564,14,20,0.51,53664.000000,0,27,8.0,0.0,0.0,0.0,0.0,0.0,0.0,1.0
138693,0,1,3400,-68,68,565,14,20,0.50,31680.000000,0,27,5.4,0.0,14240.000000,0,0.0,0.0,0.0,1.0
138942,0,1,3400,-68,68,563,12,20,0.50,32128.000000,0,27,0.0,0.0,0.0,0.0,0.0,0.0,0.0,1.0
139191,0,1,3400,-68,68,563,12,20,0.53,42944.000000,0,27,0.0,0.0,0.0,0.0,0.0,0.0,0.0,1.0
139440,0,1,3400,-68,68,562,15,21,0.53,31328.000000,0,27,0.0,0.0,0.0,0.0,0.0,0.0,0.0,1.0
139689,0,1,3400,-68,68,567,12,20,0.60,63872.000000,0,27,2.9,0.0,0.0,80,0.0,0.0,0.0,1.0
139938,0,1,3400,-68,68,567,13,20,0.50,32064.000000,0,27,6.0,0.0,0.0,0.0,0.0,0.0,0.0,1.0
140187,0,1,3400,-69,69,564,13,20,0.50,16224.000000,0,27,6.0,0.0,0.0,0.0,0.0,0.0,0.0,1.0
140436,0,1,3400,-69,69,567,13,20,0.53,52864.000000,0,27,6.0,0.0,0.0,0.0,0.0,0.0,0.0,1.0
140685,0,1,3400,-69,69,563,12,19,0.50,21280.000000,0,27,5.6,0.0,15808.000000,0,0.0,0.0,0.0,1.0
140934,0,1,3400,-69,69,560,12,19,0.50,26304.000000,0,27,2.5,0.0,0.0,0.0,0.0,0.0,0.0,1.0
141183,0,1,3400,-70,70,563,10.0,19,0.50,15904.000000,0,27,2.5,0.0,0.0,0.0,0.0,0.0,0.0,1.0
141432,0,1,3400,-70,70,562,13,19,0.72,58976.000000,0,27,2.5,0.0,0.0,0.0,0.0,0.0,0.0,1.0
141681,0,1,3400,-69,69,561,14,19,1.0,21344.000000,12,27,4.9,0.0,0.0,80,0.0,0.0,0.0,1.0
141930,0,1,3400,-69,69,566,12,19,0.50,26336.000000,0,27,9.5,0.0,0.0,0.0,0.0,0.0,0.0,1.0
142179,0,1,3400,-69,69,568,12,20,0.50,42880.000000,0,27,9.4,0.0,0.0,0.0,0.0,0.0,0.0,1.0
142428,0,1,3400,-69,69,565,11,20,0.50,37664.000000,0,27,9.4,0.0,0.0,0.0,0.0,0.0,0.0,1.0
142677,0,1,3400,-68,68,570,15,20,0.51,41952.000000,0,27,5.6,0.0,8320.000000,24,0.0,0.0,0.0,1.0
142926,0,1,3400,-68,68,570,4.5,20,0.52,49504.000000,0,27,0.0,0.0,0.0,0.0,0.0,0.0,0.0,1.0
143175,0,1,3400,-68,68,565,12,21,0.50,32160.000000,0,27,0.0,0.0,0.0,0.0,0.0,0.0,0.0,1.0
143424,0,1,3400,-68,68,565,13,20,0.52,58592.000000,0,27,0.0,0.0,0.0,0.0,0.0,0.0,0.0,1.0
143673,0,1,3400,-68,68,565,12,20,0.54,42880.000000,0,27,0.0,144,0.0,80,0.0,0.0,0.0,1.0
143922,0,1,3400,-68,68,566,9.5,20,0.50,21216.000000,0,27,0.0,144,0.0,0.0,0.0,0.0,0.0,1.0
144171,0,1,3400,-69,69,564,17,20,0.56,52768.000000,0,27,0.0,0.0,11808.000000,50,0.0,0.0,0.0,1.0
144420,0,1,3400,-69,69,563,15,20,0.52,36608.000000,0,27,0.0,0.0,0.0,0.0,0.0,0.0,0.0,1.0
144669,0,1,3400,-68,68,565,16,20,0.60,47104.000000,0,27,0.0,144,0.0,80,0.0,0.0,0.0,1.0
144918,0,1,3400,-68,68,568,17,20,0.50,20864.000000,0,27,0.0,144,0.0,0.0,0.0,0.0,0.0,1.0
145167,0,1,3400,-68,68,563,11,20,0.51,60896.000000,0,27,0.54,0.0,8736.000000,64,0.0,0.0,0.0,1.0
145416,0,1,3400,-68,68,564,6.4,21,0.61,61728.000000,0,27,0.0,0.0,0.0,0.0,0.0,0.0,0.0,1.0
145665,0,1,3400,-68,68,564,7.5,21,0.65,40256.000000,0,27,0.78,0.0,12064.000000,33,0.0,0.0,0.0,1.0
145914,0,1,3400,-68,68,564,3.6,21,0.50,22656.000000,0,27,2.0,0.0,0.0,0.0,0.0,0.0,0.0,1.0
146163,0,1,3400,-68,68,563,4.7,21,0.50,44832.000000,0,27,2.0,0.0,0.0,0.0,0.0,0.0,0.0,1.0
146412,0,1,3400,-68,68,564,5.7,20,0.50,50560.000000,0,27,2.0,0.0,0.0,0.0,0.0,0.0,0.0,1.0
146661,0,1,3400,-68,68,567,10,20,0.50,59520.000000,0,27,2.5,0.0,20672.000000,62,0.0,0.0,0.0,1.0
146910,0,1,3400,-68,68,568,6.6,20,0.50,21952.000000,0,27,0.0,0.0,0.0,0.0,0.0,0.0,0.0,1.0
147159,0,1,3400,-69,69,564,6.7,20,0.50,32800.000000,0,27,0.0,0.0,0.0,0.0,0.0,0.0,0.0,1.0
147408,0,1,3400,-69,69,563,13,20,0.73,32224.000000,0,27,0.0,0.0,0.0,0.0,0.0,0.0,0.0,1.0
147657,0,1,3400,-68,68,565,18,20,0.81,31616.000000,0,27,0.60,0.0,7200.000000,64,0.0,0.0,0.0,1.0
147906,0,1,3400,-68,68,568,12,20,0.70,47680.000000,0,27,0.024,0.0,6240.000000,68,0.0,0.0,0.0,1.0
148155,0,1,3400,-68,68,567,7.8,21,0.50,49696.000000,0,27,0.0,0.0,0.0,0.0,0.0,0.0,0.0,1.0
148404,0,1,3400,-68,68,567,16,20,1.1,56864.000000,5,27,0.0,0.0,0.0,0.0,0.0,0.0,0.0,1.0
148653,0,1,3400,-68,68,564,16,21,0.80,41920.000000,0,27,1.1,56,0.0,80,0.0,0.0,0.0,1.0
148902,0,1,3400,-68,68,563,14,21,0.50,42240.000000,0,27,3.5,56,0.0,0.0,0.0,0.0,0.0,1.0
149151,0,1,3400,-68,68,565,15,21,0.50,21216.000000,0,27,2.9,0.0,4320.000000,50,0.0,0.0,0.0,1.0
149400,0,1,3400,-68,68,564,10,21,0.50,50528.000000,0,27,0.81,0.0,3744.000000,71,0.0,0.0,0.0,1.0
149649,0,1,3400,-68,68,566,15,21,0.50,24192.000000,0,27,1.1,0.0,7584.000000,54,0.0,0.0,0.0,1.0
149898,0,1,3400,-68,68,566,9.7,21,0.50,55232.000000,0,27,0.0,0.0,0.0,0.0,0.0,0.0,0.0,1.0
150147,0,1,3400,-68,68,565,11,21,0.50,37216.000000,0,27,0.0,0.0,0.0,0.0,0.0,0.0,0.0,1.0
150396,0,1,3400,-68,68,564,16,21,0.50,46912.000000,0,27,0.0,0.0,0.0,0.0,0.0,0.0,0.0,1.0
150645,0,1,3400,-68,68,563,10,21,0.50,21280.000000,0,27,0.0,186,0.0,0.0,0.0,0.0,0.0,1.0
150894,0,1,3400,-68,68,563,12,21,0.57,47840.000000,0,27,0.59,0.0,8000.000000,68,0.0,0.0,0.0,1.0
151143,0,1,3400,-68,68,568,13,21,0.56,36320.000000,0,27,0.0,0.0,0.0,0.0,0.0,0.0,0.0,1.0
151392,0,1,3400,-68,68,565,16,20,0.64,36864.000000,0,27,0.0,0.0,0.0,0.0,0.0,0.0,0.0,1.0
151641,0,1,3400,-68,68,561,16,20,0.68,62976.000000,0,27,0.0,144,0.0,80,0.0,0.0,0.0,1.0
151890,0,1,3400,-68,68,567,16,20,0.94,37056.000000,0,27,0.0,144,0.0,0.0,0.0,0.0,0.0,1.0
152139,0,1,3400,-69,69,564,13,20,0.66,47456.000000,0,27,0.40,0.0,3360.000000,68,0.0,0.0,0.0,1.0
152388,0,1,3400,-69,69,565,12,20,0.53,80352.000000,0,27,0.0,0.0,0.0,0.0,0.0,0.0,0.0,1.0
152637,0,1,3400,-69,69,565,16,20,0.67,37472.000000,0,27,0.064,0.0,2464.000000,68,0.0,0.0,0.0,1.0
152886,0,1,3400,-69,69,565,18,20,0.54,26560.000000,0,27,0.0,0.0,0.0,100.000000,0.0,0.0,0.0,1.0
153135,0,1,3400,-69,69,565,15,20,0.69,42880.000000,0,27,0.0,0.0,0.0,0.0,0.0,0.0,0.0,1.0
153384,0,1,3400,-69,69,564,17,19,0.75,21152.000000,0,27,0.0,0.0,0.0,0.0,0.0,0.0,0.0,1.0
153633,0,1,3400,-69,69,564,3.8,19,0.55,56736.000000,0,27,0.90,0.0,20608.000000,0,0.0,0.0,0.0,1.0
153882,0,1,3400,-69,69,564,12,19,0.50,34528.000000,0,27,2.0,0.0,0.0,0.0,0.0,0.0,0.0,1.0
154131,0,1,3400,-70,70,566,10,19,0.53,58816.000000,0,27,2.0,0.0,0.0,0.0,0.0,0.0,0.0,1.0
154380,0,1,3400,-70,70,565,5.5,19,0.50,60640.000000,0,27,2.0,0.0,4256.000000,0,0.0,0.0,0.0,1.0
154629,0,1,3400,-70,70,565,8.0,19,0.50,53568.000000,0,27,2.0,186,0.0,0.0,0.0,0.0,0.0,1.0
154878,0,1,3400,-70,70,566,12,19,0.50,21184.000000,0,27,1.2,0.0,2048.000000,70,0.0,0.0,0.0,1.0
155127,0,1,3400,-70,70,563,7.6,19,0.50,44096.000000,0,27,0.0,0.0,0.0,0.0,0.0,0.0,0.0,1.0
155376,0,1,3400,-70,70,566,12,19,0.50,42912.000000,0,27,0.0,0.0,0.0,0.0,0.0,0.0,0.0,1.0
155625,0,1,3400,-69,69,565,14,19,0.50,42528.000000,0,27,0.0,186,0.0,0.0,0.0,0.0,0.0,1.0
155874,0,1,3400,-69,69,564,14,19,0.50,58944.000000,0,27,0.0,144,0.0,50,0.0,0.0,0.0,1.0
156123,0,1,3400,-69,69,566,13,19,0.60,37664.000000,0,27,0.0,144,0.0,100.000000,0.0,0.0,0.0,1.0
156372,0,1,3400,-69,69,568,18,20,0.74,36576.000000,0,27,0.50,0.0,2880.000000,57,0.0,0.0,0.0,1.0
156621,0,1,3400,-68,68,568,17,20,0.81,26080.000000,0,27,2.0,186,0.0,0.0,0.0,0.0,0.0,1.0
156870,0,1,3400,-68,68,564,14,20,0.59,62688.000000,0,27,1.9,0.0,4512.000000,50,0.0,0.0,0.0,1.0
157119,0,1,3400,-68,68,562,19,20,0.69,26048.000000,0,27,2.0,0.0,0.0,0.0,0.0,0.0,0.0,1.0
157368,0,1,3400,-68,68,561,14,20,0.77,42720.000000,0,27,2.0,0.0,0.0,0.0,0.0,0.0,0.0,1.0
157617,0,1,3400,-68,68,565,10,20,0.72,85984.000000,2,27,1.7,144,0.0,80,0.0,0.0,0.0,1.0
157866,0,1,3400,-68,68,566,11,20,0.78,37536.000000,0,27,1.00,144,0.0,0.0,0.0,0.0,0.0,1.0
158115,0,1,3400,-69,69,563,11,20,0.73,46944.000000,0,27,2.5,0.0,11712.000000,61,0.0,0.0,0.0,1.0
158364,0,1,3400,-69,69,564,4.3,20,0.50,62976.000000,0,27,4.0,0.0,0.0,0.0,0.0,0.0,0.0,1.0
158613,0,1,3400,-68,68,566,4.9,20,0.50,32416.000000,0,27,3.0,144,0.0,80,0.0,0.0,0.0,1.0
158862,0,1,3400,-68,68,565,5.3,20,0.50,54880.000000,0,27,1.9,0.0,1568.000000,0,0.0,0.0,0.0,1.0
159111,0,1,3400,-68,68,562,4.8,21,0.50,34080.000000,0,27,3.0,0.0,18976.000000,50,0.0,0.0,0.0,1.0
159360,0,1,3400,-68,68,562,4.3,20,0.50,39808.000000,0,27,3.0,0.0,0.0,0.0,0.0,0.0,0.0,1.0
159609,0,1,3400,-68,68,565,4.7,20,0.50,53312.000000,0,27,3.3,60,0.0,80,0.0,0.0,0.0,1.0
159858,0,1,3400,-68,68,568,8.2,20,0.50,38368.000000,0,27,4.0,60,0.0,0.0,0.0,0.0,0.0,1.0
160107,0,1,3400,-69,69,565,12,20,0.50,48384.000000,0,27,11,0.0,5312.000000,56,0.0,0.0,0.0,1.0
160356,0,1,3400,-69,69,562,13,20,0.50,37728.000000,0,27,15,0.0,0.0,0.0,0.0,0.0,0.0,1.0
160605,0,1,3400,-69,69,562,13,20,0.50,37248.000000,0,27,13,112,0.0,80,0.0,0.0,0.0,1.0
160854,0,1,3400,-69,69,563,14,20,0.53,37152.000000,0,27,0.99,112,0.0,0.0,0.0,0.0,0.0,1.0
161103,0,1,3400,-69,69,563,12,20,0.50,10304.000000,0,27,0.43,70,0.0,80,0.0,0.0,0.0,1.0
161352,0,1,3400,-69,69,564,14,20,0.50,42240.000000,0,27,0.0,70,0.0,0.0,0.0,0.0,0.0,1.0
161601,0,1,3400,-69,69,565,12,19,0.52,53856.000000,0,27,1.0,0.0,19648.000000,59,0.0,0.0,0.0,1.0
161850,0,1,3400,-69,69,566,9.3,20,0.50,43744.000000,0,27,2.0,0.0,0.0,0.0,0.0,0.0,0.0,1.0
162099,0,1,3400,-69,69,565,7.9,20,0.50,16192.000000,0,27,2.0,0.0,0.0,0.0,0.0,0.0,0.0,1.0
162348,0,1,3400,-69,69,567,13,20,0.50,16000.000000,0,27,2.0,0.0,0.0,0.0,0.0,0.0,0.0,1.0
162597,0,1,3400,-69,69,568,14,20,0.50,32224.000000,0,27,1.7,54,1568.000000,50,0.0,0.0,0.0,1.0
162846,0,1,3400,-69,69,565,3.2,20,0.60,34272.000000,0,27,0.94,0.0,11456.000000,18,0.0,0.0,0.0,1.0
163095,0,1,3400,-69,69,563,15,20,1.3,17408.000000,14,27,1.0,0.0,0.0,0.0,0.0,0.0,0.0,1.0
163344,0,1,3400,-69,69,565,14,19,0.50,42208.000000,0,27,1.0,0.0,0.0,0.0,0.0,0.0,0.0,1.0
163593,0,1,3400,-69,69,566,14,20,0.55,46720.000000,0,27,1.0,186,0.0,0.0,0.0,0.0,0.0,1.0
163842,0,1,3400,-69,69,565,10,20,0.50,31776.000000,0,27,1.1,0.0,4256.000000,0,0.0,0.0,0.0,1.0
164091,0,1,3400,-69,69,566,11,20,0.50,42944.000000,0,27,1.9,0.0,1312.000000,90,0.0,0.0,0.0,1.0
164340,0,1,3400,-69,69,565,13,19,0.50,48480.000000,0,27,2.0,0.0,0.0,0.0,0.0,0.0,0.0,1.0
164589,0,1,3400,-69,69,564,13,20,0.50,32352.000000,0,27,1.8,144,0.0,80,0.0,0.0,0.0,1.0
164838,0,1,3400,-69,69,562,13,19,0.50,73504.000000,0,27,1.0,144,0.0,0.0,0.0,0.0,0.0,1.0
165087,0,1,3400,-69,69,563,15,20,0.52,53920.000000,0,27,0.70,0.0,6496.000000,52,0.0,0.0,0.0,1.0
165336,0,1,3400,-69,69,564,17,20,0.50,15616.000000,0,27,0.0,0.0,0.0,0.0,0.0,0.0,0.0,1.0
165585,0,1,3400,-69,69,568,15,20,0.50,15808.000000,0,27,0.0,186,0.0,0.0,0.0,0.0,0.0,1.0
165834,0,1,3400,-69,69,569,14,20,0.50,63168.000000,0,27,0.0,186,0.0,0.0,0.0,0.0,0.0,1.0
166083,0,1,3400,-69,69,565,13,20,0.50,5248.000000,0,27,0.46,0.0,3616.000000,70,0.0,0.0,0.0,1.0
166332,0,1,3400,-69,69,561,16,19,0.50,52256.000000,0,27,0.0,0.0,0.0,0.0,0.0,0.0,0.0,1.0
166581,0,1,3400,-69,69,561,14,20,0.50,36736.000000,0,27,0.0,186,0.0,0.0,0.0,0.0,0.0,1.0
166830,0,1,3400,-69,69,564,14,20,0.50,10400.000000,0,27,0.86,112,0.0,80,0.0,0.0,0.0,1.0
167079,0,1,3400,-69,69,570,14,19,0.50,42368.000000,0,27,1.0,112,0.0,0.0,0.0,0.0,0.0,1.0
167328,0,1,3400,-69,69,568,12,20,0.50,32544.000000,0,27,0.42,0.0,4448.000000,73,0.0,0.0,0.0,1.0
167577,0,1,3400,-69,69,566,8.1,19,0.50,43616.000000,0,27,0.48,0.0,4512.000000,62,0.0,0.0,0.0,1.0
167826,0,1,3400,-69,69,565,15,20,0.50,36704.000000,0,27,0.0,0.0,0.0,0.0,0.0,0.0,0.0,1.0
168075,0,1,3400,-69,69,564,6.2,20,0.50,41920.000000,0,27,0.41,0.0,2592.000000,0,0.0,0.0,0.0,1.0
168324,0,1,3400,-69,69,564,13,20,0.51,42048.000000,0,27,1.0,0.0,0.0,0.0,0.0,0.0,0.0,1.0
168573,0,1,3400,-69,69,565,12,19,0.50,61536.000000,0,27,1.0,112,0.0,80,0.0,0.0,0.0,1.0
168822,0,1,3400,-69,69,564,13,20,0.50,40256.000000,0,27,0.99,112,0.0,0.0,0.0,0.0,0.0,1.0
169071,0,1,3400,-69,69,566,15,19,0.50,62464.000000,0,27,1.0,112,0.0,0.0,0.0,0.0,0.0,1.0
169320,0,1,3400,-69,69,566,11,20,0.50,27456.000000,0,27,1.4,0.0,3264.000000,58,0.0,0.0,0.0,1.0
169569,0,1,3400,-69,69,564,3.7,20,0.50,50656.000000,0,27,2.1,0.0,4864.000000,44,0.0,0.0,0.0,1.0
169818,0,1,3400,-69,69,566,4.0,19,0.50,85024.000000,0,27,3.5,0.0,0.0,0.0,0.0,0.0,0.0,1.0
170067,0,1,3400,-69,69,564,4.6,20,0.50,50432.000000,0,27,3.5,0.0,0.0,0.0,0.0,0.0,0.0,1.0
170316,0,1,3400,-69,69,562,14,20,0.56,36768.000000,0,27,3.5,0.0,0.0,0.0,0.0,0.0,0.0,1.0
170565,0,1,3400,-68,68,563,15,20,0.55,46912.000000,0,27,3.1,0.0,8512.000000,60,0.0,0.0,0.0,1.0
170814,0,1,3400,-68,68,563,15,20,0.69,42048.000000,0,27,2.0,0.0,0.0,0.0,0.0,0.0,0.0,1.0
171063,0,1,3400,-68,68,564,15,21,0.50,26048.000000,0,27,2.0,0.0,0.0,0.0,0.0,0.0,0.0,1.0
171312,0,1,3400,-68,68,563,16,21,0.50,20864.000000,0,27,2.0,0.0,0.0,0.0,0.0,0.0,0.0,1.0
171561,0,1,3400,-68,68,565,11,20,0.50,42784.000000,0,27,2.3,60,0.0,80,0.0,0.0,0.0,1.0
171810,0,1,3400,-68,68,568,15,20,0.50,41824.000000,0,27,3.0,60,0.0,0.0,0.0,0.0,0.0,1.0
172059,0,1,3400,-69,69,565,14,20,0.50,15904.000000,0,27,3.0,60,0.0,0.0,0.0,0.0,0.0,1.0
172308,0,1,3400,-69,69,564,13,20,0.50,27008.000000,0,27,3.4,0.0,2528.000000,33,0.0,0.0,0.0,1.0
172557,0,1,3400,-69,69,567,13,19,0.50,58560.000000,0,27,3.0,165,0.0,80,0.0,0.0,0.0,1.0
172806,0,1,3400,-69,69,566,11,20,0.50,21248.000000,0,27,2.0,165,0.0,0.0,0.0,0.0,0.0,1.0
173055,0,1,3400,-69,69,563,12,20,0.50,21504.000000,0,27,2.0,165,0.0,0.0,0.0,0.0,0.0,1.0
173304,0,1,3400,-69,69,562,12,20,0.50,59680.000000,0,27,1.1,0.0,5728.000000,67,0.0,0.0,0.0,1.0
173553,0,1,3400,-69,69,561,12,19,0.50,32576.000000,0,27,1.1,0.0,6656.000000,67,0.0,0.0,0.0,1.0
173802,0,1,3400,-69,69,561,9.8,20,0.50,21760.000000,0,27,16,0.0,0.0,0.0,0.0,0.0,0.0,1.0
174051,0,1,3400,-69,69,566,7.0,20,0.50,32864.000000,0,27,16,0.0,0.0,0.0,0.0,0.0,0.0,1.0
174300,0,1,3400,-69,69,566,12,20,0.50,47616.000000,0,27,16,0.0,0.0,0.0,0.0,0.0,0.0,1.0
174549,0,1,3400,-69,69,563,14,20,0.50,37056.000000,0,27,14,144,0.0,80,0.0,0.0,0.0,1.0
174798,0,1,3400,-69,69,564,15,19,0.50,47360.000000,0,27,2.0,144,0.0,0.0,0.0,0.0,0.0,1.0
175047,0,1,3400,-69,69,563,14,20,0.50,42688.000000,0,27,2.0,102,0.0,80,0.0,0.0,0.0,1.0
175296,0,1,3400,-69,69,566,13,20,0.51,37056.000000,0,27,2.0,102,0.0,0.0,0.0,0.0,0.0,1.0
175545,0,1,3400,-69,69,564,16,20,0.50,36608.000000,0,27,2.0,203,0.0,80,0.0,0.0,0.0,1.0
175794,0,1,3400,-69,69,563,16,20,0.50,31712.000000,0,27,2.0,203,0.0,0.0,0.0,0.0,0.0,1.0
176043,0,1,3400,-69,69,564,10,20,0.50,37312.000000,0,27,2.0,161,0.0,80,0.0,0.0,0.0,1.0
176292,0,1,3400,-69,69,567,15,20,0.53,52096.000000,0,27,2.0,161,0.0,0.0,0.0,0.0,0.0,1.0
176541,0,1,3400,-69,69,567,15,20,0.54,36992.000000,0,27,2.0,186,2048.000000,57,0.0,0.0,0.0,1.0
176790,0,1,3400,-69,69,564,15,20,0.50,26144.000000,0,27,2.0,186,0.0,0.0,0.0,0.0,0.0,1.0
177039,0,1,3400,-69,69,565,14,19,0.50,53056.000000,0,27,2.0,112,0.0,80,0.0,0.0,0.0,1.0
177288,0,1,3400,-69,69,568,13,20,0.50,31936.000000,0,27,2.0,38,0.0,75,0.0,0.0,0.0,1.0
177537,0,1,3400,-69,69,566,12,19,0.50,42688.000000,0,27,2.0,149,0.0,83,0.0,0.0,0.0,1.0
177786,0,1,3400,-69,69,567,13,20,0.50,26144.000000,0,27,2.0,149,0.0,0.0,0.0,0.0,0.0,1.0
178035,0,1,3400,-69,69,563,11,19,0.50,37056.000000,0,27,2.0,149,0.0,0.0,0.0,0.0,0.0,1.0
178284,0,1,3400,-69,69,563,16,20,0.50,42048.000000,0,27,2.0,149,0.0,0.0,0.0,0.0,0.0,1.0
178533,0,1,3400,-69,69,565,14,19,0.50,31968.000000,0,27,1.7,0.0,3360.000000,61,0.0,0.0,0.0,1.0
178782,0,1,3400,-69,69,563,4.1,20,0.50,29184.000000,0,27,0.0,0.0,9760.000000,58,0.0,0.0,0.0,1.0
179031,0,1,3400,-69,69,563,6.8,19,0.50,38496.000000,0,27,0.0,0.0,0.0,0.0,0.0,0.0,0.0,1.0
179280,0,1,3400,-69,69,561,13,19,0.50,32032.000000,0,27,0.0,0.0,0.0,0.0,0.0,0.0,0.0,1.0
179529,0,1,3400,-69,69,565,12,19,0.50,74816.000000,0,27,0.0,144,0.0,80,0.0,0.0,0.0,1.0
179778,0,1,3400,-69,69,561,14,19,0.60,42816.000000,0,27,0.0,102,0.0,50,0.0,0.0,0.0,1.0
180027,0,1,3400,-70,70,559,11,19,0.50,37888.000000,0,27,0.0,102,0.0,100.000000,0.0,0.0,0.0,1.0
180276,0,1,3400,-70,70,564,14,19,0.56,53184.000000,0,27,0.0,102,0.0,0.0,0.0,0.0,0.0,1.0
180525,0,1,3400,-69,69,565,14,19,0.54,36864.000000,0,27,0.0,245,0.0,0,0.0,0.0,0.0,1.0
180774,0,1,3400,-69,69,563,13,19,0.50,36800.000000,0,27,0.0,245,0.0,100.000000,0.0,0.0,0.0,1.0
181023,0,1,3400,-69,69,566,17,19,0.50,25952.000000,0,27,0.0,245,0.0,0.0,0.0,0.0,0.0,