time,nof_ue,dl_brate,ul_brate
1604111278351,0,0.0,0.0
1604111278601,0,0.0,0.0
1604111278851,0,0.0,0.0
1604111279101,0,0.0,0.0
1604111279351,0,0.0,0.0
1604111279601,0,0.0,0.0
1604111279851,0,0.0,0.0
1604111280101,0,0.0,0.0
1604111280351,0,0.0,0.0
1604111280601,0,0.0,0.0
1604111280851,0,0.0,0.0
1604111281101,0,0.0,0.0
1604111281351,0,0.0,0.0
1604111281601,0,0.0,0.0
1604111281851,0,0.0,0.0
1604111282101,0,0.0,0.0
1604111282351,0,0.0,0.0
1604111282601,0,0.0,0.0
1604111282851,0,0.0,0.0
1604111283101,0,0.0,0.0
1604111283351,0,0.0,0.0
1604111283601,0,0.0,0.0
1604111283851,0,0.0,0.0
1604111284101,0,0.0,0.0
1604111284351,0,0.0,0.0
1604111284601,0,0.0,0.0
1604111284851,0,0.0,0.0
1604111285101,0,0.0,0.0
1604111285351,0,0.0,0.0
1604111285601,0,0.0,0.0
1604111285851,0,0.0,0.0
1604111286101,0,0.0,0.0
1604111286351,0,0.0,0.0
1604111286601,0,0.0,0.0
1604111286851,0,0.0,0.0
1604111287101,0,0.0,0.0
1604111287351,0,0.0,0.0
1604111287601,0,0.0,0.0
1604111287851,0,0.0,0.0
1604111288101,0,0.0,0.0
1604111288351,0,0.0,0.0
1604111288601,0,0.0,0.0
1604111288851,0,0.0,0.0
1604111289101,0,0.0,0.0
1604111289351,0,0.0,0.0
1604111289601,0,0.0,0.0
1604111289851,0,0.0,0.0
1604111290101,0,0.0,0.0
1604111290351,0,0.0,0.0
1604111290601,0,0.0,0.0
1604111290851,0,0.0,0.0
1604111291101,0,0.0,0.0
1604111291351,0,0.0,0.0
1604111291601,0,0.0,0.0
1604111291851,0,0.0,0.0
1604111292101,0,0.0,0.0
1604111292351,0,0.0,0.0
1604111292601,0,0.0,0.0
1604111292851,0,0.0,0.0
1604111293101,0,0.0,0.0
1604111293351,0,0.0,0.0
1604111293601,0,0.0,0.0
1604111293851,0,0.0,0.0
1604111294101,0,0.0,0.0
1604111294351,0,0.0,0.0
1604111294601,0,0.0,0.0
1604111294851,0,0.0,0.0
1604111295101,0,0.0,0.0
1604111295351,0,0.0,0.0
1604111295601,0,0.0,0.0
1604111295851,0,0.0,0.0
1604111296101,0,0.0,0.0
1604111296351,0,0.0,0.0
1604111296601,0,0.0,0.0
1604111296851,0,0.0,0.0
1604111297101,0,0.0,0.0
1604111297351,0,0.0,0.0
1604111297601,0,0.0,0.0
1604111297851,0,0.0,0.0
1604111298101,0,0.0,0.0
1604111298351,0,0.0,0.0
1604111298601,0,0.0,0.0
1604111298851,0,0.0,0.0
1604111299101,0,0.0,0.0
1604111299351,0,0.0,0.0
1604111299601,0,0.0,0.0
1604111299851,0,0.0,0.0
1604111300101,0,0.0,0.0
1604111300351,0,0.0,0.0
1604111300601,0,0.0,0.0
1604111300851,0,0.0,0.0
1604111301101,0,0.0,0.0
1604111301351,0,0.0,0.0
1604111301601,0,0.0,0.0
1604111301851,0,0.0,0.0
1604111302101,0,0.0,0.0
1604111302351,0,0.0,0.0
1604111302601,0,0.0,0.0
1604111302851,0,0.0,0.0
1604111303101,0,0.0,0.0
1604111303351,0,0.0,0.0
1604111303601,0,0.0,0.0
1604111303851,0,0.0,0.0
1604111304101,0,0.0,0.0
1604111304351,2,12006.201172,2546.770020
1604111304601,2,0.0,0.0
1604111304851,8,18817.617188,109622.351562
1604111305101,9,23792.000000,200341.750000
1604111305351,9,78688.000000,461376.000000
1604111305602,10,390838.843750,334016.000000
1604111305851,10,1187392.000000,243424.000000
1604111306101,10,1096320.000000,235200.000000
1604111306351,10,855616.000000,162368.000000
1604111306601,10,773984.000000,329728.000000
1604111306851,10,888064.000000,313696.000000
1604111307101,11,841630.625000,103085.289062
1604111307351,11,810912.000000,10944.000000
1604111307601,11,710368.000000,84480.000000
1604111307851,11,437952.000000,59328.000000
1604111308101,11,485536.000000,263680.000000
1604111308351,11,751488.000000,49984.000000
1604111308601,11,825056.000000,56704.000000
1604111308851,11,744032.000000,198176.000000
1604111309101,11,787584.000000,13344.000000
1604111309351,11,936736.000000,85408.000000
1604111309601,11,1236224.000000,76192.000000
1604111309851,11,1161856.000000,67744.000000
1604111310101,11,800544.000000,39936.000000
1604111310351,11,494912.000000,149760.000000
1604111310601,11,331904.000000,103040.000000
1604111310851,11,327104.000000,54208.000000
1604111311101,11,406624.000000,0.0
1604111311351,11,1125568.000000,109312.000000
1604111311601,11,959840.000000,70720.000000
1604111311851,11,849600.000000,77280.000000
1604111312101,11,697408.000000,67488.000000
1604111312351,11,935872.000000,49952.000000
1604111312601,11,682496.000000,74976.000000
1604111312851,10,781280.000000,102144.000000
1604111313101,10,678368.000000,55616.000000
1604111313351,10,575360.000000,131584.000000
1604111313601,10,537440.000000,93152.000000
1604111313851,10,648480.000000,76000.000000
1604111314101,10,737312.000000,8128.000000
1604111314351,10,709440.000000,97408.000000
1604111314601,10,1070784.000000,49472.000000
1604111314851,10,607776.000000,52480.000000
1604111315101,10,342752.000000,27328.000000
1604111315351,10,699360.000000,181856.000000
1604111315601,10,581280.000000,72192.000000
1604111315851,10,647232.000000,42560.000000
1604111316101,10,1052224.000000,111808.000000
1604111316351,10,661664.000000,48320.000000
1604111316601,10,715552.000000,31328.000000
1604111316851,10,393408.000000,45056.000000
1604111317101,10,784448.000000,99680.000000
1604111317351,10,643232.000000,38368.000000
1604111317601,10,584256.000000,108448.000000
1604111317851,10,716160.000000,125280.000000
1604111318101,10,650880.000000,9376.000000
1604111318351,10,650592.000000,52128.000000
1604111318601,10,781888.000000,26176.000000
1604111318851,10,623936.000000,60128.000000
1604111319101,10,639936.000000,125120.000000
1604111319351,10,632096.000000,199008.000000
1604111319601,10,840224.000000,111264.000000
1604111319851,10,592480.000000,115488.000000
1604111320101,10,666368.000000,11936.000000
1604111320351,10,849216.000000,75168.000000
1604111320601,10,894912.000000,23488.000000
1604111320851,10,685184.000000,189344.000000
1604111321101,10,1068768.000000,62144.000000
1604111321351,10,625600.000000,44736.000000
1604111321601,10,514464.000000,68160.000000
1604111321851,10,453408.000000,118112.000000
1604111322101,10,683712.000000,63040.000000
1604111322351,10,896416.000000,85600.000000
1604111322601,10,746528.000000,117984.000000
1604111322851,10,619776.000000,58336.000000
1604111323101,10,686176.000000,0.0
1604111323351,10,697344.000000,51680.000000
1604111323601,10,643040.000000,93664.000000
1604111323851,10,697184.000000,115680.000000
1604111324101,10,575456.000000,0.0
1604111324351,10,589184.000000,34592.000000
1604111324601,10,862048.000000,32064.000000
1604111324851,10,618400.000000,64192.000000
1604111325101,10,767424.000000,83296.000000
1604111325351,10,682816.000000,89120.000000
1604111325601,10,663360.000000,80640.000000
1604111325851,10,681024.000000,147040.000000
1604111326101,10,546624.000000,0.0
1604111326351,10,564480.000000,54432.000000
1604111326601,10,583712.000000,150368.000000
1604111326851,10,548672.000000,74144.000000
1604111327101,10,738912.000000,36416.000000
1604111327351,10,792640.000000,120096.000000
1604111327601,10,783904.000000,58848.000000
1604111327851,10,783360.000000,58784.000000
1604111328101,10,692512.000000,73472.000000
1604111328351,10,423104.000000,116032.000000
1604111328601,10,689440.000000,147584.000000
1604111328851,10,800576.000000,59520.000000
1604111329101,10,592224.000000,94880.000000
1604111329351,10,804544.000000,98944.000000
1604111329601,10,721952.000000,58144.000000
1604111329851,10,700160.000000,55072.000000
1604111330101,10,755648.000000,30272.000000
1604111330351,10,903136.000000,183936.000000
1604111330601,10,841856.000000,35968.000000
1604111330851,10,710496.000000,139456.000000
1604111331101,10,705504.000000,16640.000000
1604111331351,10,997152.000000,122784.000000
1604111331601,10,986388.187500,80864.000000
1604111331851,10,958081.062500,49721.117188
1604111332101,10,1288768.000000,28928.000000
1604111332351,10,1212704.000000,139520.000000
1604111332601,10,1367648.000000,85728.000000
1604111332851,10,1387904.000000,80960.000000
1604111333101,10,1319392.000000,13632.000000
1604111333351,10,1373696.000000,39616.000000
1604111333601,10,1352128.000000,128928.000000
1604111333851,10,975968.000000,159840.000000
1604111334101,10,1291712.000000,64128.000000
1604111334351,10,1312192.000000,114944.000000
1604111334601,10,841504.000000,48416.000000
1604111334851,10,1164352.000000,94496.000000
1604111335101,10,967360.000000,18464.000000
1604111335351,10,1106816.000000,89824.000000
1604111335601,10,1116224.000000,63680.000000
1604111335851,10,1136192.000000,117792.000000
1604111336101,10,951936.000000,90752.000000
1604111336351,10,847712.000000,64352.000000
1604111336601,10,1322496.000000,17984.000000
1604111336851,10,804320.000000,166048.000000
1604111337101,10,907616.000000,84672.000000
1604111337351,10,1075744.000000,72000.000000
1604111337601,10,834144.000000,25312.000000
1604111337851,10,1302432.000000,216608.000000
1604111338101,10,1124480.000000,4256.000000
1604111338351,10,1076480.000000,185088.000000
1604111338601,10,1239040.000000,0.0
1604111338851,10,919872.000000,118752.000000
1604111339101,10,760512.000000,21216.000000
1604111339351,10,974176.000000,62176.000000
1604111339601,10,927776.000000,88224.000000
1604111339851,10,769344.000000,90752.000000
1604111340101,10,1171520.000000,0.0
1604111340351,10,908032.000000,93344.000000
1604111340601,10,1249088.000000,97152.000000
1604111340851,10,1067520.000000,115200.000000
1604111341101,10,1145920.000000,0.0
1604111341351,10,1066144.000000,110624.000000
1604111341601,10,890048.000000,99744.000000
1604111341851,10,778272.000000,43072.000000
1604111342101,10,954080.000000,42688.000000
1604111342351,10,1008672.000000,128704.000000
1604111342601,10,1092448.000000,126624.000000
1604111342851,10,834208.000000,46816.000000
1604111343101,10,1762067.375000,33755.242188
1604111343351,10,1418247.875000,62880.000000
1604111343601,10,1589568.000000,47072.000000
1604111343851,10,1351648.000000,123744.000000
1604111344101,10,1864672.000000,0.0
1604111344351,10,1155712.000000,49440.000000
1604111344601,10,729056.000000,122144.000000
1604111344851,10,1201440.000000,27872.000000
1604111345101,10,1463968.000000,28672.000000
1604111345351,10,1376448.000000,159456.000000
1604111345601,10,771840.000000,127296.000000
1604111345851,10,871264.000000,112160.000000
1604111346101,10,1145824.000000,0.0
1604111346351,10,1450656.000000,156192.000000
1604111346601,10,879712.000000,109856.000000
1604111346851,10,817312.000000,120608.000000
1604111347101,10,864512.000000,6016.000000
1604111347351,10,1412640.000000,100960.000000
1604111347601,10,939168.000000,65376.000000
1604111347851,10,811776.000000,53888.000000
1604111348101,10,929792.000000,81184.000000
1604111348351,10,1174752.000000,35456.000000
1604111348601,10,789152.000000,95680.000000
1604111348851,10,1267616.000000,17760.000000
1604111349101,10,1794528.000000,41632.000000
1604111349351,10,1546560.000000,72064.000000
1604111349601,10,1500800.000000,82592.000000
1604111349851,10,999936.000000,105824.000000
1604111350101,10,1049152.000000,1568.000000
1604111350351,10,1445792.000000,33664.000000
1604111350601,10,918944.000000,215040.000000
1604111350851,10,1421472.000000,16928.000000
1604111351101,10,1333280.000000,40384.000000
1604111351351,10,1653152.000000,108608.000000
1604111351601,10,1372704.000000,51200.000000
1604111351851,10,1744032.000000,33760.000000
1604111352101,10,1261216.000000,0.0
1604111352351,10,886880.000000,159840.000000
1604111352601,10,825760.000000,90784.000000
1604111352851,10,1570656.000000,44864.000000
1604111353101,10,1232864.000000,111136.000000
1604111353351,10,1118656.000000,80160.000000
1604111353601,10,1529952.000000,67680.000000
1604111353851,10,1090048.000000,58656.000000
1604111354101,10,1275296.000000,0.0
1604111354351,10,1017600.000000,66944.000000
1604111354601,10,1182272.000000,211552.000000
1604111354851,10,1283200.000000,22496.000000
1604111355101,10,1326048.000000,5824.000000
1604111355351,10,1371520.000000,53568.000000
1604111355601,10,1036000.000000,23520.000000
1604111355851,10,868064.000000,86784.000000
1604111356101,10,1451744.000000,83328.000000
1604111356351,10,1171328.000000,64640.000000
1604111356601,10,1239936.000000,93056.000000
1604111356851,10,1218592.000000,40608.000000
1604111357101,10,875040.000000,107424.000000
1604111357351,10,1031680.000000,191104.000000
1604111357601,10,1871904.000000,24032.000000
1604111357851,10,753472.000000,102080.000000
1604111358101,10,1125216.000000,24608.000000
1604111358351,10,875424.000000,106368.000000
1604111358601,10,1049280.000000,113952.000000
1604111358851,10,1276576.000000,213760.000000
1604111359101,10,1548064.000000,1568.000000
1604111359351,10,1492768.000000,140320.000000
1604111359601,10,1527808.000000,53504.000000
1604111359851,10,1149440.000000,83616.000000
1604111360101,10,1526336.000000,6752.000000
1604111360351,10,1056288.000000,202144.000000
1604111360601,10,1167232.000000,91968.000000
1604111360851,10,1368096.000000,72064.000000
1604111361101,10,1408320.000000,43712.000000
1604111361351,10,1769216.000000,88544.000000
1604111361601,10,1321280.000000,107232.000000
1604111361851,10,1707040.000000,91264.000000
1604111362101,10,1021888.000000,21312.000000
1604111362351,10,1623584.000000,39840.000000
1604111362601,10,915136.000000,64128.000000
1604111362851,10,1146432.000000,53792.000000
1604111363101,10,907680.000000,197024.000000
1604111363352,10,1343200.000000,64992.000000
1604111363601,10,1147968.000000,39840.000000
1604111363851,10,1229792.000000,92480.000000
1604111364101,10,806592.000000,52672.000000
1604111364351,10,1330112.000000,67648.000000
1604111364601,10,1078112.000000,73888.000000
1604111364851,10,485440.000000,34976.000000
1604111365101,10,1099872.000000,159104.000000
1604111365351,10,996864.000000,157152.000000
1604111365601,10,1032160.000000,86112.000000
1604111365851,10,1876704.000000,35104.000000
1604111366101,10,995296.000000,103104.000000
1604111366351,10,1054208.000000,48256.000000
1604111366601,10,1465856.000000,93664.000000
1604111366851,10,1294848.000000,116160.000000
1604111367101,10,1870176.000000,35712.000000
1604111367351,10,2071072.000000,49824.000000
1604111367601,10,1117824.000000,48576.000000
1604111367851,10,1521312.000000,195168.000000
1604111368101,10,768448.000000,0.0
1604111368351,10,1696256.000000,87168.000000
1604111368601,10,1345376.000000,130336.000000
1604111368851,10,1392416.000000,63296.000000
1604111369101,10,1652128.000000,24000.000000
1604111369351,10,1011200.000000,160288.000000
1604111369601,10,1101664.000000,92416.000000
1604111369851,10,1303264.000000,379232.000000
1604111370101,10,1234880.000000,7200.000000
1604111370351,10,1280256.000000,50368.000000
1604111370601,9,1338591.500000,91808.000000
1604111370851,9,1000437.687500,115904.000000
1604111371101,9,1064224.000000,0.0
1604111371351,9,1024928.000000,16576.000000
1604111371601,9,1174368.000000,93184.000000
1604111371851,9,1302880.000000,58240.000000
1604111372101,9,1023360.000000,4256.000000
1604111372351,9,1248896.000000,73312.000000
1604111372601,9,1265472.000000,45824.000000
1604111372851,9,1379104.000000,31296.000000
1604111373101,9,1197568.000000,100000.000000
1604111373351,9,1380544.000000,52896.000000
1604111373601,9,889472.000000,91840.000000
1604111373851,9,991392.000000,182464.000000
1604111374101,9,1261344.000000,38688.000000
1604111374351,9,1006080.000000,129312.000000
1604111374601,9,1107200.000000,88864.000000
1604111374851,9,1142176.000000,71968.000000
1604111375101,9,1149280.000000,28992.000000
1604111375351,9,1526464.000000,63392.000000
1604111375601,9,1063712.000000,44032.000000
1604111375851,9,1547936.000000,273056.000000
1604111376101,9,1178656.000000,9408.000000
1604111376351,9,1521120.000000,66528.000000
1604111376601,9,1332576.000000,148896.000000
1604111376851,9,1244928.000000,97504.000000
1604111377101,9,1565216.000000,17568.000000
1604111377351,9,1287808.000000,29184.000000
1604111377601,9,1317472.000000,104768.000000
1604111377851,9,1429600.000000,34912.000000
1604111378101,9,1416704.000000,1568.000000
1604111378351,9,1373312.000000,195424.000000
1604111378601,9,1465920.000000,70368.000000
1604111378851,9,1187648.000000,61472.000000
1604111379101,9,1461184.000000,142304.000000
1604111379351,9,1092480.000000,83456.000000
1604111379601,9,1132288.000000,72768.000000
1604111379851,9,1137280.000000,80256.000000
1604111380101,9,1155328.000000,9376.000000
1604111380351,9,1336160.000000,70272.000000
1604111380601,9,1120480.000000,57888.000000
1604111380851,9,1150368.000000,40512.000000
1604111381101,9,1226624.000000,18368.000000
1604111381351,9,1194496.000000,116000.000000
1604111381601,9,830624.000000,39936.000000
1604111381851,9,1397952.000000,56288.000000
1604111382101,9,913888.000000,0.0
1604111382351,9,1319904.000000,71488.000000
1604111382601,9,1171808.000000,83936.000000
1604111382851,9,1017664.000000,0.0
1604111383101,9,1121376.000000,131264.000000
1604111383351,9,1287264.000000,104448.000000
1604111383602,9,1761728.000000,65920.000000
1604111383851,9,1347168.000000,229056.000000
1604111384101,9,1165728.000000,31648.000000
1604111384351,9,1325632.000000,78272.000000
1604111384601,9,1165184.000000,40576.000000
1604111384851,9,1245344.000000,82880.000000
1604111385101,9,1233440.000000,0.0
1604111385351,9,1288032.000000,42368.000000
1604111385601,9,1278848.000000,131968.000000
1604111385851,9,1396544.000000,25696.000000
1604111386101,9,1069792.000000,37984.000000
1604111386351,9,968000.000000,67040.000000
1604111386601,9,1071264.000000,129632.000000
1604111386851,9,1361728.000000,200096.000000
1604111387101,9,1346080.000000,36992.000000
1604111387351,9,1263424.000000,72768.000000
1604111387601,9,1133152.000000,61248.000000
1604111387851,9,1366880.000000,43200.000000
1604111388101,9,919264.000000,17056.000000
1604111388351,9,1220832.000000,96160.000000
1604111388601,9,1201888.000000,90560.000000
1604111388851,9,1870688.000000,35616.000000
1604111389101,9,1475744.000000,68896.000000
1604111389351,9,950432.000000,242368.000000
1604111389601,9,1041670.687500,77686.750000
1604111389851,9,1305083.625000,35537.847656
1604111390101,9,951808.000000,116608.000000
1604111390351,9,1444032.000000,50368.000000
1604111390601,9,1258976.000000,202496.000000
1604111390851,9,1296832.000000,20192.000000
1604111391101,9,1057504.000000,76512.000000
1604111391351,9,1482880.000000,74816.000000
1604111391601,9,2483168.000000,59008.000000
1604111391851,9,3472800.000000,70176.000000
1604111392101,9,2398464.000000,147232.000000
1604111392351,9,2048352.000000,53568.000000
1604111392601,9,2852576.000000,53888.000000
1604111392851,9,2710528.000000,67296.000000
1604111393101,9,2286272.000000,4768.000000
1604111393351,9,2263680.000000,97088.000000
1604111393601,9,1802944.000000,36384.000000
1604111393851,9,1996000.000000,59680.000000
1604111394101,9,3224448.000000,0.0
1604111394351,9,2305344.000000,122336.000000
1604111394601,9,2140640.000000,97408.000000
1604111394851,9,3344256.000000,63744.000000
1604111395101,9,2272384.000000,27552.000000
1604111395351,9,1825440.000000,128928.000000
1604111395601,9,1868320.000000,49696.000000
1604111395851,9,1849280.000000,63424.000000
1604111396101,9,2478016.000000,45088.000000
1604111396351,9,2863616.000000,53056.000000
1604111396601,9,1944672.000000,36928.000000
1604111396851,9,2166560.000000,14080.000000
1604111397101,9,1559072.000000,53312.000000
1604111397351,9,2979168.000000,113696.000000
1604111397601,9,1939968.000000,45664.000000
1604111397851,9,2080288.000000,15904.000000
1604111398101,9,2802208.000000,25056.000000
1604111398351,9,2323776.000000,181600.000000
1604111398601,9,2098784.000000,113472.000000
1604111398851,9,1879168.000000,138592.000000
1604111399101,9,2227872.000000,56448.000000
1604111399351,9,2068096.000000,80864.000000
1604111399601,9,2771104.000000,38208.000000
1604111399851,9,2254240.000000,75040.000000
1604111400101,9,1961664.000000,9376.000000
1604111400351,9,2058720.000000,62048.000000
1604111400601,9,2456192.000000,54912.000000
1604111400851,9,2667328.000000,65888.000000
1604111401101,9,1886624.000000,48800.000000
1604111401351,9,2371360.000000,102048.000000
1604111401601,9,1903040.000000,93824.000000
1604111401851,9,2826944.000000,53920.000000
1604111402101,9,2126560.000000,17056.000000
1604111402351,9,2474752.000000,71136.000000
1604111402601,9,1591936.000000,47296.000000
1604111402851,9,1284000.000000,60448.000000
1604111403101,9,2457542.000000,17927.710938
1604111403351,9,2042326.625000,82996.015625
1604111403601,9,2282848.000000,23936.000000
1604111403851,9,2108672.000000,133824.000000
1604111404101,9,1842016.000000,1568.000000
1604111404351,9,1917472.000000,120512.000000
1604111404601,9,2124320.000000,61088.000000
1604111404851,9,2297152.000000,26336.000000
1604111405101,9,1510656.000000,104896.000000
1604111405351,9,1654784.000000,58432.000000
1604111405601,9,1681504.000000,73088.000000
1604111405851,9,2811232.000000,23744.000000
1604111406101,9,1721472.000000,11616.000000
1604111406351,9,2188320.000000,85792.000000
1604111406601,9,1816960.000000,65472.000000
1604111406851,9,3154976.000000,196192.000000
1604111407101,9,1494464.000000,16320.000000
1604111407351,9,2380928.000000,60224.000000
1604111407601,9,1612480.000000,74656.000000
1604111407851,9,2159744.000000,174624.000000
1604111408101,9,2878880.000000,3136.000000
1604111408351,9,2264224.000000,66816.000000
1604111408601,9,2382560.000000,53056.000000
1604111408851,9,2201600.000000,21856.000000
1604111409101,9,2632321.250000,22779.115234
1604111409351,9,2419473.750000,61768.925781
1604111409601,9,2154152.500000,2602.409668
1604111409851,9,2173227.000000,141131.484375
1604111410101,9,2656416.000000,20192.000000
1604111410351,9,2685848.250000,37611.179688
1604111410601,9,2856790.500000,99872.000000
1604111410851,9,2716864.000000,131264.000000
1604111411101,9,2890720.000000,40160.000000
1604111411351,9,1774240.000000,284832.000000
1604111411601,9,2127488.000000,124256.000000
1604111411851,9,2606080.000000,66112.000000
1604111412101,9,2169344.000000,0.0
1604111412351,9,2455616.000000,205760.000000
1604111412601,9,2876224.000000,49056.000000
1604111412851,9,2008704.000000,216960.000000
1604111413101,9,1502208.000000,0.0
1604111413351,9,1679008.000000,83264.000000
1604111413601,9,2003808.000000,61344.000000
1604111413851,9,2411840.000000,39008.000000
1604111414101,9,1782912.000000,76512.000000
1604111414351,9,2021120.000000,118624.000000
1604111414601,9,1863680.000000,82528.000000
1604111414851,9,2538336.000000,20096.000000
1604111415101,9,2043405.750000,14265.060547
1604111415351,9,2413609.500000,18996.015625
1604111415601,9,2712096.000000,63616.000000
1604111415851,9,2360896.000000,0.0
1604111416101,9,2380320.000000,50208.000000
1604111416351,9,2706688.000000,88032.000000
1604111416601,9,1950144.000000,176000.000000
1604111416851,9,2211936.000000,45024.000000
1604111417101,9,1801024.000000,3136.000000
1604111417351,9,1789280.000000,134336.000000
1604111417601,9,2116864.000000,52480.000000
1604111417851,9,2932960.000000,28512.000000
1604111418101,9,1965888.000000,37280.000000
1604111418351,9,2042592.000000,56864.000000
1604111418601,9,1884224.000000,68288.000000
1604111418851,9,2376480.000000,25312.000000
1604111419101,9,1376256.000000,111840.000000
1604111419351,9,1753632.000000,76128.000000
1604111419601,9,2289472.000000,65568.000000
1604111419851,9,2353504.000000,20832.000000
1604111420101,9,3507808.000000,53888.000000
1604111420351,9,1861472.000000,193824.000000
1604111420601,9,3670112.000000,71456.000000
1604111420851,9,2310464.000000,47488.000000
1604111421101,9,2259104.000000,3136.000000
1604111421351,9,1578016.000000,70656.000000
1604111421601,9,2282112.000000,53632.000000
1604111421851,9,2404064.000000,146112.000000
1604111422101,9,1759200.000000,38368.000000
1604111422351,9,1972608.000000,82048.000000
1604111422601,9,2002464.000000,54944.000000
1604111422851,9,2532160.000000,45696.000000
1604111423101,9,2139872.000000,34880.000000
1604111423351,9,1754496.000000,213376.000000
1604111423601,9,2410848.000000,46720.000000
1604111423851,9,2101152.000000,42752.000000
1604111424101,9,2908416.000000,9376.000000
1604111424351,9,3301760.000000,87936.000000
1604111424601,9,2454112.000000,113344.000000
1604111424851,9,1871008.000000,37760.000000
1604111425101,9,2588928.000000,24224.000000
1604111425351,9,2730944.000000,61344.000000
1604111425601,9,2718976.000000,78272.000000
1604111425851,9,2644928.000000,49376.000000
1604111426101,9,1433184.000000,0.0
1604111426351,9,1681856.000000,44160.000000
1604111426601,9,1672320.000000,77344.000000
1604111426851,9,1952224.000000,41216.000000
1604111427101,9,1473888.000000,60384.000000
1604111427351,9,1578944.000000,76736.000000
1604111427601,9,2159488.000000,65696.000000
1604111427851,9,1872960.000000,77920.000000
1604111428101,9,1941856.000000,0.0
1604111428351,9,1809920.000000,54144.000000
1604111428601,9,1794272.000000,48960.000000
1604111428851,9,2560704.000000,75200.000000
1604111429101,9,1990161.500000,26056.224609
1604111429351,9,1923330.250000,62211.312500
1604111429601,9,1610784.000000,96896.000000
1604111429851,9,2497088.000000,56384.000000
1604111430101,9,2546281.000000,0.0
1604111430351,9,2563744.000000,67424.000000
1604111430601,9,2645514.000000,54565.738281
1604111430851,9,2703648.000000,27456.000000
1604111431101,9,2483104.000000,195392.000000
1604111431352,9,2413088.000000,37344.000000
1604111431601,9,2441440.000000,93856.000000
1604111431851,9,2269440.000000,35904.000000
1604111432101,9,2318176.000000,59296.000000
1604111432351,9,1775808.000000,26976.000000
1604111432601,9,1805248.000000,69344.000000
1604111432851,9,2279936.000000,49856.000000
1604111433101,9,2329092.500000,4722.891602
1604111433351,9,2258400.000000,45504.000000
1604111433601,9,2113785.000000,39521.914062
1604111433851,9,1936608.000000,119424.000000
1604111434101,9,2635616.000000,63488.000000
1604111434351,9,2192000.000000,91840.000000
1604111434601,9,2052544.000000,81792.000000
1604111434851,9,2123296.000000,73824.000000
1604111435101,9,1907712.000000,153024.000000
1604111435351,9,2253664.000000,17728.000000
1604111435601,9,2980896.000000,52960.000000
1604111435851,9,2198432.000000,9760.000000
1604111436101,9,2179712.000000,113120.000000
1604111436351,9,1754308.375000,54528.000000
1604111436601,9,2122117.500000,22720.000000
1604111436851,9,2106494.000000,173774.781250
1604111437101,9,2538897.750000,11936.000000
1604111437351,9,2174688.000000,85632.000000
1604111437601,9,1843840.000000,53408.000000
1604111437851,9,1893024.000000,14336.000000
1604111438101,9,2348192.000000,76928.000000
1604111438351,9,1949632.000000,32864.000000
1604111438601,9,2522464.000000,93728.000000
1604111438851,9,2001600.000000,106112.000000
1604111439101,9,2550240.000000,49824.000000
1604111439351,9,1830464.000000,47904.000000
1604111439601,9,1966880.000000,57088.000000
1604111439851,9,1651712.000000,87552.000000
1604111440101,9,2628032.000000,13088.000000
1604111440378,8,1168608.625000,73942.031250
1604111440601,8,3795214.250000,48607.140625
1604111440851,8,2190496.000000,10752.000000
1604111441101,8,2919872.000000,40000.000000
1604111441351,8,1943343.250000,37440.000000
1604111441601,8,3159065.500000,91381.546875
1604111441851,8,2373664.000000,77280.000000
1604111442101,8,2026976.000000,88352.000000
1604111442351,8,1748640.000000,33376.000000
1604111442601,8,1671360.000000,125728.000000
1604111442851,8,1680384.000000,45152.000000
1604111443101,8,1610944.000000,25056.000000
1604111443351,8,1985440.000000,32640.000000
1604111443601,8,1579232.000000,26528.000000
1604111443851,8,1730944.000000,128288.000000
1604111444101,8,1726656.000000,1568.000000
1604111444351,8,1296448.000000,63008.000000
1604111444601,8,1748704.000000,39904.000000
1604111444851,8,1949632.000000,58816.000000
1604111445101,8,2158592.000000,94784.000000
1604111445351,8,1189568.000000,11168.000000
1604111445601,8,1642752.000000,107488.000000
1604111445851,8,2264544.000000,150592.000000
1604111446101,8,1888128.000000,13504.000000
1604111446351,8,2287520.000000,74208.000000
1604111446601,8,2485216.000000,31328.000000
1604111446851,8,2543232.000000,55840.000000
1604111447101,8,1643232.000000,0.0
1604111447351,8,2157568.000000,242560.000000
1604111447601,8,1241824.000000,95072.000000
1604111447851,8,2010528.000000,84640.000000
1604111448101,8,1859808.000000,19328.000000
1604111448351,8,1557632.000000,30080.000000
1604111448601,8,1470240.000000,52448.000000
1604111448851,8,1359488.000000,32032.000000
1604111449101,8,2123520.000000,13504.000000
1604111449351,8,2341216.000000,57056.000000
1604111449601,8,1942688.000000,135072.000000
1604111449851,8,3290816.000000,117504.000000
1604111450101,8,1811616.000000,40768.000000
1604111450351,8,1913728.000000,73920.000000
1604111450601,8,2165216.000000,54304.000000
1604111450851,8,1733440.000000,43776.000000
1604111451101,8,2328256.000000,30944.000000
1604111451351,8,2089248.000000,179808.000000
1604111451601,8,1018976.000000,51936.000000
1604111451851,8,1064160.000000,51680.000000
1604111452101,8,1045024.000000,50336.000000
1604111452351,8,924352.000000,66272.000000
1604111452601,8,1242848.000000,51584.000000
1604111452851,8,952288.000000,196192.000000
1604111453101,8,1352544.000000,22176.000000
1604111453351,8,1184384.000000,79264.000000
1604111453601,8,1231520.000000,74080.000000
1604111453851,8,1071488.000000,182048.000000
1604111454101,8,956576.000000,5824.000000
1604111454351,8,767968.000000,114944.000000
1604111454601,8,1026560.000000,69504.000000
1604111454851,8,828992.000000,31360.000000
1604111455101,8,1167200.000000,77664.000000
1604111455351,8,965760.000000,68416.000000
1604111455601,8,886048.000000,47072.000000
1604111455851,8,1445664.000000,93984.000000
1604111456101,8,1540160.000000,18624.000000
1604111456351,8,882359.250000,68928.000000
1604111456601,8,972989.812500,63264.000000
1604111456851,8,1182336.000000,88704.000000
1604111457101,8,1240832.000000,25920.000000
1604111457351,8,1383776.000000,47456.000000
1604111457601,8,1409344.000000,90976.000000
1604111457851,8,758272.000000,61664.000000
1604111458101,8,967840.000000,17088.000000
1604111458351,8,1028928.000000,78688.000000
1604111458601,8,1067584.000000,118528.000000
1604111458851,8,1140448.000000,47168.000000
1604111459101,8,995712.000000,1568.000000
1604111459351,8,903744.000000,46848.000000
1604111459601,8,1121504.000000,48288.000000
1604111459851,8,1255392.000000,18816.000000
1604111460101,8,1187968.000000,5056.000000
1604111460351,8,1185280.000000,144640.000000
1604111460601,8,1032544.000000,114336.000000
1604111460851,8,913984.000000,25440.000000
1604111461101,8,1012369.500000,50088.351562
1604111461351,8,1226709.250000,64063.746094
1604111461601,8,1214240.000000,70848.000000
1604111461851,8,1069760.000000,108992.000000
1604111462101,8,1721984.000000,15520.000000
1604111462351,8,1329856.000000,157952.000000
1604111462601,8,1147712.000000,60800.000000
1604111462851,8,1341664.000000,48256.000000
1604111463101,8,1202880.000000,157856.000000
1604111463351,8,899328.000000,136224.000000
1604111463601,8,1418656.000000,60224.000000
1604111463851,8,1551584.000000,0.0
1604111464101,8,1469216.000000,74816.000000
1604111464351,8,1617536.000000,172384.000000
1604111464601,8,1181536.000000,132096.000000
1604111464851,8,1068000.000000,157696.000000
1604111465101,8,1408352.000000,15520.000000
1604111465351,8,1061120.000000,113056.000000
1604111465601,8,1312064.000000,50304.000000
1604111465851,8,1295328.000000,173312.000000
1604111466101,8,959136.000000,27584.000000
1604111466351,8,1454592.000000,39488.000000
1604111466601,8,1368352.000000,86464.000000
1604111466851,8,1138368.000000,125056.000000
1604111467101,8,1130528.000000,107712.000000
1604111467351,8,1214944.000000,127648.000000
1604111467601,8,1369280.000000,67872.000000
1604111467851,8,1439552.000000,174272.000000
1604111468101,8,1352000.000000,0.0
1604111468351,8,1234112.000000,199680.000000
1604111468601,8,1530464.000000,80096.000000
1604111468851,8,1381984.000000,67488.000000
1604111469102,8,1034080.000000,61568.000000
1604111469351,8,1112032.000000,108288.000000
1604111469601,8,1554112.000000,105280.000000
1604111469851,8,1487296.000000,22464.000000
1604111470101,8,1270048.000000,162432.000000
1604111470351,8,1400000.000000,61728.000000
1604111470601,8,779552.000000,96000.000000
1604111470851,8,966464.000000,72800.000000
1604111471101,8,1110016.000000,13632.000000
1604111471351,8,1046464.000000,50688.000000
1604111471601,8,1139712.000000,97728.000000
1604111471851,8,1949088.000000,39264.000000
1604111472101,8,976000.000000,32576.000000
1604111472351,8,1040864.000000,88256.000000
1604111472601,8,1320320.000000,49824.000000
1604111472851,8,1308384.000000,143392.000000
1604111473101,8,984544.000000,44448.000000
1604111473351,8,1875872.000000,55296.000000
1604111473601,8,1352768.000000,73536.000000
1604111473851,8,953568.000000,17088.000000
1604111474101,8,1134080.000000,34880.000000
1604111474351,8,1190272.000000,84960.000000
1604111474601,8,1658560.000000,67200.000000
1604111474851,8,1354336.000000,52160.000000
1604111475101,8,1694624.000000,19776.000000
1604111475351,8,1361664.000000,145984.000000
1604111475601,8,1450869.750000,52242.890625
1604111475851,8,1283034.375000,54342.632812
1604111476101,8,1056672.000000,31520.000000
1604111476351,8,1007168.000000,115840.000000
1604111476601,8,1399744.000000,78496.000000
1604111476851,8,1872512.000000,57184.000000
1604111477101,8,1420288.000000,0.0
1604111477351,8,1151776.000000,188064.000000
1604111477601,8,1009472.000000,98272.000000
1604111477851,8,1234272.000000,167200.000000
1604111478101,8,1321408.000000,15520.000000
1604111478351,8,960256.000000,49216.000000
1604111478601,8,1073856.000000,60800.000000
1604111478851,8,1346912.000000,82240.000000
1604111479101,8,1320864.000000,66688.000000
1604111479351,8,1534304.000000,56448.000000
1604111479601,8,951360.000000,76512.000000
1604111479851,8,1054752.000000,59584.000000
1604111480101,8,1170400.000000,9376.000000
1604111480351,8,1184224.000000,163648.000000
1604111480601,8,1194176.000000,85856.000000
1604111480851,8,1425888.000000,54912.000000
1604111481101,8,977696.000000,115552.000000
1604111481351,8,1373943.750000,49060.242188
1604111481601,8,1173877.750000,85500.046875
1604111481851,8,1546088.250000,57880.480469
1604111482101,8,1618368.000000,0.0
1604111482351,8,1465440.000000,152384.000000
1604111482601,8,1254656.000000,80576.000000
1604111482851,8,1105856.000000,116608.000000
1604111483101,8,1259200.000000,80992.000000
1604111483351,8,1272864.000000,30560.000000
1604111483601,8,1373440.000000,119008.000000
1604111483851,8,1184736.000000,0.0
1604111484101,8,1336160.000000,139776.000000
1604111484351,8,889632.000000,81312.000000
1604111484601,8,1267840.000000,127968.000000
1604111484851,8,1689952.000000,181952.000000
1604111485101,8,938304.000000,21312.000000
1604111485351,8,1050912.000000,100736.000000
1604111485601,8,1115744.000000,84096.000000
1604111485851,8,929568.000000,28736.000000
1604111486101,8,1667680.000000,49888.000000
1604111486351,8,1723136.000000,19360.000000
1604111486601,8,1623136.000000,65568.000000
1604111486851,8,1100000.000000,27328.000000
1604111487101,8,1057856.000000,49440.000000
1604111487351,8,1358272.000000,74400.000000
1604111487601,8,1301312.000000,75808.000000
1604111487851,8,1034144.000000,55840.000000
1604111488101,8,1529728.000000,0.0
1604111488351,8,1431518.125000,148080.328125
1604111488601,8,1197888.000000,48736.000000
1604111488851,8,1598368.000000,63456.000000
1604111489101,8,1304821.000000,74792.539062
1604111489351,8,1263909.750000,130862.390625
1604111489601,8,1325864.500000,60015.937500
1604111489851,8,1182880.000000,84768.000000
1604111490101,8,1501856.000000,44512.000000
1604111490351,8,1527232.000000,37728.000000
1604111490601,8,1605536.000000,75584.000000
1604111490851,8,1623040.000000,42048.000000
1604111491101,8,1461024.000000,18464.000000
1604111491351,8,1688160.000000,83232.000000
1604111491601,8,1306208.000000,207776.000000
1604111491851,8,1324192.000000,12640.000000
1604111492101,8,1474496.000000,45440.000000
1604111492351,8,1595488.000000,81568.000000
1604111492601,8,1377696.000000,64576.000000
1604111492851,8,1117152.000000,0.0
1604111493101,8,1276512.000000,140032.000000
1604111493351,8,1368096.000000,94656.000000
1604111493601,8,1331520.000000,32224.000000
1604111493851,8,1378560.000000,90496.000000
1604111494101,8,1709568.000000,11936.000000
1604111494351,8,1272672.000000,145920.000000
1604111494601,8,1728576.000000,16800.000000
1604111494851,8,1687453.875000,196658.625000
1604111495101,8,1593280.000000,118112.000000
1604111495351,8,1359488.000000,44576.000000
1604111495601,8,1097600.000000,64640.000000
1604111495851,8,1158880.000000,47520.000000
1604111496101,8,1568977.500000,49752.988281
1604111496351,8,1408032.000000,212992.000000
1604111496601,8,930944.000000,74848.000000
1604111496851,8,1373920.000000,205344.000000
1604111497101,8,1408992.000000,28992.000000
1604111497351,8,1223776.000000,76256.000000
1604111497601,8,914848.000000,54912.000000
1604111497851,8,1126784.000000,97600.000000
1604111498101,8,1117248.000000,45216.000000
1604111498351,8,1212736.000000,59136.000000
1604111498601,8,886560.000000,65728.000000
1604111498851,8,910976.000000,123264.000000
1604111499101,8,1125312.000000,0.0
1604111499351,8,943680.000000,38560.000000
1604111499601,8,1119200.000000,67328.000000
1604111499851,8,1075008.000000,65728.000000
1604111500101,8,1020928.000000,4256.000000
1604111500351,8,914409.687500,103485.945312
1604111500601,8,1070406.375000,59410.359375
1604111500851,8,1448384.000000,196256.000000
1604111501101,8,1102907.625000,9413.654297
1604111501351,8,1310752.000000,66016.000000
1604111501601,8,1237577.625000,68302.789062
1604111501851,8,1359655.000000,135132.531250
1604111502101,8,854961.250000,38297.187500
1604111502351,8,1513243.000000,31139.441406
1604111502601,8,734971.937500,103293.171875
1604111502851,8,1305083.625000,34135.457031
1604111503101,8,1183968.000000,0.0
1604111503351,8,944704.000000,57632.000000
1604111503601,8,1275872.000000,44864.000000
1604111503851,8,969120.000000,79840.000000
1604111504101,8,1143616.000000,31040.000000
1604111504351,8,1317664.000000,84448.000000
1604111504601,8,1160448.000000,59520.000000
1604111504851,8,1681824.000000,15520.000000
1604111505101,8,1482528.000000,162240.000000
1604111505351,8,1384992.000000,18368.000000
1604111505601,8,1465792.000000,131968.000000
1604111505851,8,1470560.000000,480
1604111506101,8,1322368.000000,30720.000000
1604111506351,8,1599744.000000,78432.000000
1604111506601,8,1671008.000000,74848.000000
1604111506851,8,1227104.000000,36096.000000
1604111507101,8,930752.000000,0.0
1604111507351,8,1174522.125000,141526.093750
1604111507601,8,1452480.000000,94560.000000
1604111507851,8,1191296.000000,1568.000000
1604111508101,8,1013750.937500,65984.000000
1604111508351,8,896532.187500,54986.023438
1604111508601,8,1296928.000000,108128.000000
1604111508851,8,1101753.375000,7171.314941
1604111509101,8,994201.875000,41513.687500
1604111509351,8,1391552.000000,79424.000000
1604111509601,8,1132192.000000,42464.000000
1604111509851,8,580416.000000,115616.000000
1604111510101,8,522496.000000,39584.000000
1604111510351,8,1209792.000000,53280.000000
1604111510601,8,928960.000000,116352.000000
1604111510851,8,1262240.000000,146752.000000
1604111511101,8,1388896.000000,11936.000000
1604111511351,8,1308896.000000,76672.000000
1604111511601,8,1392739.250000,72560.453125
1604111511851,8,752862.625000,89420.429688
1604111512101,8,920375.750000,18698.794922
1604111512351,8,1476632.875000,48223.109375
1604111512601,8,1350816.000000,103616.000000
1604111512851,8,941568.000000,9888.000000
1604111513101,8,1066592.000000,31168.000000
1604111513351,8,1722560.000000,51360.000000
1604111513601,8,1088896.000000,68864.000000
1604111513851,8,1200674.625000,112192.773438
1604111514101,8,1593689.250000,45768.925781
1604111514351,8,1316928.000000,18464.000000
1604111514601,8,1330988.000000,88101.523438
1604111514851,8,1414889.375000,51392.000000
1604111515101,8,1001030.625000,7171.314941
1604111515351,8,1767333.375000,87620.625000
1604111515601,8,1643373.125000,76224.000000
1604111515851,8,1878585.250000,52561.976562
1604111516101,8,2284704.000000,11936.000000
1604111516351,8,1643456.000000,66272.000000
1604111516601,8,1822016.000000,65440.000000
1604111516851,8,1285440.000000,49568.000000
1604111517101,8,839104.000000,11936.000000
1604111517351,8,1057856.000000,39904.000000
1604111517601,8,1643552.000000,72704.000000
1604111517851,8,1477472.000000,2592.000000
1604111518101,8,1671200.000000,39296.000000
1604111518351,8,1902464.000000,149408.000000
1604111518601,8,1716016.000000,60979.921875
1604111518851,8,1778741.000000,89147.406250
1604111519101,8,1775038.875000,19392.000000
1604111519351,8,1722373.375000,50561.019531
1604111519601,8,1086475.750000,72181.593750
1604111519851,8,1807755.500000,2581.673340
1604111520101,8,1806432.000000,76128.000000
1604111520351,8,1899328.000000,16576.000000
1604111520601,8,1754955.875000,74698.796875
1604111520851,8,2383298.750000,60494.023438
1604111521101,8,2026249.000000,7228.915527
1604111521351,8,2499232.000000,167360.000000
1604111521601,8,1816382.375000,58390.441406
1604111521851,8,784353.437500,98795.179688
1604111522101,8,1163552.000000,19392.000000
1604111522351,8,2002486.000000,63426.292969
1604111522601,8,1728640.000000,100000.000000
1604111522851,8,2287072.000000,11936.000000
1604111523101,8,2291136.000000,46880.000000
1604111523351,8,2298624.000000,35264.000000
1604111523601,8,1824032.000000,64992.000000
1604111523851,8,2036992.000000,217728.000000
1604111524101,8,2283200.000000,15520.000000
1604111524351,8,2094976.000000,138336.000000
1604111524601,8,1908320.000000,92896.000000
1604111524851,8,1169728.000000,32768.000000
1604111525101,8,1611552.000000,34912.000000
1604111525351,8,2017888.000000,30784.000000
1604111525601,8,2007200.000000,76192.000000
1604111525851,8,1752320.000000,90048.000000
1604111526101,8,2205696.000000,19520.000000
1604111526351,8,1739552.000000,33984.000000
1604111526601,8,1745188.875000,66827.312500
1604111526851,8,1268079.750000,50390.437500
1604111527101,8,1324401.625000,31453.814453
1604111527351,8,2714688.000000,13728.000000
1604111527601,8,1074156.375000,84525.390625
1604111527851,8,998136.562500,62200.800781
1604111528101,8,1684064.000000,15520.000000
1604111528351,8,2954591.000000,180916.906250
1604111528601,8,2800756.000000,66176.000000
1604111528851,8,1590522.000000,21312.000000
1604111529101,8,1980557.750000,42326.691406
1604111529351,8,3274336.000000,27104.000000
1604111529601,8,3141824.000000,104704.000000
1604111529851,8,2569984.000000,32768.000000
1604111530101,8,2977408.000000,59296.000000
1604111530351,8,3711456.000000,55008.000000
1604111530601,8,3044768.000000,31360.000000
1604111530851,8,2603712.000000,78112.000000
1604111531101,8,1738400.000000,17056.000000
1604111531351,8,1345088.000000,72736.000000
1604111531601,8,1707456.000000,48832.000000
1604111531851,8,1378272.000000,76384.000000
1604111532101,8,3214560.000000,23488.000000
1604111532351,8,3247328.000000,82688.000000
1604111532601,8,3207904.000000,60000.000000
1604111532851,8,2316755.000000,87935.742188
1604111533101,8,2048512.000000,45792.000000
1604111533351,8,2064350.625000,21577.689453
1604111533601,8,2364032.000000,106400.000000
1604111533851,8,2234763.000000,0.0
1604111534101,8,1298613.625000,107633.468750
1604111534351,8,1732690.750000,62650.601562
1604111534601,8,2666592.000000,46016.000000
1604111534851,8,2824832.000000,97856.000000
1604111535101,8,2379251.000000,53418.328125
1604111535351,8,2781847.500000,35759.035156
1604111535601,8,2065561.750000,57147.410156
1604111535851,8,1819104.000000,81536.000000
1604111536101,8,1554720.000000,17056.000000
1604111536351,8,1440960.000000,59136.000000
1604111536601,8,1472704.000000,86976.000000
1604111536851,8,3297184.000000,18016.000000
1604111537101,8,2479360.000000,65440.000000
1604111537351,8,1906208.000000,25536.000000
1604111537601,8,2074720.000000,59808.000000
1604111537851,8,1869472.000000,9056.000000
1604111538101,8,1349984.000000,126112.000000
1604111538351,8,977120.000000,111168.000000
1604111538601,8,1937728.000000,63424.000000
1604111538851,8,1092748.250000,37783.132812
1604111539101,8,1196542.500000,17124.498047
1604111539351,8,1385631.625000,65980.625000
1604111539601,8,1581972.500000,64426.281250
1604111539851,8,1467155.375000,7171.314941
1604111540101,8,2637526.000000,49991.964844
1604111540351,8,3140115.250000,29650.869141
1604111540601,8,2942068.500000,35494.296875
1604111540851,8,1635264.000000,197824.000000
1604111541101,8,1555027.875000,19314.740234
1604111541351,8,1569799.250000,51630.523438
1604111541601,8,1315712.500000,40320.000000
1604111541851,8,3043880.250000,26833.466797
1604111542101,8,3007856.750000,77663.750000
1604111542351,8,1422656.000000,15968.000000
1604111542601,8,1312800.000000,153056.000000
1604111542851,8,3580320.000000,73792.000000
1604111543101,8,3333590.500000,25317.269531
1604111543351,9,2787091.500000,51633.464844
1604111543601,8,2759488.000000,75808.000000
1604111543851,8,3268896.000000,17056.000000
1604111544101,8,1810752.000000,73600.000000
1604111544351,8,3131264.000000,59488.000000
1604111544601,8,2520960.000000,21280.000000
1604111544851,8,2237760.000000,36448.000000
1604111545101,8,3007904.000000,28832.000000
1604111545351,8,3096672.000000,100736.000000
1604111545601,8,3045184.000000,0.0
1604111545851,8,2786666.750000,51662.652344
1604111546101,8,2860239.000000,159490.046875
1604111546351,8,2555052.250000,25799.195312
1604111546601,8,1844352.000000,55808.000000
1604111546851,8,2516544.000000,1376.000000
1604111547101,8,1724430.375000,92525.898438
1604111547351,8,2671023.500000,56738.957031
1604111547601,8,1614123.625000,66183.390625
1604111547851,8,1274761.125000,97248.000000
1604111548101,8,2740416.000000,30432.000000
1604111548351,8,2128366.000000,72367.937500
1604111548601,8,1788712.375000,81967.937500
1604111548851,8,2826422.500000,53227.089844
1604111549101,8,1756800.000000,15520.000000
1604111549351,8,2618624.000000,38560.000000
1604111549601,8,1662592.000000,38528.000000
1604111549851,8,1463200.000000,88128.000000
1604111550101,8,2257536.000000,9376.000000
1604111550351,8,1643392.000000,69376.000000
1604111550601,8,2393792.000000,135264.000000
1604111550851,8,1902784.000000,39424.000000
1604111551101,8,2299328.000000,0.0
1604111551351,8,2676192.000000,70912.000000
1604111551601,8,2637792.000000,15232.000000
1604111551851,8,2131808.000000,165920.000000
1604111552101,8,2323936.000000,85568.000000
1604111552351,8,2428160.000000,15904.000000
1604111552601,8,2576352.000000,47584.000000
1604111552851,8,2444481.000000,80477.429688
1604111553101,8,1571027.375000,9413.654297
1604111553351,8,2505952.000000,52960.000000
1604111553601,8,2285609.500000,82486.054688
1604111553851,8,3238940.000000,61365.460938
1604111554101,8,3041689.250000,71521.914062
1604111554351,8,3325152.000000,14048.000000
1604111554601,8,3220626.500000,68722.890625
1604111554851,8,2964352.000000,79104.000000
1604111555101,8,2910882.250000,56127.492188
1604111555351,8,2812216.500000,57513.304688
1604111555601,8,2604480.000000,78688.000000
1604111555851,8,2139104.000000,0.0
1604111556101,8,1692032.000000,95040.000000
1604111556351,8,1893216.000000,38880.000000
1604111556601,8,1712064.000000,66368.000000
1604111556851,8,2567776.000000,19136.000000
1604111557101,8,2710144.000000,83808.000000
1604111557351,8,2518208.000000,38144.000000
1604111557601,8,2535008.000000,43360.000000
1604111557851,8,1716256.000000,123616.000000
1604111558101,8,1741911.750000,26827.308594
1604111558351,8,2348608.000000,36352.000000
1604111558601,8,2783553.750000,50231.074219
1604111558851,8,1429888.000000,85472.000000
1604111559101,8,2342264.750000,30007.261719
1604111559351,8,1925879.250000,56256.000000
1604111559601,8,2545682.000000,125662.078125
1604111559851,8,1669872.500000,108324.109375
1604111560101,8,1728480.000000,26592.000000
1604111560351,8,2557631.250000,49952.000000
1604111560601,8,2710933.750000,62848.000000
1604111560851,8,3453152.000000,33376.000000
1604111561101,8,3129344.000000,40672.000000
1604111561351,8,2777856.000000,39168.000000
1604111561601,8,2041120.000000,87648.000000
1604111561851,8,922900.375000,78501.992188
1604111562101,8,1088416.000000,33536.000000
1604111562352,8,2426656.000000,81408.000000
1604111562601,8,2156992.000000,59616.000000
1604111562851,8,1139744.000000,64064.000000
1604111563101,8,1275680.000000,60768.000000
1604111563351,8,2540672.000000,29376.000000
1604111563601,8,2521664.000000,85376.000000
1604111563851,8,3054496.000000,17056.000000
1604111564101,8,2453397.500000,117044.171875
1604111564351,8,2367680.000000,29952.000000
1604111564601,8,2226836.500000,33179.281250
1604111564851,8,2580112.250000,83759.031250
1604111565101,8,2857184.000000,42112.000000
1604111565351,8,2947952.250000,12494.023438
1604111565601,8,2874795.000000,68048.187500
1604111565851,8,2179872.000000,40960.000000
1604111566101,8,2334336.000000,47552.000000
1604111566351,8,2024956.250000,129498.007812
1604111566601,8,1729670.750000,129767.070312
1604111566851,8,2558976.000000,58144.000000
1604111567101,8,1803040.000000,17056.000000
1604111567351,8,1174960.000000,132288.000000
1604111567601,8,1216640.000000,66592.000000
1604111567851,8,3181428.750000,101056.000000
1604111568101,8,2011657.000000,53258.964844
1604111568351,8,1635991.750000,15840.637695
1604111568601,8,1260480.000000,56544.000000
1604111568851,8,1917344.000000,42368.000000
1604111569101,8,2842144.000000,60832.000000
1604111569351,8,2849856.000000,76896.000000
1604111569601,8,2940470.750000,79303.968750
1604111569851,8,2666142.250000,20143.425781
1604111570101,8,2503904.000000,107744.000000
1604111570351,8,2063232.000000,82400.000000
1604111570601,8,1341792.000000,31200.000000
1604111570851,8,2039168.000000,95136.000000
1604111571101,8,1746944.000000,33888.000000
1604111571351,8,1518585.250000,35648.515625
1604111571601,8,1649797.625000,89659.281250
1604111571851,8,3539008.000000,15520.000000
1604111572101,8,3662650.500000,76433.734375
1604111572351,8,3290528.000000,45728.000000
1604111572601,8,2383351.750000,71427.828125
1604111572851,8,3060765.250000,96391.328125
1604111573101,8,3172448.000000,66592.000000
1604111573351,8,2410208.250000,35680.000000
1604111573601,8,2874582.250000,78559.484375
1604111573851,8,2960768.000000,6496.000000
1604111574101,8,3540056.000000,110754.039062
1604111574351,8,3394858.750000,0.0
1604111574601,8,2536037.750000,80482.546875
1604111574851,8,1195985.125000,0.0
1604111575101,8,2716015.750000,85705.179688
1604111575351,8,2736256.000000,53312.000000
1604111575601,8,2881216.000000,85632.000000
1604111575851,8,2840192.000000,80288.000000
1604111576101,8,2183712.000000,19392.000000
1604111576351,8,2078880.000000,46368.000000
1604111576601,8,2050208.000000,95296.000000
1604111576851,8,2797312.000000,61312.000000
1604111577101,8,1945152.000000,71136.000000
1604111577351,8,2427360.000000,18432.000000
1604111577601,8,2649124.500000,40546.183594
1604111577851,8,2875091.500000,21450.199219
1604111578101,8,2565088.000000,82816.000000
1604111578351,8,2180755.000000,64289.156250
1604111578601,8,2663200.000000,84480.000000
1604111578851,8,2773673.250000,16509.960938
1604111579101,8,3087560.250000,75143.070312
1604111579351,8,3141636.000000,40686.394531
1604111579601,8,2983296.000000,105120.000000
1604111579851,8,3312576.000000,15936.000000
1604111580101,8,1439264.000000,74304.000000
1604111580351,8,1610208.000000,12288.000000
1604111580601,8,1241284.875000,67856.570312
1604111580851,8,1875980.375000,97916.531250
1604111581101,8,2680382.250000,136446.218750
1604111581351,8,2697413.750000,46265.058594
1604111581601,8,3233179.250000,100494.023438
1604111581851,8,2632096.000000,60448.000000
1604111582101,8,2372544.000000,15520.000000
1604111582351,8,1961152.000000,117472.000000
1604111582601,8,1222688.000000,76928.000000
1604111582851,8,1683104.000000,42368.000000
1604111583101,8,2801510.250000,43566.265625
1604111583351,8,3285280.000000,73888.000000
1604111583601,8,2715662.500000,72767.109375
1604111583851,8,1131647.000000,107967.875000
1604111584101,8,2568347.000000,45760.000000
1604111584351,8,3125439.250000,20565.673828
1604111584601,8,2760551.250000,57181.300781
1604111584851,8,3149951.000000,39235.058594
1604111585101,8,2948048.250000,62232.929688
1604111585351,8,2765628.250000,55906.167969
1604111585601,8,1528093.000000,82036.812500
1604111585851,7,2834208.000000,158272.000000
1604111586101,7,2368240.250000,18677.291016
1604111586351,7,2825343.250000,81675.820312
1604111586601,7,2425344.000000,86336.000000
1604111586851,7,2032128.000000,0.0
1604111587101,7,2212651.500000,65748.906250
1604111587351,7,2817517.000000,53869.750000
1604111587601,7,2490208.000000,76288.000000
1604111587851,7,2031232.000000,151424.000000
1604111588101,7,1478151.375000,44653.386719
1604111588351,7,1367296.000000,33536.000000
1604111588601,7,1654240.000000,84832.000000
1604111588851,7,2652000.000000,76512.000000
1604111589101,7,2493888.000000,50560.000000
1604111589351,7,1982080.000000,44256.000000
1604111589601,7,2534112.000000,79552.000000
1604111589851,7,3165760.000000,33024.000000
1604111590101,7,2584256.000000,34848.000000
1604111590351,7,2574656.000000,31712.000000
1604111590601,7,2698720.000000,109216.000000
1604111590851,7,2561312.000000,11936.000000
1604111591101,7,2793477.750000,52497.992188
1604111591351,7,2468780.750000,68175.296875
1604111591601,7,2262479.000000,72822.359375
1604111591851,7,2012142.500000,31553.414062
1604111592101,7,1679392.000000,169888.000000
1604111592351,7,2353349.500000,31553.785156
1604111592601,7,2570541.750000,79320.804688
1604111592851,7,2673888.500000,0.0
1604111593101,7,2880635.500000,52088.160156
1604111593351,7,2582944.000000,54240.000000
1604111593601,7,2737728.000000,149184.000000
1604111593851,7,2259136.000000,49184.000000
1604111594101,7,2217052.000000,26231.076172
1604111594351,7,2620177.000000,40706.828125
1604111594601,7,2258581.750000,76143.429688
1604111594851,7,3218304.000000,54592.000000
1604111595101,7,2860608.000000,11936.000000
1604111595351,7,2734368.000000,57728.000000
1604111595601,7,2730080.000000,101280.000000
1604111595851,7,2239168.000000,47744.000000
1604111596101,7,2853856.000000,54688.000000
1604111596351,7,2389632.000000,28192.000000
1604111596601,7,2576352.000000,78560.000000
1604111596851,7,2830432.000000,28512.000000
1604111597101,7,2522976.000000,25280.000000
1604111597351,7,3012704.000000,50400.000000
1604111597601,7,2678496.000000,104384.000000
1604111597851,7,2548401.500000,9413.654297
1604111598101,7,2766342.750000,72988.046875
1604111598351,7,3013751.000000,52080.320312
1604111598601,7,1970144.000000,112672.000000
1604111598851,7,2485184.000000,47680.000000
1604111599101,7,2629370.250000,15649.402344
1604111599351,7,1850460.875000,19598.394531
1604111599601,7,3487072.000000,102080.000000
1604111599851,7,1941312.000000,62208.000000
1604111600101,7,2642517.250000,54533.863281
1604111600351,7,2834202.250000,25670.683594
1604111600601,7,2677312.000000,108256.000000
1604111600851,7,2548704.000000,46304.000000
1604111601101,7,3072096.000000,23616.000000
1604111601351,7,2307059.750000,21195.218750
1604111601601,7,1263360.000000,64032.000000
1604111601851,7,1339104.000000,47808.000000
1604111602101,7,1189056.000000,149824.000000
1604111602351,7,1232832.000000,50592.000000
1604111602601,7,908096.000000,34016.000000
1604111602851,7,423776.000000,46240.000000
1604111603101,7,647936.000000,64576.000000
1604111603351,7,885312.000000,76928.000000
1604111603601,7,650880.000000,33408.000000
1604111603851,7,1104640.000000,209920.000000
1604111604101,7,1036032.000000,26432.000000
1604111604351,7,1110008.000000,33220.882812
1604111604601,7,1143713.125000,85513.945312
1604111604851,7,1179020.125000,60048.191406
1604111605101,7,1287424.000000,97248.000000
1604111605351,7,1337856.000000,22848.000000
1604111605601,7,950048.000000,94848.000000
1604111605851,7,1185440.000000,130816.000000
1604111606101,7,1073301.375000,53216.000000
1604111606351,7,895665.000000,70215.140625
1604111606601,7,888514.062500,122891.570312
1604111606851,7,1289664.000000,19104.000000
1604111607101,7,1311200.000000,49920.000000
1604111607351,7,1219936.000000,134880.000000
1604111607601,7,1231520.000000,126944.000000
1604111607851,7,939505.937500,61673.308594
1604111608101,7,1205888.000000,29472.000000
1604111608351,7,1099904.000000,62912.000000
1604111608601,7,1409088.000000,92352.000000
1604111608851,7,1192288.000000,44128.000000
1604111609101,7,662048.000000,17056.000000
1604111609351,7,849920.000000,31200.000000
1604111609601,7,1224608.000000,84032.000000
1604111609851,7,840384.000000,97536.000000
1604111610101,7,1051648.000000,32576.000000
1604111610351,7,1230144.000000,141760.000000
1604111610601,7,1124401.625000,169445.765625
1604111610851,7,1157067.750000,59824.699219
1604111611101,7,989632.000000,20448.000000
1604111611351,7,1155712.000000,58720.000000
1604111611601,7,1003114.937500,36240.964844
1604111611851,7,1023715.500000,173984.000000
1604111612101,7,1355488.000000,68320.000000
1604111612351,7,1127872.000000,46880.000000
1604111612601,7,638752.000000,37472.000000
1604111612851,7,1141024.000000,32320.000000
1604111613101,7,1211269.625000,113382.500000
1604111613351,7,1081002.500000,41262.394531
1604111613601,7,922848.000000,66720.000000
1604111613851,7,769024.000000,15808.000000
1604111614101,7,943648.000000,37632.000000
1604111614351,7,670852.562500,77896.414062
1604111614601,7,156512.000000,0.0
1604111614851,7,453536.000000,68192.000000
1604111615101,7,947904.000000,98720.000000
1604111615351,7,943232.000000,23424.000000
1604111615601,7,917088.000000,63296.000000
1604111615851,7,761952.000000,0.0
1604111616101,7,692369.500000,49767.070312
1604111616351,7,518685.125000,27632.000000
1604111616601,7,862944.000000,63104.000000
1604111616851,7,818016.000000,76992.000000
1604111617101,7,781184.000000,7200.000000
1604111617351,7,835052.187500,69493.976562
1604111617601,6,860256.000000,37440.000000
1604111617851,6,1094624.000000,36096.000000
1604111618101,6,1058160.000000,31680.000000
1604111618351,6,980774.000000,51170.675781
1604111618601,6,927595.187500,44864.000000
1604111618851,6,688356.812500,51504.574219
1604111619101,6,1145086.375000,11983.935547
1604111619351,6,836320.000000,43296.000000
1604111619601,6,1090741.000000,103075.695312
1604111619851,6,1157461.875000,0.0
1604111620101,6,932288.000000,35584.000000
1604111620351,6,1047584.000000,20640.000000
1604111620601,6,1083936.000000,101024.000000
1604111620851,6,1076526.000000,15745.019531
1604111621101,6,970816.000000,55392.000000
1604111621351,6,1127616.000000,51392.000000
1604111621601,6,1112320.000000,46624.000000
1604111621851,6,1198784.000000,34272.000000
1604111622101,6,1165600.000000,56896.000000
1604111622351,6,1315776.000000,15776.000000
1604111622601,6,1171328.000000,64704.000000
1604111622851,6,1141184.000000,39808.000000
1604111623101,6,1124915.625000,1574.297241
1604111623351,6,1089784.875000,75792.828125
1604111623601,6,1205654.625000,36112.449219
1604111623851,6,693163.312500,31490.039062
1604111624101,6,1039839.312500,0.0
1604111624351,6,1031072.000000,38848.000000
1604111624601,6,1096320.000000,90880.000000
1604111624851,6,1163840.000000,42112.000000
1604111625101,6,1325536.000000,4256.000000
1604111625351,6,1124874.125000,152576.515625
1604111625601,6,1064159.750000,30272.000000
1604111625851,6,855713.187500,0.0
1604111626101,6,126554.218750,135068.265625
1604111626351,6,1165376.000000,46912.000000
1604111626601,6,1147264.000000,92256.000000
1604111626851,6,1185568.000000,52160.000000
1604111627101,6,1012640.000000,19072.000000
1604111627351,6,1132416.000000,80608.000000
1604111627601,6,1005864.500000,103426.296875
1604111627851,6,978144.000000,40576.000000
1604111628101,6,1256640.000000,14528.000000
1604111628351,6,1101600.000000,56128.000000
1604111628601,6,962464.000000,93728.000000
1604111628851,6,1378208.000000,0.0
1604111629101,6,1067791.125000,77622.492188
1604111629351,6,1159298.750000,28398.406250
1604111629601,6,1229184.000000,52576.000000
1604111629851,6,1333376.000000,23488.000000
1604111630101,6,1365920.000000,0.0
1604111630351,6,1319360.000000,78272.000000
1604111630601,6,1118714.875000,71100.398438
1604111630851,6,1155744.000000,75520.000000
1604111631101,6,1077418.375000,7171.314941
1604111631351,6,1282698.750000,164626.515625
1604111631601,6,908864.000000,82144.000000
1604111631851,6,1102752.000000,0.0
1604111632101,6,1233408.000000,134432.000000
1604111632351,6,1186464.000000,104992.000000
1604111632601,6,1245647.375000,91242.156250
1604111632851,6,1416960.000000,26368.000000
1604111633101,6,1344192.000000,43136.000000
1604111633351,6,1335104.000000,74304.000000
1604111633601,6,1280352.000000,45728.000000
1604111633851,6,1269600.000000,198656.000000
1604111634101,6,1355856.625000,21227.091797
1604111634351,6,1320832.000000,50464.000000
1604111634601,6,1316032.000000,55168.000000
1604111634851,6,1278752.000000,65792.000000
1604111635101,6,1312256.000000,17056.000000
1604111635351,6,1309216.000000,103040.000000
1604111635601,6,882240.000000,71744.000000
1604111635851,6,1255904.000000,22720.000000
1604111636101,6,1221216.000000,102496.000000
1604111636351,6,1265670.750000,9156.626953
1604111636601,6,1187008.000000,50944.000000
1604111636851,6,1279649.375000,117673.304688
1604111637101,6,1264096.000000,0.0
1604111637351,6,1187905.000000,50027.179688
1604111637601,6,1112543.125000,67855.421875
1604111637851,6,1197246.750000,0.0
1604111638101,6,716413.375000,32000.000000
1604111638351,6,1117992.000000,114262.945312
1604111638601,6,1162730.875000,45590.359375
1604111638851,6,925568.000000,0.0
1604111639101,6,1268384.000000,11936.000000
1604111639351,6,1260544.000000,95552.000000
1604111639601,6,1026784.000000,74176.000000
1604111639851,6,1102272.000000,22464.000000
1604111640101,6,1050656.000000,30944.000000
1604111640351,6,663744.000000,113472.000000
1604111640601,6,1197290.875000,52111.554688
1604111640851,6,1074144.000000,29248.000000
1604111641101,6,1161952.000000,35424.000000
1604111641351,6,1154080.000000,50752.000000
1604111641601,6,1232192.000000,43360.000000
1604111641851,6,1156384.000000,0.0
1604111642101,6,1182464.000000,93280.000000
1604111642351,6,1193184.000000,48064.000000
1604111642601,6,1164369.500000,77718.875000
1604111642851,6,1236420.625000,0.0
1604111643101,6,1133846.625000,0.0
1604111643351,6,1199712.000000,150016.000000
1604111643601,6,1173514.000000,46438.246094
1604111643851,6,1199903.625000,45975.902344
1604111644101,6,1113888.000000,0.0
1604111644351,6,1036480.000000,40864.000000
1604111644601,6,851808.000000,61664.000000
1604111644851,6,901408.000000,44672.000000
1604111645101,6,1118331.375000,13577.689453
1604111645351,6,1113943.000000,77152.000000
1604111645601,6,1176578.250000,59277.109375
1604111645851,6,770240.000000,130624.000000
1604111646101,6,516896.000000,11936.000000
1604111646351,6,1185344.000000,42880.000000
1604111646601,6,1098112.000000,61344.000000
1604111646851,6,736352.000000,0.0
1604111647101,6,1147601.625000,49115.539062
1604111647351,6,1195424.000000,54336.000000
1604111647601,6,1009344.000000,42784.000000
1604111647851,6,1024768.000000,0.0
1604111648101,6,1059168.000000,40864.000000
1604111648351,6,1150144.000000,52096.000000
1604111648601,6,730688.000000,83520.000000
1604111648851,6,164288.000000,42368.000000
1604111649101,6,782784.000000,0.0
1604111649351,6,1052768.000000,35968.000000
1604111649601,6,1217574.375000,75405.625000
1604111649851,6,983107.562500,22119.521484
1604111650101,6,956240.937500,27244.980469
1604111650351,6,964064.000000,56672.000000
1604111650601,6,982271.750000,63584.000000
1604111650851,6,1170012.125000,32448.000000
1604111651101,6,1143607.250000,36302.789062
1604111651351,6,1067148.875000,81088.000000
1604111651601,6,736096.000000,57216.000000
1604111651851,6,1083584.000000,0.0
1604111652101,6,1190400.000000,138080.000000
1604111652351,6,1195168.000000,83488.000000
1604111652601,6,1096480.000000,64576.000000
1604111652851,6,1218272.000000,0.0
1604111653101,6,1043136.000000,60896.000000
1604111653351,6,1256064.000000,36480.000000
1604111653601,6,1133856.000000,40704.000000
1604111653851,6,547346.625000,110820.718750
1604111654101,6,905504.000000,9376.000000
1604111654351,6,1259840.000000,56864.000000
1604111654601,6,768992.000000,75840.000000
1604111654851,6,949344.000000,126400.000000
1604111655101,6,1093888.000000,0.0
1604111655351,6,1106560.000000,70976.000000
1604111655601,6,819680.000000,97184.000000
1604111655851,6,1185792.000000,1568.000000
1604111656101,6,928256.000000,16224.000000
1604111656351,6,653312.000000,100128.000000
1604111656601,6,1222592.000000,51552.000000
1604111656851,6,992064.250000,111004.015625
1604111657101,6,617152.000000,2592.000000
1604111657351,6,1318080.000000,23488.000000
1604111657601,6,1249728.000000,103232.000000
1604111657851,6,1262117.750000,24000.000000
1604111658101,6,1103528.875000,17440.000000
1604111658351,6,1121806.000000,103844.242188
1604111658601,6,1048224.000000,62976.000000
1604111658851,6,1351936.000000,42624.000000
1604111659101,6,1123936.000000,0.0
1604111659351,6,893024.000000,80192.000000
1604111659601,6,1132480.000000,35008.000000
1604111659851,6,1096640.000000,0.0
1604111660101,6,1140736.000000,134816.000000
1604111660351,6,1154836.625000,27792.828125
1604111660601,6,1381696.000000,46752.000000
1604111660851,6,1107968.000000,34208.000000
1604111661101,6,755360.000000,52960.000000
1604111661351,6,526976.000000,43392.000000
1604111661601,6,451936.000000,140832.000000
1604111661851,6,854144.000000,89632.000000
1604111662101,6,888032.000000,0.0
1604111662351,6,1038586.375000,34024.097656
1604111662601,6,928000.000000,70438.250000
1604111662851,6,848672.000000,56800.000000
1604111663101,6,1007872.000000,0.0
1604111663351,6,475534.156250,32931.726562
1604111663601,6,964832.000000,156288.000000
1604111663851,6,481208.218750,70470.117188
1604111664101,6,621406.187500,157145.453125
1604111664351,6,853472.000000,41600.000000
1604111664601,6,728672.000000,33152.000000
1604111664851,6,456480.000000,1568.000000
1604111665101,6,792358.000000,41878.437500
1604111665351,6,854796.625000,143164.656250
1604111665601,6,461440.000000,71968.000000
1604111665851,6,510080.000000,39808.000000
1604111666101,6,588000.000000,4256.000000
1604111666351,6,964096.000000,102496.000000
1604111666601,6,643104.000000,68768.000000
1604111666851,6,574661.312500,10741.036133
1604111667101,6,1094368.000000,7200.000000
1604111667351,6,972768.000000,74240.000000
1604111667601,6,667712.000000,58912.000000
1604111667851,6,654848.000000,35840.000000
1604111668101,6,830464.000000,0.0
1604111668351,6,842473.875000,143775.093750
1604111668601,6,808192.000000,60448.000000
1604111668851,6,908111.500000,14087.649414
1604111669101,6,885044.125000,100690.765625
1604111669351,6,849024.000000,154688.000000
1604111669601,6,936704.000000,99968.000000
1604111669851,6,662016.000000,0.0
1604111670101,6,597600.000000,27392.000000
1604111670351,6,628896.000000,148992.000000
1604111670601,6,609333.687500,103578.648438
1604111670851,6,501130.406250,132627.406250
1604111671101,6,1058240.000000,0.0
1604111671351,6,690656.000000,53632.000000
1604111671601,6,666016.000000,65792.000000
1604111671851,6,757600.000000,0.0
1604111672101,6,1007008.000000,6848.000000
1604111672351,6,627936.000000,96480.000000
1604111672601,6,743232.000000,119808.000000
1604111672851,6,965696.000000,47808.000000
1604111673101,6,916032.000000,0.0
1604111673351,6,656352.000000,26304.000000
1604111673601,6,845768.937500,40509.960938
1604111673851,6,733024.000000,255872.000000
1604111674101,6,699424.000000,0.0
1604111674351,6,537824.000000,51712.000000
1604111674601,6,1038272.000000,48768.000000
1604111674851,6,825088.000000,41120.000000
1604111675101,6,518176.000000,0.0
1604111675351,6,404602.875000,54489.960938
1604111675601,6,773355.000000,77232.953125
1604111675851,6,917172.687500,0.0
1604111676101,6,895776.812500,30087.648438
1604111676351,6,872384.000000,33632.000000
1604111676601,6,863935.687500,96738.953125
1604111676851,6,1042953.312500,0.0
1604111677101,6,965346.062500,45003.984375
1604111677351,6,478297.187500,144738.953125
1604111677601,6,967680.000000,31840.000000
1604111677851,6,929504.000000,13632.000000
1604111678101,6,608160.000000,0.0
1604111678351,6,875040.000000,59648.000000
1604111678601,6,957568.000000,87424.000000
1604111678851,6,734848.000000,0.0
1604111679101,6,475008.000000,47712.000000
1604111679351,6,813408.000000,49120.000000
1604111679601,6,1075072.000000,51360.000000
1604111679851,6,895712.000000,98144.000000
1604111680101,6,781577.687500,0.0
1604111680351,6,1128512.000000,21952.000000
1604111680601,6,891712.000000,93728.000000
1604111680851,6,970400.000000,42528.000000
1604111681101,6,989760.000000,0.0
1604111681351,6,994752.000000,64512.000000
1604111681601,6,928384.000000,86880.000000
1604111681851,6,992032.000000,29760.000000
1604111682101,6,859598.375000,0.0
1604111682351,6,990048.000000,9536.000000
1604111682601,6,941184.000000,93536.000000
1604111682851,6,791104.000000,60800.000000
1604111683101,6,763776.000000,16064.000000
1604111683351,6,779744.000000,100224.000000
1604111683601,6,440127.500000,94980.078125
1604111683851,6,650891.562500,0.0
1604111684101,6,787552.000000,85760.000000
1604111684351,6,869600.000000,38208.000000
1604111684601,6,1007264.000000,44864.000000
1604111684851,6,577280.000000,51552.000000
1604111685101,6,1003264.000000,46400.000000
1604111685351,6,1096128.000000,18880.000000
1604111685601,6,380768.000000,112640.000000
1604111685851,6,671904.000000,56832.000000
1604111686101,6,1051264.000000,41440.000000
1604111686351,6,1184160.000000,53600.000000
1604111686601,6,739027.875000,49784.859375
1604111686851,6,894816.000000,54816.000000
1604111687101,6,780416.000000,0.0
1604111687351,6,758272.000000,31104.000000
1604111687601,6,580800.000000,45632.000000
1604111687851,6,434400.000000,56288.000000
1604111688101,6,965568.000000,0.0
1604111688351,6,691360.000000,13632.000000
1604111688601,6,432289.156250,47004.015625
1604111688851,6,951322.625000,44813.769531
1604111689101,6,764382.250000,15745.019531
1604111689351,6,237783.125000,45333.332031
1604111689601,6,605056.000000,67168.000000
1604111689851,6,754480.500000,74262.945312
1604111690101,6,1259741.375000,36352.000000
1604111690351,6,847104.000000,15808.000000
1604111690601,6,724800.000000,72992.000000
1604111690851,6,1013952.000000,58080.000000
1604111691101,6,1351200.000000,0.0
1604111691351,6,737504.000000,23488.000000
1604111691601,6,2435584.000000,75712.000000
1604111691851,6,3939744.000000,1568.000000
1604111692101,6,2216384.000000,47936.000000
1604111692351,6,983296.000000,60480.000000
1604111692601,6,1259168.000000,82304.000000
1604111692851,6,3817248.000000,24732.445312
1604111693101,7,3961370.250000,19267.859375
1604111693351,7,4016608.000000,47520.000000
1604111693601,7,2613269.000000,103614.460938
1604111693851,6,1399203.250000,50103.585938
1604111694101,6,1136160.625000,53783.132812
1604111694351,6,1071328.000000,65792.000000
1604111694601,6,1932032.000000,34752.000000
1604111694851,6,3228576.000000,46208.000000
1604111695101,6,2922784.000000,29760.000000
1604111695351,6,2624542.000000,79394.421875
1604111695601,6,3022457.750000,29943.775391
1604111695851,6,2066912.000000,37312.000000
1604111696101,6,2485440.000000,4256.000000
1604111696351,6,2639040.000000,53952.000000
1604111696601,6,2105568.000000,32800.000000
1604111696851,6,1689792.000000,88416.000000
1604111697101,6,1718127.750000,0.0
1604111697351,6,2200083.750000,59662.648438
1604111697601,6,2524704.000000,79616.000000
1604111697851,6,2085280.000000,23200.000000
1604111698101,6,1983872.000000,45696.000000
1604111698351,6,2058304.000000,18624.000000
1604111698601,6,1986944.000000,32736.000000
1604111698851,6,2095136.000000,0.0
1604111699101,6,2080384.000000,74688.000000
1604111699351,6,2049984.000000,18656.000000
1604111699601,6,2029312.000000,50304.000000
1604111699851,6,1989450.250000,51505.976562
1604111700101,6,2068544.000000,7392.000000
1604111700351,6,1999200.000000,52128.000000
1604111700601,6,2021888.000000,49184.000000
1604111700851,6,1986272.000000,51488.000000
1604111701101,6,2013751.125000,35437.750000
1604111701351,6,1767872.000000,21952.000000
1604111701601,6,1884096.000000,41120.000000
1604111701851,6,976095.625000,16000.000000
1604111702101,6,2418795.250000,56160.640625
1604111702351,6,2641797.500000,23649.402344
1604111702601,6,2680105.000000,37472.000000
1604111702851,6,2112363.250000,33024.000000
1604111703101,6,1993984.000000,4256.000000
1604111703351,6,2086085.625000,46726.503906
1604111703601,6,1671599.375000,35552.000000
1604111703851,6,1887520.000000,63456.000000
1604111704101,6,2637632.000000,44032.000000
1604111704351,6,2040448.000000,25056.000000
1604111704601,6,1693312.000000,118208.000000
1604111704851,6,1615840.000000,35424.000000
1604111705101,6,2405984.000000,28384.000000
1604111705351,6,1992000.000000,35872.000000
1604111705601,6,1906336.000000,31104.000000
1604111705851,6,2364352.000000,0.0
1604111706101,6,2370240.000000,22208.000000
1604111706351,6,2020175.250000,51346.613281
1604111706601,6,2060576.000000,71200.000000
1604111706851,6,1530592.000000,15296.000000
1604111707101,6,2035744.000000,11264.000000
1604111707351,6,1620928.000000,64864.000000
1604111707601,6,1368064.250000,53365.460938
1604111707851,6,1952541.875000,0.0
1604111708101,6,1560738.875000,20915.662109
1604111708351,6,1364626.875000,74656.640625
1604111708601,6,2267046.250000,60704.000000
1604111708851,6,3068963.750000,45429.417969
1604111709101,6,3756422.000000,0.0
1604111709351,6,2090464.000000,24000.000000
1604111709601,6,2036036.250000,56095.617188
1604111709851,6,1819630.625000,69140.562500
1604111710101,6,2251804.500000,45696.000000
1604111710351,6,2042848.375000,23582.330078
1604111710601,6,1661824.000000,49184.000000
1604111710851,6,907360.000000,32192.000000
1604111711101,6,792576.000000,3136.000000
1604111711351,6,1635232.000000,51904.000000
1604111711601,6,1713312.000000,35520.000000
1604111711851,6,2784608.000000,1568.000000
1604111712101,6,2621824.000000,82720.000000
1604111712351,6,2299424.000000,48544.000000
1604111712601,6,2339296.000000,42336.000000
1604111712851,6,2060908.250000,32350.597656
1604111713101,6,2682496.000000,37920.000000
1604111713351,6,2767104.000000,19136.000000
1604111713601,6,2127325.250000,0.0
1604111713851,6,2183264.000000,72576.000000
1604111714101,6,1739776.000000,0.0
1604111714351,6,1817664.000000,44064.000000
1604111714601,6,2434720.000000,23328.000000
1604111714851,6,1999168.000000,25280.000000
1604111715101,6,1219832.875000,5312.000000
1604111715351,6,2009000.750000,48855.390625
1604111715601,6,2088448.000000,39904.000000
1604111715851,6,1709920.000000,4704.000000
1604111716101,6,3056605.500000,23235.060547
1604111716351,6,1182586.375000,24128.513672
1604111716601,6,2805888.000000,64544.000000
1604111716851,6,2248864.000000,25664.000000
1604111717101,6,2363456.000000,66272.000000
1604111717351,6,2014336.000000,28928.000000
1604111717601,6,1635680.000000,24416.000000
1604111717851,6,2572800.000000,7392.000000
1604111718101,6,2067680.000000,50880.000000
1604111718351,6,1863680.000000,48160.000000
1604111718601,6,1251040.000000,41248.000000
1604111718851,6,1986592.000000,1568.000000
1604111719101,6,1151136.000000,35200.000000
1604111719351,6,1044717.125000,23904.382812
1604111719601,6,2298528.000000,64672.000000
1604111719851,6,2038272.000000,0.0
1604111720101,6,2005815.250000,25670.681641
1604111720351,6,1541280.000000,64224.000000
1604111720601,6,1414624.000000,45408.000000
1604111720851,6,2721280.000000,22720.000000
1604111721101,6,2875232.000000,12096.000000
1604111721351,6,3501536.000000,33504.000000
1604111721601,6,891557.625000,38688.000000
1604111721851,6,1052375.750000,0.0
1604111722101,6,908544.000000,30784.000000
1604111722351,6,892188.437500,39757.515625
1604111722601,6,892509.500000,1568.000000
1604111722851,6,959063.000000,34560.000000
1604111723101,6,1197920.000000,31584.000000
1604111723351,6,408256.000000,23488.000000
1604111723601,6,539712.000000,50208.000000
1604111723851,6,473632.000000,3136.000000
1604111724101,6,673312.000000,30688.000000
1604111724351,6,1243584.000000,41344.000000
1604111724601,6,1271552.000000,34720.000000
1604111724851,6,1097408.000000,53536.000000
1604111725101,6,1054080.000000,3136.000000
1604111725351,6,792672.000000,23488.000000
1604111725601,6,558016.000000,28448.000000
1604111725851,6,537568.000000,4704.000000
1604111726101,6,757832.625000,55968.128906
1604111726351,6,1129536.000000,41408.000000
1604111726601,6,789184.000000,26624.000000
1604111726851,6,479132.531250,40546.183594
1604111727101,6,721885.312500,0.0
1604111727351,6,512545.156250,169747.500000
1604111727601,6,507823.281250,36722.890625
1604111727851,6,555872.000000,41152.000000
1604111728101,6,692640.000000,0.0
1604111728351,6,861568.000000,25088.000000
1604111728601,6,933427.437500,29896.414062
1604111728851,6,1098756.250000,59892.562500
1604111729101,6,1158688.000000,1568.000000
1604111729351,6,1226528.000000,25056.000000
1604111729601,6,1202976.000000,47456.000000
1604111729851,6,1235360.000000,218528.000000
1604111730101,6,780096.000000,0.0
1604111730351,6,1117792.000000,23488.000000
1604111730601,6,1134208.000000,31584.000000
1604111730851,6,1017312.000000,1568.000000
1604111731101,6,454784.000000,37184.000000
1604111731351,6,496992.000000,23488.000000
1604111731601,6,891904.000000,33088.000000
1604111731851,6,1122816.000000,44992.000000
1604111732101,6,1016864.000000,37440.000000
1604111732351,6,954784.000000,46688.000000
1604111732601,6,637832.687500,37067.730469
1604111732851,6,78560.000000,0.0
1604111733101,6,476480.000000,0.0
1604111733351,6,675872.000000,67456.000000
1604111733601,6,759678.750000,93558.234375
1604111733851,6,1038368.000000,56896.000000
1604111734101,6,689408.000000,70336.000000
1604111734351,6,213184.000000,51712.000000
1604111734601,6,275929.500000,36330.964844
1604111734851,6,703293.937500,97609.304688
1604111735101,6,616610.437500,0.0
1604111735351,6,689344.000000,18368.000000
1604111735601,6,347187.250000,44876.492188
1604111735851,6,152672.000000,30016.000000
1604111736101,6,134016.000000,202208.000000
1604111736351,6,66955.820312,24096.384766
1604111736601,6,438240.000000,39776.000000
1604111736851,6,652544.000000,20608.000000
1604111737101,6,783840.000000,39008.000000
1604111737351,6,1116736.000000,22464.000000
1604111737601,6,395520.000000,57568.000000
1604111737851,6,593504.000000,146400.000000
1604111738101,6,729408.000000,18336.000000
1604111738351,6,957280.000000,21952.000000
1604111738601,6,1171360.000000,30016.000000
1604111738851,6,374528.000000,76864.000000
1604111739101,6,346262.968750,0.0
1604111739351,6,565011.812500,35662.648438
1604111739601,6,913276.125000,64828.683594
1604111739851,6,699552.000000,23488.000000
1604111740101,6,547744.000000,15904.000000
1604111740351,6,706336.000000,23488.000000
1604111740601,6,972788.562500,44530.121094
1604111740851,6,188973.234375,14162.377930
1604111741101,6,216256.000000,37824.000000
1604111741351,6,524915.125000,23394.421875
1604111741601,6,489220.125000,45920.000000
1604111741851,6,592704.000000,0.0
1604111742101,6,497536.000000,77152.000000
1604111742351,6,961920.000000,23488.000000
1604111742601,6,1004320.000000,81216.000000
1604111742851,6,1183328.000000,25120.000000
1604111743101,6,1042080.000000,0.0
1604111743351,6,925280.000000,23488.000000
1604111743601,6,833152.000000,59360.000000
1604111743851,6,407616.000000,179328.000000
1604111744101,6,571968.000000,0.0
1604111744351,6,267328.000000,23488.000000
1604111744601,6,657792.000000,51904.000000
1604111744851,6,493760.000000,23488.000000
1604111745101,6,899520.000000,16192.000000
1604111745351,6,935872.000000,23488.000000
1604111745601,6,948940.250000,29896.414062
1604111745851,6,1153156.625000,197493.984375
1604111746101,6,1038565.750000,0.0
1604111746351,6,1075776.000000,23488.000000
1604111746601,6,278329.312500,65285.140625
1604111746851,6,389312.000000,195904.000000
1604111747101,6,1052512.000000,20832.000000
1604111747351,6,138202.765625,46785.019531
1604111747601,6,294290.250000,70599.781250
1604111747851,6,195630.515625,23582.330078
1604111748101,6,680929.812500,13888.000000
1604111748351,6,797216.000000,23488.000000
1604111748601,6,820736.000000,58432.000000
1604111748851,6,1104288.000000,39424.000000
1604111749101,6,360448.000000,0.0
1604111749351,6,585728.000000,23488.000000
1604111749601,6,759424.000000,31584.000000
1604111749851,6,717632.000000,47040.000000
1604111750101,6,715232.000000,0.0
1604111750351,6,878720.000000,23488.000000
1604111750601,6,842528.000000,30688.000000
1604111750851,6,988224.000000,1568.000000
1604111751101,6,506368.000000,120864.000000
1604111751351,6,518304.000000,25056.000000
1604111751601,6,894784.000000,43328.000000
1604111751851,6,558336.000000,40352.000000
1604111752101,6,373600.000000,0.0
1604111752351,6,916302.812500,27633.466797
1604111752601,6,1017440.000000,28448.000000
1604111752851,6,1004240.937500,0.0
1604111753101,6,952719.312500,42656.000000
1604111753351,6,934718.000000,23488.000000
1604111753601,6,905799.187500,28562.248047
1604111753851,6,439203.187500,0.0
1604111754101,6,254560.000000,0.0
1604111754351,6,207200.000000,0.0
1604111754601,6,225863.453125,0.0
1604111754851,6,477664.000000,31584.000000
1604111755101,6,746432.000000,0.0
1604111755351,6,784288.000000,0.0
1604111755601,6,586816.000000,32192.000000
1604111755851,6,1193280.000000,0.0
1604111756101,6,1256032.000000,0.0
1604111756351,6,857792.000000,0.0
1604111756601,6,922080.000000,169088.000000
1604111756851,6,1385280.000000,0.0
1604111757101,6,1385280.000000,0.0
1604111757351,6,158176.000000,0.0
1604111757601,6,0.0,0.0
1604111757851,6,0.0,0.0
1604111758101,6,0.0,0.0
1604111758351,6,0.0,0.0
1604111758601,6,0.0,0.0
1604111758851,6,0.0,0.0
1604111759101,6,0.0,0.0
1604111759351,6,0.0,0.0
1604111759601,6,0.0,0.0
1604111759851,6,0.0,0.0
1604111760101,6,0.0,0.0
1604111760351,6,0.0,0.0
1604111760601,6,0.0,0.0
1604111760851,6,0.0,0.0
1604111761101,6,0.0,0.0
1604111761351,6,0.0,0.0
1604111761601,6,0.0,0.0
1604111761851,6,0.0,0.0
1604111762101,6,0.0,0.0
1604111762351,6,0.0,0.0
1604111762601,6,0.0,0.0
1604111762851,6,0.0,0.0
1604111763101,6,0.0,0.0
1604111763351,6,0.0,0.0
1604111763601,6,0.0,0.0
1604111763851,6,0.0,0.0
1604111764101,6,0.0,0.0
1604111764351,6,0.0,0.0
1604111764601,6,0.0,0.0
1604111764851,6,0.0,0.0
1604111765101,6,0.0,0.0
1604111765351,6,0.0,0.0
1604111765601,