Timestamp,num_ues,IMSI,RNTI,,slicing_enabled,slice_id,slice_prb,power_multiplier,scheduling_policy,,dl_mcs,dl_n_samples,dl_buffer [bytes],tx_brate downlink [Mbps],tx_pkts downlink,tx_errors downlink (%),dl_cqi,,ul_mcs,ul_n_samples,ul_buffer [bytes],rx_brate uplink [Mbps],rx_pkts uplink,rx_errors uplink (%),ul_rssi,ul_sinr,phr,,sum_requested_prbs,sum_granted_prbs,,dl_pmi,dl_ri,ul_n,ul_turbo_iters
1604113021860,9,1010123456014,71,,1,0,2,1,1,,16.0814,86,4626,0.083872,33,0,8.75,,10,26,0,0.1,11,9.09091,0,15.5793,31,,6,74,,0,0,0,2.11538
1604113022110,9,1010123456014,71,,1,0,2,1,1,,22.1515,165,27395,0.24752,67,0,11.5,,12.4182,55,0,0.261248,23,0,0,17.1903,31,,208,132,,0,0,0,1.41818
1604113022360,8,1010123456014,71,,1,0,2,1,1,,15.1024,166,53030,0.153542,67,0,2.5,,0,0,0,0,0,0,0,0,0,,199,230,,0,0,0,0
1604113022610,9,1010123456014,71,,1,0,2,1,1,,11.9565,46,82324,0.01936,13,0,7,,0,0,0,0,0,0,0,0,0,,214,234,,0,0,0,0
1604113022860,9,1010123456014,71,,1,0,2,1,1,,19.5842,279,100982,0.389248,120,0,9.4,,0,0,0,0,0,0,0,0,0,,222,230,,0,0,0,0
1604113023110,9,1010123456014,71,,1,0,2,1,1,,13.8243,313,123355,0.238112,118,0,9.5,,11.7143,7,0,0.1,3,0,0,12.2516,31,,224,246,,0,0,0,1.57143
1604113023360,9,1010123456014,71,,1,0,2,1,1,,26.892,389,130289,0.780416,156,0,13,,0,0,0,0,0,0,0,0,0,,229,306,,0,0,0,0
1604113023610,9,1010123456014,71,,1,0,2,1,1,,26.1291,333,139267,0.62768,127,0,13,,0,0,0,0,0,0,0,0,0,,220,264,,0,0,0,0
1604113023860,9,1010123456014,71,,1,0,2,1,1,,21.6329,395,150792,0.629056,162,0,9.66667,,0,0,0,0,0,0,0,0,0,,223,320,,0,0,0,0
1604113024110,9,1010123456014,71,,1,0,2,1,1,,26.0512,371,158355,0.759296,150,0,12.1667,,11.0385,26,0,0.1,10,50,0,10.605,31,,227,298,,0,0,0,5.5
1604113024360,9,1010123456014,71,,1,0,2,1,1,,22.534,382,170972,0.563104,149,0,12,,0,0,0,0,0,0,0,0,0,,224,302,,0,0,0,0
1604113024610,9,1010123456014,71,,1,0,2,1,1,,25.6295,421,177638,0.773088,167,0,12.5,,0,0,0,0,0,0,0,0,0,,227,332,,0,0,0,0
1604113024860,9,1010123456014,71,,1,0,2,1,1,,23.837,368,182846,0.638624,153,0,12,,0,0,0,0,0,0,0,0,0,,223,306,,0,0,0,0
1604113025110,9,1010123456014,71,,1,0,2,1,1,,26.1191,336,183109,0.657376,139,0,13,,8.2093,43,0,0.1,18,27.7778,0,9.93757,31,,218,274,,0,0,0,3.5814
1604113025360,9,1010123456014,71,,1,0,2,1,1,,26.2756,352,183972,0.670272,138,0,12.5,,0,0,0,0,0,0,0,0,0,,219,282,,0,0,0,0
1604113025610,9,1010123456014,71,,1,0,2,1,1,,24.2238,353,183816,0.629664,143,0,11.4,,0,0,0,0,0,0,0,0,0,,225,282,,0,0,0,0
1604113025860,9,1010123456014,71,,1,0,2,1,1,,25.4727,366,183120,0.683392,148,0,12.3333,,0,0,0,0,0,0,0,0,0,,213,298,,0,0,0,0
1604113026110,9,1010123456014,71,,1,0,2,1,1,,23.7427,377,184414,0.626912,151,0,11.5,,10.7838,37,0,0.128,15,13.3333,0,12.5798,31,,229,302,,0,0,0,2.10811
1604113026360,9,1010123456014,71,,1,0,2,1,1,,22.7366,372,183318,0.576736,151,0,8.33333,,0,0,0,0,0,0,0,0,0,,226,328,,0,0,0,0
1604113026610,9,1010123456014,71,,1,0,2,1,1,,0,0,183318,0,0,0,1,,0,0,0,0,0,0,0,0,0,,224,310,,0,0,0,0
1604113026860,9,1010123456014,71,,1,0,2,1,1,,15.212,250,182934,0.240864,99,0,7.8,,0,0,0,0,0,0,0,0,0,,226,310,,0,0,0,0
1604113027110,10,1010123456014,71,,1,0,2,1,1,,23.0291,172,184659,0.289728,74,0,4.66667,,9.30769,13,0,0.1,5,0,0,12.2647,31,,224,310,,0,0,0,1
1604113027360,10,1010123456014,71,,1,0,2,1,1,,15.6084,332,182632,0.280384,126,0,10,,0,0,0,0,0,0,0,0,0,,217,300,,0,0,0,0
1604113027610,10,1010123456014,71,,1,0,2,1,1,,23.422,391,183456,0.655168,162,0,11.25,,0,0,0,0,0,0,0,0,0,,222,316,,0,0,0,0
1604113027860,10,1010123456014,71,,1,0,2,1,1,,23.0272,331,183520,0.515808,131,0,9.33333,,0,0,0,0,0,0,0,0,0,,223,308,,0,0,0,0
1604113028110,10,1010123456014,71,,1,0,2,1,1,,21.8125,368,183592,0.538592,151,0,8.8,,10.9091,11,0,0.1,4,0,0,15.9061,31,,227,318,,0,0,0,1
1604113028361,10,1010123456014,71,,1,0,2,1,1,,19.8671,301,183791,0.36204,114,0,10.2,,0,0,0,0,0,0,0,0,0,,232,310,,0,0,0,0
1604113028610,10,1010123456014,71,,1,0,2,1,1,,17.8352,352,183560,0.384257,139,0,9.16667,,0,0,0,0,0,0,0,0,0,,218,286,,0,0,0,0
1604113028860,10,1010123456014,71,,1,0,2,1,1,,21.4922,319,183430,0.454176,131,0,9.28571,,0,0,0,0,0,0,0,0,0,,217,292,,0,0,0,0
1604113029110,10,1010123456014,71,,1,0,2,1,1,,20.9117,385,184057,0.490912,147,0,10.5,,4.07143,28,0,0.1,11,18.1818,0,8.96082,31,,234,302,,0,0,0,3.82143
1604113029360,10,1010123456014,71,,1,0,2,1,1,,19.9518,394,183524,0.489792,157,0,10,,0,0,0,0,0,0,0,0,0,,225,316,,0,0,0,0
1604113029610,10,1010123456014,71,,1,0,2,1,1,,18.1026,302,183470,0.355936,125,0,7.83333,,0,0,0,0,0,0,0,0,0,,232,296,,0,0,0,0
1604113029860,10,1010123456014,71,,1,0,2,1,1,,16.5139,144,183484,0.144448,58,0,7.25,,0,0,0,0,0,0,0,0,0,,224,264,,0,0,0,0
1604113030110,10,1010123456014,71,,1,0,2,1,1,,15.8095,252,183301,0.226432,96,0,7.16667,,13.3077,13,0,0.1,5,40,0,11.5758,31,,229,274,,0,0,0,4.61538
1604113030360,10,1010123456014,71,,1,0,2,1,1,,14.8238,403,182620,0.362848,159,0,8.4,,0,0,0,0,0,0,0,0,0,,232,316,,0,0,0,0
1604113030610,10,1010123456014,71,,1,0,2,1,1,,21.8238,403,183926,0.576032,161,0,11,,0,0,0,0,0,0,0,0,0,,232,322,,0,0,0,0
1604113030860,10,1010123456014,71,,1,0,2,1,1,,21.7804,337,183928,0.49104,137,0,10,,0,0,0,0,0,0,0,0,0,,220,266,,0,0,0,0
1604113031110,10,1010123456014,71,,1,0,2,1,1,,17.2249,289,183226,0.301728,113,0,8.4,,14.6061,33,0,0.117088,13,30.7692,0,14.148,31,,225,274,,0,0,0,3.9697
1604113031360,10,1010123456014,71,,1,0,2,1,1,,18.2681,317,184074,0.35632,130,0,9.5,,0,0,0,0,0,0,0,0,0,,228,258,,0,0,0,0
1604113031610,10,1010123456014,71,,1,0,2,1,1,,21.1784,398,183884,0.530592,155,0,10.6667,,0,0,0,0,0,0,0,0,0,,229,312,,0,0,0,0
1604113031860,10,1010123456014,71,,1,0,2,1,1,,18.8694,360,184319,0.430784,148,0,8.57143,,0,0,0,0,0,0,0,0,0,,230,296,,0,0,0,0
1604113032110,10,1010123456014,71,,1,0,2,1,1,,16.5585,299,183682,0.28576,112,0,9.16667,,12,7,0,0.1,3,0,0,11.592,31,,228,258,,0,0,0,3.71429
1604113032360,10,1010123456014,71,,1,0,2,1,1,,16.9593,393,183735,0.437536,163,0,8.83333,,0,0,0,0,0,0,0,0,0,,228,324,,0,0,0,0
1604113032610,10,1010123456014,71,,1,0,2,1,1,,18.7193,342,182789,0.42032,142,0,9.33333,,0,0,0,0,0,0,0,0,0,,224,282,,0,0,0,0
1604113032860,10,1010123456014,71,,1,0,2,1,1,,19.0111,362,183064,0.431808,144,0,8.66667,,0,0,0,0,0,0,0,0,0,,219,290,,0,0,0,0
1604113033110,10,1010123456014,71,,1,0,2,1,1,,16.5923,417,183488,0.413792,173,0,9.25,,14.2222,36,0,0.178688,14,14.2857,0,15.5997,31,,233,342,,0,0,0,2.38889
1604113033360,10,1010123456014,71,,1,0,2,1,1,,19.685,381,184276,0.453984,151,0,10,,0,0,0,0,0,0,0,0,0,,224,300,,0,0,0,0
1604113033610,10,1010123456014,71,,1,0,2,1,1,,17.0672,387,183805,0.392128,152,0,8.8,,0,0,0,0,0,0,0,0,0,,227,310,,0,0,0,0
1604113033860,10,1010123456014,71,,1,0,2,1,1,,20.3415,369,183805,0.4816,152,0,10.5,,0,0,0,0,0,0,0,0,0,,228,300,,0,0,0,0
1604113034110,10,1010123456014,71,,1,0,2,1,1,,20.5608,337,183366,0.44448,136,0,10.1667,,12.25,8,0,0.1,3,0,0,14.6573,31,,226,274,,0,0,0,1
1604113034360,10,1010123456014,71,,1,0,2,1,1,,19.9421,397,183976,0.49776,163,0,10.25,,0,0,0,0,0,0,0,0,0,,227,328,,0,0,0,0
1604113034610,10,1010123456014,71,,1,0,2,1,1,,21.1914,350,183697,0.502048,147,0,10.6,,0,0,0,0,0,0,0,0,0,,232,286,,0,0,0,0
1604113034860,10,1010123456014,71,,1,0,2,1,1,,13.5396,328,184337,0.266944,132,0,8.42857,,0,0,0,0,0,0,0,0,0,,224,266,,0,0,0,0
1604113035110,10,1010123456014,71,,1,0,2,1,1,,20.3106,338,184471,0.427181,134,0,10.1667,,6.10256,39,0,0.1,15,20,0,10.8712,31,,209,268,,0,0,0,3.38462
1604113035360,10,1010123456014,71,,1,0,2,1,1,,20.5807,322,183360,0.424352,131,0,10.6,,0,0,0,0,0,0,0,0,0,,228,258,,0,0,0,0
1604113035610,10,1010123456014,71,,1,0,2,1,1,,19.9559,363,182409,0.440864,143,0,9.8,,0,0,0,0,0,0,0,0,0,,228,300,,0,0,0,0
1604113035860,10,1010123456014,71,,1,0,2,1,1,,15.0698,344,183596,0.310688,143,0,8.5,,0,0,0,0,0,0,0,0,0,,224,282,,0,0,0,0
1604113036110,11,1010123456014,71,,1,0,2,1,1,,20.132,341,183762,0.42128,136,0,8.5,,13.5278,36,0,0.171008,14,14.2857,0,12.7835,31,,229,324,,0,0,0,3.19444
1604113036360,11,1010123456014,71,,1,0,2,1,1,,19.173,318,183743,0.39952,134,0,9.2,,0,0,0,0,0,0,0,0,0,,217,262,,0,0,0,0
1604113036610,11,1010123456014,71,,1,0,2,1,1,,15.4281,299,183989,0.2704,116,0,8.66667,,0,0,0,0,0,0,0,0,0,,224,236,,0,0,0,0
1604113036860,11,1010123456014,71,,1,0,2,1,1,,19.2581,430,183248,0.506208,175,0,9.33333,,0,0,0,0,0,0,0,0,0,,225,350,,0,0,0,0
1604113037110,11,1010123456014,71,,1,0,2,1,1,,19.0228,395,183890,0.461824,162,0,9.5,,10.9,40,0,0.121856,16,25,0,11.0389,31,,236,322,,0,0,0,3.775
1604113037360,11,1010123456014,71,,1,0,2,1,1,,19.624,383,184286,0.466272,157,0,9.83333,,0,0,0,0,0,0,0,0,0,,226,312,,0,0,0,0
1604113037610,11,1010123456014,71,,1,0,2,1,1,,16.8791,422,183332,0.40608,163,0,9.2,,0,0,0,0,0,0,0,0,0,,233,334,,0,0,0,0
1604113037860,11,1010123456014,71,,1,0,2,1,1,,19.5972,422,184118,0.50512,169,0,9.66667,,0,0,0,0,0,0,0,0,0,,229,336,,0,0,0,0
1604113038110,11,1010123456014,71,,1,0,2,1,1,,19.1135,282,184343,0.324544,114,0,8.16667,,12,9,0,0.1,3,0,0,13.8844,31,,240,256,,0,0,0,1.66667
1604113038360,11,1010123456014,71,,1,0,2,1,1,,17.8276,348,183260,0.394112,147,0,7.4,,0,0,0,0,0,0,0,0,0,,220,298,,0,0,0,0
1604113038610,11,1010123456014,71,,1,0,2,1,1,,20.4096,354,183834,0.4496,140,0,10.2,,0,0,0,0,0,0,0,0,0,,219,294,,0,0,0,0
1604113038860,11,1010123456014,71,,1,0,2,1,1,,13.8635,425,183465,0.35792,173,0,8.14286,,0,0,0,0,0,0,0,0,0,,233,346,,0,0,0,0
1604113039110,11,1010123456014,71,,1,0,2,1,1,,20.4397,232,183015,0.287776,93,0,7.33333,,3.5,24,0,0.1,10,0,0,6.59747,31,,226,282,,0,0,0,1.58333
1604113039360,11,1010123456014,71,,1,0,2,1,1,,20.3638,437,183226,0.57088,176,0,10,,0,0,0,0,0,0,0,0,0,,227,354,,0,0,0,0
1604113039610,11,1010123456014,71,,1,0,2,1,1,,16.3017,401,184006,0.409184,163,0,8.83333,,0,0,0,0,0,0,0,0,0,,230,326,,0,0,0,0
1604113039860,11,1010123456014,71,,1,0,2,1,1,,16.7881,354,183154,0.364736,146,0,8.5,,0,0,0,0,0,0,0,0,0,,226,294,,0,0,0,0
1604113040110,11,1010123456014,71,,1,0,2,1,1,,19.3154,409,183002,0.483552,167,0,9.8,,12.0625,32,0,0.150656,13,7.69231,0,14.7552,31,,234,334,,0,0,0,1.90625
1604113040360,11,1010123456014,71,,1,0,2,1,1,,19.6349,378,183725,0.464288,155,0,9.75,,0,0,0,0,0,0,0,0,0,,220,304,,0,0,0,0
1604113040610,11,1010123456014,71,,1,0,2,1,1,,19.1062,386,183536,0.436832,155,0,9.33333,,0,0,0,0,0,0,0,0,0,,219,310,,0,0,0,0
1604113040860,11,1010123456014,71,,1,0,2,1,1,,17.1032,252,183913,0.277696,102,0,7.66667,,0,0,0,0,0,0,0,0,0,,227,308,,0,0,0,0
1604113041110,11,1010123456014,71,,1,0,2,1,1,,19.3153,406,184225,0.463424,160,0,9.75,,11.7143,7,0,0.1,3,0,0,16.5438,31,,228,324,,0,0,0,1
1604113041360,11,1010123456014,71,,1,0,2,1,1,,19.6526,403,182805,0.482848,161,0,10,,0,0,0,0,0,0,0,0,0,,222,318,,0,0,0,0
1604113041610,11,1010123456014,71,,1,0,2,1,1,,19.3567,342,183492,0.40816,139,0,9.83333,,0,0,0,0,0,0,0,0,0,,234,280,,0,0,0,0
1604113041860,11,1010123456014,71,,1,0,2,1,1,,16.9268,355,183945,0.362378,144,0,9.42857,,0,0,0,0,0,0,0,0,0,,227,292,,0,0,0,0
1604113042110,11,1010123456014,71,,1,0,2,1,1,,18.7853,396,182941,0.466528,159,0,9.33333,,14.2727,11,0,0.1,4,0,0,18.7282,31,,215,318,,0,0,0,1.27273
1604113042360,11,1010123456014,71,,1,0,2,1,1,,16.9926,403,184045,0.400768,162,0,8.66667,,0,0,0,0,0,0,0,0,0,,230,322,,0,0,0,0
1604113042610,11,1010123456014,71,,1,0,2,1,1,,19.6354,362,183962,0.430528,144,0,10,,0,0,0,0,0,0,0,0,0,,222,290,,0,0,0,0
1604113042860,11,1010123456014,71,,1,0,2,1,1,,19.7182,401,184038,0.491872,163,0,9.85714,,0,0,0,0,0,0,0,0,0,,223,316,,0,0,0,0
1604113043110,11,1010123456014,71,,1,0,2,1,1,,19.224,366,184254,0.408448,142,0,9.5,,11.7143,14,0,0.1,6,33.3333,0,9.05484,31,,222,294,,0,0,0,4.07143
1604113043360,11,1010123456014,71,,1,0,2,1,1,,18.7367,338,184131,0.394176,140,0,9.4,,0,0,0,0,0,0,0,0,0,,229,278,,0,0,0,0
1604113043610,11,1010123456014,71,,1,0,2,1,1,,17.2126,334,183917,0.336064,134,0,9.16667,,0,0,0,0,0,0,0,0,0,,226,272,,0,0,0,0
1604113043860,11,1010123456014,71,,1,0,2,1,1,,19.2864,405,184061,0.478048,165,0,9.5,,0,0,0,0,0,0,0,0,0,,223,328,,0,0,0,0
1604113044110,11,1010123456014,71,,1,0,2,1,1,,17.7783,397,183849,0.439616,162,0,9.16667,,7.19565,46,0,0.1,19,21.0526,0,12.6401,31,,230,324,,0,0,0,2.95652
1604113044360,11,1010123456014,71,,1,0,2,1,1,,19.6743,393,183755,0.49104,163,0,9.83333,,0,0,0,0,0,0,0,0,0,,230,320,,0,0,0,0
1604113044610,11,1010123456014,71,,1,0,2,1,1,,19.8571,371,183059,0.449184,147,0,10,,0,0,0,0,0,0,0,0,0,,232,298,,0,0,0,0
1604113044860,11,1010123456014,71,,1,0,2,1,1,,19.9816,271,182778,0.339808,111,0,8.66667,,0,0,0,0,0,0,0,0,0,,224,296,,0,0,0,0
1604113045110,11,1010123456014,71,,1,0,2,1,1,,20.3895,380,183761,0.497952,155,0,10,,9.57143,35,0,0.109536,14,14.2857,0,12.0015,31,,233,308,,0,0,0,2.82857
1604113045360,11,1010123456014,71,,1,0,2,1,1,,19.7037,378,184179,0.461472,153,0,10,,0,0,0,0,0,0,0,0,0,,228,308,,0,0,0,0
1604113045610,11,1010123456014,71,,1,0,2,1,1,,19.416,399,182712,0.474176,162,0,9.66667,,0,0,0,0,0,0,0,0,0,,229,328,,0,0,0,0
1604113045860,11,1010123456014,71,,1,0,2,1,1,,19.299,301,183705,0.371872,127,0,9.8,,0,0,0,0,0,0,0,0,0,,224,240,,0,0,0,0
1604113046110,11,1010123456014,71,,1,0,2,1,1,,20.4898,245,184354,0.298432,92,0,10,,13.5455,11,0,0.1,4,0,0,19.0437,31,,224,194,,0,0,0,1.54545
1604113046360,11,1010123456014,71,,1,0,4,1,1,,18.7101,207,183341,0.220768,81,0,9.66667,,0,0,0,0,0,0,0,0,0,,268,166,,0,0,0,0
1604113046610,11,1010123456014,71,,1,0,4,1,1,,19.2549,463,182978,0.535072,187,0,9.83333,,0,0,0,0,0,0,0,0,0,,397,376,,0,0,0,0
1604113046860,11,1010123456014,71,,1,0,4,1,1,,19.2387,507,184289,0.592,206,0,9.71429,,0,0,0,0,0,0,0,0,0,,409,404,,0,0,0,0
1604113047110,11,1010123456014,71,,1,0,4,1,1,,19.8658,514,184046,0.616928,203,0,10,,11.125,8,0,0.1,3,0,0,20.2931,31,,405,414,,0,0,0,1
1604113047360,11,1010123456014,71,,1,0,4,1,1,,18.8973,487,183320,0.561024,200,0,9.5,,0,0,0,0,0,0,0,0,0,,402,396,,0,0,0,0
1604113047610,11,1010123456014,71,,1,0,4,1,1,,18.7408,463,183784,0.50864,187,0,9.16667,,0,0,0,0,0,0,0,0,0,,396,376,,0,0,0,0
1604113047860,11,1010123456014,71,,1,0,4,1,1,,18.3926,512,183137,0.55632,211,0,9.14286,,0,0,0,0,0,0,0,0,0,,421,420,,0,0,0,0
1604113048110,11,1010123456014,71,,1,0,4,1,1,,18.2314,458,183231,0.477536,183,0,9.33333,,11.25,12,0,0.1,5,0,0,15.3336,31,,421,368,,0,0,0,1.5
1604113048360,11,1010123456014,71,,1,0,4,1,1,,18.3004,536,183591,0.568386,217,0,9.33333,,0,0,0,0,0,0,0,0,0,,403,436,,0,0,0,0
1604113048610,11,1010123456014,71,,1,0,4,1,1,,17.7449,494,183157,0.497092,198,0,9,,0,0,0,0,0,0,0,0,0,,423,396,,0,0,0,0
1604113048860,11,1010123456014,71,,1,0,4,1,1,,17.8742,477,183222,0.483136,192,0,9,,0,0,0,0,0,0,0,0,0,,400,382,,0,0,0,0
1604113049110,11,1010123456014,71,,1,0,4,1,1,,17.778,500,183898,0.508384,203,0,9,,12.5714,7,0,0.1,3,0,0,16.2391,31,,416,406,,0,0,0,1.85714
1604113049360,11,1010123456014,71,,1,0,4,1,1,,17.9304,517,184174,0.524224,208,0,9,,0,0,0,0,0,0,0,0,0,,413,414,,0,0,0,0
1604113049610,11,1010123456014,71,,1,0,4,1,1,,17.553,481,184191,0.484928,194,0,9.2,,0,0,0,0,0,0,0,0,0,,405,386,,0,0,0,0
1604113049860,11,1010123456014,71,,1,0,4,1,1,,17.5341,410,183494,0.403744,163,0,8.14286,,0,0,0,0,0,0,0,0,0,,396,386,,0,0,0,0
1604113050110,11,1010123456014,71,,1,0,4,1,1,,18.5822,505,184230,0.551328,205,0,9.5,,12.8333,12,0,0.1,6,66.6667,0,11.1139,31,,408,412,,0,0,0,6.25
1604113050360,11,1010123456014,71,,1,0,4,1,1,,18.7221,511,183277,0.559392,207,0,9.66667,,0,0,0,0,0,0,0,0,0,,420,412,,0,0,0,0
1604113050610,11,1010123456014,71,,1,0,4,1,1,,18.1737,524,182496,0.558464,212,0,9.2,,0,0,0,0,0,0,0,0,0,,400,424,,0,0,0,0
1604113050860,11,1010123456014,71,,1,0,4,1,1,,19,524,183515,0.59856,215,0,10,,0,0,0,0,0,0,0,0,0,,408,424,,0,0,0,0
1604113051110,11,1010123456014,71,,1,0,4,1,1,,18.7264,497,183028,0.538592,195,0,9.83333,,12.1429,14,0,0.1,6,66.6667,0,10.8542,31,,404,398,,0,0,0,6.78571
1604113051360,11,1010123456014,71,,1,0,4,1,1,,18.5794,523,183085,0.573504,214,0,9.8,,0,0,0,0,0,0,0,0,0,,408,426,,0,0,0,0
1604113051610,11,1010123456014,71,,1,0,4,1,1,,19.0755,490,183336,0.564896,201,0,10,,0,0,0,0,0,0,0,0,0,,411,404,,0,0,0,0
1604113051860,11,1010123456014,71,,1,0,4,1,1,,18.956,500,183577,0.573984,207,0,10,,0,0,0,0,0,0,0,0,0,,409,410,,0,0,0,0
1604113052110,11,1010123456014,71,,1,0,4,1,1,,17.8571,469,183079,0.491584,188,0,9.6,,5.08333,12,0,0.1,5,0,0,13.5692,31,,414,378,,0,0,0,1
1604113052360,11,1010123456014,71,,1,0,4,1,1,,19.1634,465,184390,0.549856,193,0,10,,0,0,0,0,0,0,0,0,0,,395,376,,0,0,0,0
1604113052610,11,1010123456014,71,,1,0,4,1,1,,19.3093,472,183492,0.546496,190,0,10.1667,,0,0,0,0,0,0,0,0,0,,401,388,,0,0,0,0
1604113052860,11,1010123456014,71,,1,0,4,1,1,,20.5369,501,183144,0.679744,206,0,10.8571,,0,0,0,0,0,0,0,0,0,,414,410,,0,0,0,0
1604113053110,11,1010123456014,71,,1,0,4,1,1,,19.1366,476,182785,0.542816,191,0,10,,9.4,10,0,0.1,4,0,0,18.0255,31,,406,382,,0,0,0,1.2
1604113053360,11,1010123456014,71,,1,0,4,1,1,,19,525,183804,0.587424,211,0,10,,0,0,0,0,0,0,0,0,0,,415,424,,0,0,0,0
1604113053610,11,1010123456014,71,,1,0,4,1,1,,19.1181,508,183853,0.575004,203,0,10,,0,0,0,0,0,0,0,0,0,,396,406,,0,0,0,0
1604113053860,11,1010123456014,71,,1,0,4,1,1,,19.0095,525,183752,0.578528,207,0,10,,0,0,0,0,0,0,0,0,0,,408,416,,0,0,0,0
1604113054110,11,1010123456014,71,,1,0,4,1,1,,18.9884,515,183732,0.574144,206,0,10,,11.6667,9,0,0.1,4,0,0,12.0067,31,,416,414,,0,0,0,1.88889
1604113054360,11,1010123456014,71,,1,0,4,1,1,,13.0482,477,184179,0.391232,198,0,8.6,,0,0,0,0,0,0,0,0,0,,411,386,,0,0,0,0
1604113054610,11,1010123456014,71,,1,0,4,1,1,,19.0889,450,183250,0.499744,177,0,10,,0,0,0,0,0,0,0,0,0,,416,362,,0,0,0,0
1604113054860,11,1010123456014,71,,1,0,4,1,1,,18.5042,478,183733,0.518169,194,0,9.66667,,0,0,0,0,0,0,0,0,0,,416,386,,0,0,0,0
1604113055110,11,1010123456014,71,,1,0,4,1,1,,19.3321,530,184227,0.608864,211,0,10,,9.71429,7,0,0.1,3,0,0,17.1374,31,,406,420,,0,0,0,1
1604113055360,11,1010123456014,71,,1,0,4,1,1,,19.0388,464,184219,0.525248,186,0,9.83333,,0,0,0,0,0,0,0,0,0,,406,376,,0,0,0,0
1604113055610,11,1010123456014,71,,1,0,4,1,1,,18.7616,474,184254,0.525856,193,0,10,,0,0,0,0,0,0,0,0,0,,418,386,,0,0,0,0
1604113055860,11,1010123456014,71,,1,0,4,1,1,,17.646,500,184524,0.527424,204,0,9.57143,,0,0,0,0,0,0,0,0,0,,417,404,,0,0,0,0
1604113056110,11,1010123456014,71,,1,0,4,1,1,,18.6457,460,182311,0.4984,185,0,9.66667,,13.1429,7,0,0.1,3,0,0,13.7923,31,,405,376,,0,0,0,1.85714
1604113056360,11,1010123456014,71,,1,0,4,1,1,,18.7467,525,183562,0.589792,217,0,9.66667,,0,0,0,0,0,0,0,0,0,,408,428,,0,0,0,0
1604113056610,11,1010123456014,71,,1,0,4,1,1,,19.251,502,183467,0.574784,200,0,9.83333,,0,0,0,0,0,0,0,0,0,,403,404,,0,0,0,0
1604113056860,11,1010123456014,71,,1,0,4,1,1,,16.7984,491,183466,0.483488,197,0,9.14286,,0,0,0,0,0,0,0,0,0,,407,394,,0,0,0,0
1604113057110,11,1010123456014,71,,1,0,4,1,1,,19.235,451,183573,0.541024,189,0,10,,13.875,16,0,0.1,6,66.6667,0,8.02707,31,,407,366,,0,0,0,7.875
1604113057360,11,1010123456014,71,,1,0,4,1,1,,18.9665,388,183287,0.426112,152,0,8,,0,0,0,0,0,0,0,0,0,,398,390,,0,0,0,0
1604113057610,11,1010123456014,71,,1,0,4,1,1,,19.2213,497,183291,0.578208,201,0,9.66667,,0,0,0,0,0,0,0,0,0,,407,400,,0,0,0,0
1604113057860,11,1010123456014,71,,1,0,4,1,1,,18.6379,486,183219,0.529024,196,0,9.57143,,0,0,0,0,0,0,0,0,0,,406,394,,0,0,0,0
1604113058110,11,1010123456014,71,,1,0,4,1,1,,17.8317,517,184282,0.540448,209,0,9.33333,,7.54545,11,0,0.1,4,0,0,14.1167,31,,409,420,,0,0,0,1.54545
1604113058360,11,1010123456014,71,,1,0,4,1,1,,16.9657,496,183150,0.476256,197,0,9,,0,0,0,0,0,0,0,0,0,,419,392,,0,0,0,0
1604113058610,11,1010123456014,71,,1,0,4,1,1,,16.943,491,183469,0.4712,195,0,9,,0,0,0,0,0,0,0,0,0,,412,392,,0,0,0,0
1604113058860,11,1010123456014,71,,1,0,4,1,1,,17.7521,484,183324,0.492576,197,0,9,,0,0,0,0,0,0,0,0,0,,411,390,,0,0,0,0
1604113059110,11,1010123456014,71,,1,0,4,1,1,,17.4302,516,182735,0.503872,204,0,9,,11.1429,7,0,0.1,3,0,0,17.67,31,,417,408,,0,0,0,1
1604113059360,11,1010123456014,71,,1,0,4,1,1,,17.5029,525,183172,0.517472,209,0,9,,0,0,0,0,0,0,0,0,0,,407,418,,0,0,0,0
1604113059610,11,1010123456014,71,,1,0,4,1,1,,17.3002,493,182950,0.489349,199,0,9,,0,0,0,0,0,0,0,0,0,,419,400,,0,0,0,0
1604113059860,11,1010123456014,71,,1,0,4,1,1,,18.12,525,182656,0.538944,210,0,9,,0,0,0,0,0,0,0,0,0,,410,420,,0,0,0,0
1604113060110,11,1010123456014,71,,1,0,4,1,1,,16.7638,398,182772,0.385504,162,0,8.83333,,11.7143,7,0,0.1,3,0,0,21.2205,31,,404,322,,0,0,0,1
1604113060360,11,1010123456014,71,,1,0,4,1,1,,18.1365,469,184111,0.484,187,0,9,,0,0,0,0,0,0,0,0,0,,407,376,,0,0,0,0
1604113060610,11,1010123456014,71,,1,0,4,1,1,,18.132,500,183084,0.514176,200,0,9.16667,,0,0,0,0,0,0,0,0,0,,408,402,,0,0,0,0
1604113060860,11,1010123456014,71,,1,0,4,1,1,,17.7228,487,184090,0.49984,200,0,9,,0,0,0,0,0,0,0,0,0,,404,398,,0,0,0,0
1604113061110,11,1010123456014,71,,1,0,4,1,1,,17.8565,481,183649,0.50272,200,0,9,,12.625,8,0,0.1,3,0,0,17.4809,31,,401,396,,0,0,0,1
1604113061360,11,1010123456014,71,,1,0,4,1,1,,17.8373,498,184510,0.504608,201,0,9,,0,0,0,0,0,0,0,0,0,,408,400,,0,0,0,0
1604113061610,11,1010123456014,71,,1,0,4,1,1,,16.2769,484,183936,0.449248,191,0,9,,0,0,0,0,0,0,0,0,0,,402,388,,0,0,0,0
1604113061860,11,1010123456014,71,,1,0,4,1,1,,15.4793,363,184100,0.33952,150,0,9,,0,0,0,0,0,0,0,0,0,,417,296,,0,0,0,0
1604113062110,11,1010123456014,71,,1,0,4,1,1,,17.6258,473,182986,0.465952,187,0,9,,13.7647,17,0,0.1,6,66.6667,0,8.21376,31,,409,378,,0,0,0,7.70588
1604113062360,11,1010123456014,71,,1,0,4,1,1,,17.8551,497,183977,0.500192,199,0,9,,0,0,0,0,0,0,0,0,0,,391,396,,0,0,0,0
1604113062610,11,1010123456014,71,,1,0,4,1,1,,17.9052,538,183748,0.533696,212,0,9,,0,0,0,0,0,0,0,0,0,,418,428,,0,0,0,0
1604113062860,11,1010123456014,71,,1,0,4,1,1,,16.8855,454,183259,0.465344,190,0,9,,0,0,0,0,0,0,0,0,0,,413,370,,0,0,0,0
1604113063110,11,1010123456014,71,,1,0,4,1,1,,17.3691,485,183364,0.468768,191,0,9,,11.7143,14,0,0.1,6,66.6667,0,11.1727,31,,411,390,,0,0,0,6.14286
1604113063360,11,1010123456014,71,,1,0,4,1,1,,17.833,503,183934,0.516,205,0,9,,0,0,0,0,0,0,0,0,0,,402,408,,0,0,0,0
1604113063610,11,1010123456014,71,,1,0,4,1,1,,15.6179,403,184315,0.380256,167,0,9,,0,0,0,0,0,0,0,0,0,,406,330,,0,0,0,0
1604113063860,11,1010123456014,71,,1,0,4,1,1,,15.5181,359,183168,0.332576,147,0,9,,0,0,0,0,0,0,0,0,0,,394,292,,0,0,0,0
1604113064110,11,1010123456014,71,,1,0,4,1,1,,15.4722,413,183496,0.366304,163,0,9,,7,8,0,0.1,3,0,0,16.9774,31,,416,334,,0,0,0,1
1604113064360,11,1010123456014,71,,1,0,4,1,1,,17.3611,324,184030,0.327904,133,0,9,,0,0,0,0,0,0,0,0,0,,406,260,,0,0,0,0
1604113064610,11,1010123456014,71,,1,0,4,1,1,,17.8084,454,184454,0.460992,184,0,9,,0,0,0,0,0,0,0,0,0,,408,374,,0,0,0,0
1604113064860,11,1010123456014,71,,1,0,4,1,1,,17.8727,495,183789,0.507776,202,0,9,,0,0,0,0,0,0,0,0,0,,426,402,,0,0,0,0
1604113065110,11,1010123456014,71,,1,0,4,1,1,,17.245,453,183477,0.450752,184,0,9,,11.7143,7,0,0.1,3,0,0,17.5562,31,,411,364,,0,0,0,1
1604113065360,11,1010123456014,71,,1,0,4,1,1,,17.3267,303,183180,0.29504,120,0,9,,0,0,0,0,0,0,0,0,0,,404,244,,0,0,0,0
1604113065610,11,1010123456014,71,,1,0,4,1,1,,17.7365,501,184036,0.505216,202,0,9,,0,0,0,0,0,0,0,0,0,,415,402,,0,0,0,0
1604113065860,11,1010123456014,71,,1,0,4,1,1,,17.2177,464,183379,0.454528,186,0,9,,0,0,0,0,0,0,0,0,0,,391,374,,0,0,0,0
1604113066110,11,1010123456014,71,,1,0,4,1,1,,17.802,505,183575,0.526522,208,0,9,,11.375,8,0,0.1,3,0,0,17.8726,31,,408,416,,0,0,0,1
1604113066360,11,1010123456014,71,,1,0,4,1,1,,17.7957,470,183689,0.478394,190,0,9,,0,0,0,0,0,0,0,0,0,,413,382,,0,0,0,0
1604113066610,11,1010123456014,71,,1,0,4,1,1,,17.8844,467,183904,0.47808,190,0,9,,0,0,0,0,0,0,0,0,0,,405,378,,0,0,0,0
1604113066860,11,1010123456014,71,,1,0,4,1,1,,17.7988,492,183502,0.496384,198,0,9,,0,0,0,0,0,0,0,0,0,,412,396,,0,0,0,0
1604113067110,11,1010123456014,71,,1,0,4,1,1,,17.8541,514,183831,0.528,210,0,9,,13.5455,11,0,0.1,4,0,0,15.2156,31,,398,414,,0,0,0,3.45455
1604113067360,11,1010123456014,71,,1,0,4,1,1,,17.7325,471,183919,0.472032,189,0,9,,0,0,0,0,0,0,0,0,0,,412,384,,0,0,0,0
1604113067610,11,1010123456014,71,,1,0,4,1,1,,17.9136,521,183908,0.531084,210,0,9,,0,0,0,0,0,0,0,0,0,,414,422,,0,0,0,0
1604113067860,11,1010123456014,71,,1,0,4,1,1,,17.9636,495,184604,0.507488,201,0,9,,0,0,0,0,0,0,0,0,0,,399,402,,0,0,0,0
1604113068110,11,1010123456014,71,,1,0,4,1,1,,17.9321,486,184114,0.512224,203,0,9,,9.625,8,0,0.1,3,0,0,15.4279,31,,412,396,,0,0,0,1
1604113068360,11,1010123456014,71,,1,0,4,1,1,,17.8703,509,182923,0.509984,203,0,9,,0,0,0,0,0,0,0,0,0,,420,416,,0,0,0,0
1604113068610,11,1010123456014,71,,1,0,4,1,1,,18,525,182700,0.538464,213,0,9,,0,0,0,0,0,0,0,0,0,,394,426,,0,0,0,0
1604113068860,11,1010123456014,71,,1,0,4,1,1,,18.0241,498,183418,0.508544,200,0,9,,0,0,0,0,0,0,0,0,0,,396,398,,0,0,0,0
1604113069110,11,1010123456014,71,,1,0,4,1,1,,18.6349,504,184124,0.556128,205,0,9.33333,,12.0625,32,0,0.117472,13,15.3846,0,12.2785,31,,408,408,,0,0,0,3.03125
1604113069360,11,1010123456014,71,,1,0,4,1,1,,18.1017,462,184212,0.474432,184,0,9,,0,0,0,0,0,0,0,0,0,,386,372,,0,0,0,0
1604113069610,11,1010123456014,71,,1,0,4,1,1,,16.3006,499,183434,0.459328,201,0,8,,0,0,0,0,0,0,0,0,0,,411,404,,0,0,0,0
1604113069860,11,1010123456014,71,,1,0,4,1,1,,17.7791,421,183645,0.438752,171,0,9,,0,0,0,0,0,0,0,0,0,,405,334,,0,0,0,0
1604113070110,11,1010123456014,71,,1,0,4,1,1,,16.773,423,183606,0.381312,164,0,8.66667,,9.625,8,0,0.1,3,0,0,17.8229,31,,414,334,,0,0,0,1
1604113070360,11,1010123456014,71,,1,0,4,1,1,,17.788,401,183087,0.404704,161,0,8,,0,0,0,0,0,0,0,0,0,,408,386,,0,0,0,0
1604113070610,11,1010123456014,71,,1,0,4,1,1,,18.0914,514,184401,0.52976,207,0,9,,0,0,0,0,0,0,0,0,0,,405,418,,0,0,0,0
1604113070860,11,1010123456014,71,,1,0,4,1,1,,17.6803,538,183849,0.55488,216,0,9,,0,0,0,0,0,0,0,0,0,,408,428,,0,0,0,0
1604113071110,11,1010123456014,71,,1,0,4,1,1,,18.5679,530,182463,0.570464,213,0,9.16667,,12.8889,9,0,0.1,4,0,0,19.257,31,,401,430,,0,0,0,1
1604113071360,11,1010123456014,71,,1,0,4,1,1,,18.9485,524,183743,0.587296,211,0,9.66667,,0,0,0,0,0,0,0,0,0,,415,418,,0,0,0,0
1604113071610,11,1010123456014,71,,1,0,4,1,1,,18.7486,529,183400,0.588192,215,0,9.5,,0,0,0,0,0,0,0,0,0,,417,430,,0,0,0,0
1604113071860,11,1010123456014,71,,1,0,4,1,1,,18.8768,479,183293,0.528672,191,0,9.28571,,0,0,0,0,0,0,0,0,0,,414,384,,0,0,0,0
1604113072110,11,1010123456014,71,,1,0,4,1,1,,18.303,495,183770,0.515296,197,0,9.4,,13.8,10,0,0.1,4,0,0,18.9891,31,,413,394,,0,0,0,1.9
1604113072360,11,1010123456014,71,,1,0,4,1,1,,18.4906,481,182916,0.510144,192,0,9.66667,,0,0,0,0,0,0,0,0,0,,416,384,,0,0,0,0
1604113072610,11,1010123456014,71,,1,0,4,1,1,,18.2004,494,183477,0.508736,196,0,9.33333,,0,0,0,0,0,0,0,0,0,,399,394,,0,0,0,0
1604113072860,11,1010123456014,71,,1,0,4,1,1,,19.0907,529,184025,0.61216,218,0,10,,0,0,0,0,0,0,0,0,0,,402,430,,0,0,0,0
1604113073110,11,1010123456014,71,,1,0,4,1,1,,18.9226,478,183898,0.534458,191,0,9.66667,,10.375,8,0,0.1,3,0,0,14.5004,31,,409,382,,0,0,0,1.75
1604113073360,11,1010123456014,71,,1,0,4,1,1,,18.9621,502,184043,0.565888,204,0,10,,0,0,0,0,0,0,0,0,0,,403,412,,0,0,0,0
1604113073610,11,1010123456014,71,,1,0,4,1,1,,19.1207,497,184481,0.556048,197,0,10.1667,,0,0,0,0,0,0,0,0,0,,416,396,,0,0,0,0
1604113073860,11,1010123456014,71,,1,0,4,1,1,,19.3195,482,183411,0.569632,197,0,10.1429,,0,0,0,0,0,0,0,0,0,,403,392,,0,0,0,0
1604113074110,11,1010123456014,71,,1,0,4,1,1,,19.9258,472,182832,0.586016,193,0,10.6667,,10.625,8,0,0.1,3,0,0,15.0924,31,,412,388,,0,0,0,1.875
1604113074360,11,1010123456014,71,,1,0,4,1,1,,19.2199,482,183588,0.570688,198,0,10.1667,,0,0,0,0,0,0,0,0,0,,411,386,,0,0,0,0
1604113074610,11,1010123456014,71,,1,0,4,1,1,,20.099,495,183606,0.60816,197,0,10.5,,0,0,0,0,0,0,0,0,0,,412,402,,0,0,0,0
1604113074860,11,1010123456014,71,,1,0,4,1,1,,19.1503,519,182894,0.603168,211,0,10,,0,0,0,0,0,0,0,0,0,,408,420,,0,0,0,0
1604113075110,11,1010123456014,71,,1,0,4,1,1,,20.2278,496,182664,0.616704,198,0,10.6667,,9.625,8,0,0.1,3,0,0,20.8094,31,,404,400,,0,0,0,1
1604113075360,11,1010123456014,71,,1,0,4,1,1,,20.8852,418,182938,0.572064,171,0,8.83333,,0,0,0,0,0,0,0,0,0,,416,410,,0,0,0,0
1604113075610,11,1010123456014,71,,1,0,4,1,1,,20.4705,508,183057,0.66144,206,0,10.8,,0,0,0,0,0,0,0,0,0,,403,414,,0,0,0,0
1604113075860,11,1010123456014,71,,1,0,4,1,1,,20.8497,519,183763,0.6936,211,0,10.8571,,0,0,0,0,0,0,0,0,0,,406,418,,0,0,0,0
1604113076110,11,1010123456014,71,,1,0,4,1,1,,21,452,184199,0.60144,179,0,9.16667,,12.625,8,0,0.1,3,0,0,15.3821,31,,406,428,,0,0,0,1
1604113076360,11,1010123456014,71,,1,0,4,1,1,,21.0155,516,183298,0.699392,208,0,11,,0,0,0,0,0,0,0,0,0,,408,414,,0,0,0,0
1604113076610,11,1010123456014,71,,1,0,4,1,1,,20.5767,541,183517,0.703968,217,0,10.6667,,0,0,0,0,0,0,0,0,0,,405,438,,0,0,0,0
1604113076860,11,1010123456014,71,,1,0,4,1,1,,20.8481,349,183865,0.476672,144,0,11,,0,0,0,0,0,0,0,0,0,,412,280,,0,0,0,0
1604113077110,11,1010123456014,71,,1,0,4,1,1,,18.3316,386,183793,0.435488,153,0,10,,10.2857,7,0,0.1,3,0,0,16.4809,31,,406,308,,0,0,0,1
1604113077360,11,1010123456014,71,,1,0,4,1,1,,20.9301,429,183537,0.586784,177,0,11,,0,0,0,0,0,0,0,0,0,,404,348,,0,0,0,0
1604113077610,11,1010123456014,71,,1,0,4,1,1,,20,167,184466,0.21192,68,0,11,,0,0,0,0,0,0,0,0,0,,411,134,,0,0,0,0
1604113077860,11,1010123456014,71,,1,0,4,1,1,,20.0461,152,182779,0.18624,60,0,11,,0,0,0,0,0,0,0,0,0,,409,128,,0,0,0,0
1604113078110,11,1010123456014,71,,1,0,4,1,1,,21.5,374,183878,0.523072,150,0,11.3333,,12.8,15,0,0.1,5,0,0,18.6257,31,,409,304,,0,0,0,1
1604113078360,11,1010123456014,71,,1,0,4,1,1,,21.0432,463,183177,0.648928,191,0,11,,0,0,0,0,0,0,0,0,0,,427,380,,0,0,0,0
1604113078610,11,1010123456014,71,,1,0,4,1,1,,21.3658,462,183769,0.642088,185,0,11.1667,,0,0,0,0,0,0,0,0,0,,410,372,,0,0,0,0
1604113078860,11,1010123456014,71,,1,0,4,1,1,,22.3956,273,184289,0.433984,114,0,11.5714,,0,0,0,0,0,0,0,0,0,,402,216,,0,0,0,0
1604113079110,11,1010123456014,71,,1,0,4,1,1,,22.1087,414,184370,0.595136,162,0,11.8333,,5.5,16,0,0.1,6,0,0,6.90336,31,,402,334,,0,0,0,1.1875
1604113079360,11,1010123456014,71,,1,0,4,1,1,,23.7056,462,183559,0.78592,188,0,12.1667,,0,0,0,0,0,0,0,0,0,,415,378,,0,0,0,0
1604113079610,11,1010123456014,71,,1,0,4,1,1,,21.5054,463,183884,0.649408,186,0,11.1667,,0,0,0,0,0,0,0,0,0,,411,374,,0,0,0,0
1604113079860,11,1010123456014,71,,1,0,4,1,1,,21.2239,469,182755,0.711424,192,0,11.2857,,0,0,0,0,0,0,0,0,0,,411,380,,0,0,0,0
1604113080110,11,1010123456014,71,,1,0,4,1,1,,24.3829,491,182509,0.84544,196,0,12.5,,4.55714,70,0,0.1,29,24.1379,0,9.57441,31,,410,396,,0,0,0,2.9
1604113080360,11,1010123456014,71,,1,0,4,1,1,,25.5637,463,183544,0.89072,191,0,12.8,,0,0,0,0,0,0,0,0,0,,402,372,,0,0,0,0
1604113080610,11,1010123456014,71,,1,0,4,1,1,,25.2651,479,182655,0.85888,188,0,12.6667,,0,0,0,0,0,0,0,0,0,,413,386,,0,0,0,0
1604113080860,11,1010123456014,71,,1,0,4,1,1,,24.2199,423,183452,0.767232,176,0,11.7143,,0,0,0,0,0,0,0,0,0,,412,340,,0,0,0,0
1604113081110,11,1010123456014,71,,1,0,4,1,1,,24.2827,481,183486,0.838176,193,0,13,,6.09804,51,0,0.10192,20,10,0,14.5895,31,,402,390,,0,0,0,2.11765
1604113081360,10,1010123456014,71,,1,0,4,1,1,,24.9575,494,183323,0.920704,204,0,12.6,,0,0,0,0,0,0,0,0,0,,401,402,,0,0,0,0
1604113081610,10,1010123456014,71,,1,0,4,1,1,,25.9667,450,182930,0.837376,176,0,13,,0,0,0,0,0,0,0,0,0,,386,364,,0,0,0,0
1604113081860,10,1010123456014,71,,1,0,4,1,1,,25.3208,346,183552,0.647808,140,0,10.8571,,0,0,0,0,0,0,0,0,0,,402,336,,0,0,0,0
1604113082110,10,1010123456014,71,,1,0,4,1,1,,22.265,483,183524,0.757536,197,0,11.6667,,11.6,10,0,0.1,4,0,0,16.5584,31,,404,394,,0,0,0,1.6
1604113082360,10,1010123456014,71,,1,0,4,1,1,,25.6608,457,183440,0.870176,185,0,12.8333,,0,0,0,0,0,0,0,0,0,,408,366,,0,0,0,0
1604113082610,10,1010123456014,71,,1,0,4,1,1,,25.9278,457,183804,0.869632,184,0,13,,0,0,0,0,0,0,0,0,0,,402,374,,0,0,0,0
1604113082860,10,1010123456014,71,,1,0,4,1,1,,25.5024,422,183069,0.798592,172,0,13,,0,0,0,0,0,0,0,0,0,,395,338,,0,0,0,0
1604113083110,10,1010123456014,71,,1,0,4,1,1,,24.9201,488,183178,0.8992,200,0,12.6667,,7.75,8,0,0.1,3,0,0,14.6968,31,,400,400,,0,0,0,1.375
1604113083360,10,1010123456014,71,,1,0,4,1,1,,25.2933,433,183983,0.792352,173,0,12.8333,,0,0,0,0,0,0,0,0,0,,379,340,,0,0,0,0
1604113083610,10,1010123456014,71,,1,0,4,1,1,,23.9471,473,183972,0.808224,185,0,12,,0,0,0,0,0,0,0,0,0,,395,378,,0,0,0,0
1604113083860,10,1010123456014,71,,1,0,4,1,1,,25.8283,495,181884,0.90768,195,0,12.8571,,0,0,0,0,0,0,0,0,0,,397,390,,0,0,0,0
1604113084110,10,1010123456014,71,,1,0,4,1,1,,20.64,500,182391,0.741824,200,0,11.1667,,10.5714,7,0,0.1,3,0,0,13.5494,31,,394,400,,0,0,0,1.28571
1604113084360,11,1010123456014,71,,1,0,4,1,1,,25.2295,488,184291,0.893152,195,0,12.6667,,0,0,0,0,0,0,0,0,0,,406,388,,0,0,0,0
1604113084610,11,1010123456014,71,,1,0,4,1,1,,25.6485,495,183367,0.931695,199,0,13,,0,0,0,0,0,0,0,0,0,,413,398,,0,0,0,0
1604113084860,11,1010123456014,71,,1,0,4,1,1,,25.716,412,184023,0.786088,167,0,13.1667,,0,0,0,0,0,0,0,0,0,,410,334,,0,0,0,0
1604113085140,9,1010123456014,71,,1,0,4,1,1,,26.2393,468,178217,0.926029,215,0,13.1429,,9.5,8,0,0.1,3,0,0,14.9793,31,,481,434,,0,0,0,1.375
1604113085360,10,1010123456014,71,,1,0,4,1,1,,25.8976,508,184391,0.975635,180,0,13,,0,0,0,0,0,0,0,0,0,,440,354,,0,0,0,0
1604113085610,12,1010123456014,71,,1,0,4,1,1,,24.6296,216,183120,0.375584,85,0,13,,0,0,0,0,0,0,0,0,0,,337,170,,0,0,0,0
1604113085860,11,1010123456014,71,,1,0,4,1,1,,18.1235,162,183122,0.200832,66,0,11,,0,0,0,0,0,0,0,0,0,,314,128,,0,0,0,0
1604113086110,11,1010123456014,71,,1,0,4,1,1,,24,145,184289,0.246848,58,0,13,,11.1429,7,0,0.1,3,0,0,14.6694,31,,316,116,,0,0,0,2.14286
1604113086360,11,1010123456014,71,,1,0,4,1,1,,23.0723,166,183335,0.276928,68,0,12,,0,0,0,0,0,0,0,0,0,,318,134,,0,0,0,0
1604113086610,10,1010123456014,71,,1,0,4,1,1,,23.2402,204,184359,0.347584,86,0,11.2,,0,0,0,0,0,0,0,0,0,,297,170,,0,0,0,0
1604113086860,10,1010123456014,71,,1,0,4,1,1,,24.4,305,184049,0.515392,118,0,12.7143,,0,0,0,0,0,0,0,0,0,,303,244,,0,0,0,0
1604113087110,10,1010123456014,71,,1,0,4,1,1,,25.5541,296,183505,0.53057,114,0,13,,3.76,25,0,0.1,11,0,0,9.53368,31,,301,232,,0,0,0,1
1604113087360,10,1010123456014,71,,1,0,4,1,1,,26.0381,420,183905,0.788,165,0,13,,0,0,0,0,0,0,0,0,0,,300,334,,0,0,0,0
1604113087610,10,1010123456014,71,,1,0,4,1,1,,25.2331,163,183538,0.330304,72,0,10.6667,,0,0,0,0,0,0,0,0,0,,295,140,,0,0,0,0
1604113087860,10,1010123456014,71,,1,0,4,1,1,,24.7562,242,182938,0.423264,93,0,11.5714,,0,0,0,0,0,0,0,0,0,,300,200,,0,0,0,0
1604113088110,10,1010123456014,71,,1,0,4,1,1,,25.87,223,183249,0.42128,89,0,13,,13.1471,34,0,0.130912,14,21.4286,0,15.3512,31,,297,176,,0,0,0,2.70588
1604113088360,10,1010123456014,71,,1,0,4,1,1,,26.1179,424,183913,0.821728,171,0,13.1667,,0,0,0,0,0,0,0,0,0,,302,346,,0,0,0,0
1604113088610,10,1010123456014,71,,1,0,4,1,1,,25.5889,253,183609,0.485632,104,0,13,,0,0,0,0,0,0,0,0,0,,292,208,,0,0,0,0
1604113088860,10,1010123456014,71,,1,0,4,1,1,,25.9222,347,183585,0.663424,140,0,13,,0,0,0,0,0,0,0,0,0,,302,280,,0,0,0,0
1604113089110,10,1010123456014,71,,1,0,4,1,1,,24.7535,288,183808,0.524736,118,0,12.4,,13.5789,38,0,0.1232,15,26.6667,0,15.7379,31,,304,232,,0,0,0,3.42105
1604113089360,10,1010123456014,71,,1,0,4,1,1,,25.8478,230,183424,0.458656,97,0,11.1667,,0,0,0,0,0,0,0,0,0,,299,210,,0,0,0,0
1604113089610,10,1010123456014,71,,1,0,4,1,1,,23.2628,293,183110,0.481824,113,0,9.66667,,0,0,0,0,0,0,0,0,0,,301,276,,0,0,0,0
1604113089860,10,1010123456014,71,,1,0,4,1,1,,23.2577,194,183847,0.30368,76,0,12,,0,0,0,0,0,0,0,0,0,,305,148,,0,0,0,0
1604113090110,10,1010123456014,71,,1,0,4,1,1,,21.8734,237,184072,0.367168,94,0,11.1667,,12.625,8,0,0.1,3,0,0,18.7402,31,,298,192,,0,0,0,1.5
1604113090360,10,1010123456014,71,,1,0,4,1,1,,17.0242,207,184062,0.256992,88,0,8.75,,0,0,0,0,0,0,0,0,0,,293,170,,0,0,0,0
1604113090610,10,1010123456014,71,,1,0,4,1,1,,18.8482,191,183692,0.2504,73,0,11,,0,0,0,0,0,0,0,0,0,,299,152,,0,0,0,0
1604113090860,10,1010123456014,71,,1,0,4,1,1,,21.0609,115,183913,0.180768,51,0,13,,0,0,0,0,0,0,0,0,0,,307,96,,0,0,0,0
1604113091110,10,1010123456014,71,,1,0,4,1,1,,25.7992,249,183985,0.444352,94,0,13,,14.1538,13,0,0.1,5,20,0,18.3162,31,,314,200,,0,0,0,3.30769
1604113091360,10,1010123456014,71,,1,0,4,1,1,,25.9806,155,183500,0.328096,69,0,12.8333,,0,0,0,0,0,0,0,0,0,,303,126,,0,0,0,0
1604113091610,10,1010123456014,71,,1,0,4,1,1,,25.6255,235,182693,0.420416,90,0,13,,0,0,0,0,0,0,0,0,0,,297,194,,0,0,0,0
1604113091860,10,1010123456014,71,,1,0,4,1,1,,26.6007,293,184076,0.59808,122,0,13.1667,,0,0,0,0,0,0,0,0,0,,301,232,,0,0,0,0
1604113092110,10,1010123456014,71,,1,0,4,1,1,,27,201,183221,0.391872,78,0,11.6,,13.1429,7,0,0.1,3,0,0,22.5901,31,,305,172,,0,0,0,1.42857
1604113092360,10,1010123456014,71,,1,0,4,1,1,,26.6438,233,183117,0.490848,95,0,14,,0,0,0,0,0,0,0,0,0,,305,184,,0,0,0,0
1604113092610,10,1010123456014,71,,1,0,4,1,1,,16.1266,158,184021,0.173344,67,0,6.75,,0,0,0,0,0,0,0,0,0,,304,142,,0,0,0,0
1604113092860,10,1010123456014,71,,1,0,4,1,1,,27.6636,107,183681,0.231072,41,0,10.8571,,0,0,0,0,0,0,0,0,0,,303,206,,0,0,0,0
1604113093110,10,1010123456014,71,,1,0,4,1,1,,27.3762,311,182720,0.666944,122,0,14.25,,15,12,0,0,4,100,0,6.04544,0,,291,252,,0,0,0,10
1604113093360,10,1010123456014,71,,1,0,4,1,1,,27.7791,412,182490,0.95136,166,0,14.3333,,0.571429,7,0,0.1,3,0,0,15.0495,31,,289,332,,0,0,0,1
1604113093610,10,1010123456014,71,,1,0,4,1,1,,27.6018,221,183022,0.526912,94,0,14.3333,,0,0,0,0,0,0,0,0,0,,301,180,,0,0,0,0
1604113093860,10,1010123456014,71,,1,0,4,1,1,,25.5315,222,184003,0.438752,87,0,12.2,,0,0,0,0,0,0,0,0,0,,297,174,,0,0,0,0
1604113094110,10,1010123456014,71,,1,0,4,1,1,,27.7165,261,183100,0.571936,101,0,14.6667,,14.3846,13,0,0.1,5,0,0,19.1541,31,,300,210,,0,0,0,1
1604113094360,10,1010123456014,71,,1,0,4,1,1,,26.3422,263,184460,0.58624,112,0,13,,0,0,0,0,0,0,0,0,0,,302,218,,0,0,0,0
1604113094610,10,1010123456014,71,,1,0,4,1,1,,27.75,276,182657,0.637952,112,0,14.5,,0,0,0,0,0,0,0,0,0,,311,220,,0,0,0,0
1604113094860,10,1010123456014,71,,1,0,4,1,1,,27.2872,289,183021,0.598176,113,0,12.4286,,0,0,0,0,0,0,0,0,0,,297,232,,0,0,0,0
1604113095110,10,1010123456014,71,,1,0,4,1,1,,27.1515,198,183081,0.432768,84,0,11.25,,13.3571,28,0,0.1,12,8.33333,0,14.1448,31,,308,274,,0,0,0,3
1604113095360,10,1010123456014,71,,1,0,4,1,1,,27.3482,224,182853,0.450688,84,0,14.5,,0,0,0,0,0,0,0,0,0,,301,180,,0,0,0,0
1604113095610,10,1010123456014,71,,1,0,4,1,1,,27.463,257,184440,0.596544,110,0,14.6,,0,0,0,0,0,0,0,0,0,,301,206,,0,0,0,0
1604113095860,10,1010123456014,71,,1,0,4,1,1,,27.2109,275,184260,0.568224,109,0,14,,0,0,0,0,0,0,0,0,0,,292,220,,0,0,0,0
1604113096110,10,1010123456014,71,,1,0,4,1,1,,26.2595,131,183692,0.2608,54,0,13.6,,9.71429,14,0,0.1,6,0,0,18.4031,31,,296,106,,0,0,0,1.28571
1604113096360,10,1010123456014,71,,1,0,4,1,1,,27.2849,330,183416,0.682304,126,0,14,,0,0,0,0,0,0,0,0,0,,295,266,,0,0,0,0
1604113096610,10,1010123456014,71,,1,0,4,1,1,,27.1295,224,183720,0.488032,95,0,14,,0,0,0,0,0,0,0,0,0,,294,180,,0,0,0,0
1604113096860,10,1010123456014,71,,1,0,4,1,1,,27.1489,356,182489,0.722176,140,0,14,,0,0,0,0,0,0,0,0,0,,305,290,,0,0,0,0
1604113097110,10,1010123456014,71,,1,0,4,1,1,,27.0876,331,184232,0.684864,134,0,14,,15.1429,7,0,0.1,3,0,0,12.9612,31,,306,256,,0,0,0,2.71429
1604113097360,10,1010123456014,71,,1,0,4,1,1,,24.8598,264,183611,0.499584,106,0,11.5,,0,0,0,0,0,0,0,0,0,,293,214,,0,0,0,0
1604113097610,10,1010123456014,71,,1,0,4,1,1,,24.2132,197,183245,0.340576,79,0,13.1667,,0,0,0,0,0,0,0,0,0,,287,156,,0,0,0,0
1604113097860,10,1010123456014,71,,1,0,4,1,1,,27,272,182126,0.54736,109,0,14,,0,0,0,0,0,0,0,0,0,,289,222,,0,0,0,0
1604113098110,10,1010123456014,71,,1,0,4,1,1,,26.7367,319,184413,0.649696,131,0,11.6667,,13.1562,32,0,0.14432,13,15.3846,0,15.3567,31,,314,260,,0,0,0,2.46875
1604113098360,10,1010123456014,71,,1,0,4,1,1,,26.7075,147,183469,0.305024,60,0,11.8333,,0,0,0,0,0,0,0,0,0,,307,144,,0,0,0,0
1604113098610,10,1010123456014,71,,1,0,4,1,1,,26.8146,302,183245,0.632448,124,0,13.6667,,0,0,0,0,0,0,0,0,0,,286,244,,0,0,0,0
1604113098860,10,1010123456014,71,,1,0,4,1,1,,26.8651,126,183889,0.252608,50,0,11.5,,0,0,0,0,0,0,0,0,0,,315,178,,0,0,0,0
1604113099110,10,1010123456014,71,,1,0,4,1,1,,24.1905,126,183647,0.250016,53,0,10,,3.91176,34,0,0.1,14,0,0,13.0518,31,,299,166,,0,0,0,1
1604113099360,10,1010123456014,71,,1,0,4,1,1,,22.9433,141,183788,0.202976,49,0,10.1667,,0,0,0,0,0,0,0,0,0,,317,158,,0,0,0,0
1604113099610,10,1010123456014,71,,1,0,4,1,1,,26.9517,290,183556,0.61088,122,0,13.8,,0,0,0,0,0,0,0,0,0,,290,230,,0,0,0,0
1604113099860,10,1010123456014,71,,1,0,4,1,1,,26.3979,284,183668,0.549792,113,0,12,,0,0,0,0,0,0,0,0,0,,293,242,,0,0,0,0
1604113100110,10,1010123456014,71,,1,0,4,1,1,,27.13,323,183480,0.662432,129,0,14.3333,,12.9512,41,0,0.119136,17,35.2941,0,13.1057,31,,308,262,,0,0,0,4.07317
1604113100360,10,1010123456014,71,,1,0,4,1,1,,27.6771,288,183352,0.68048,121,0,14.6667,,0,0,0,0,0,0,0,0,0,,302,234,,0,0,0,0
1604113100610,10,1010123456014,71,,1,0,4,1,1,,27.195,241,183828,0.509376,98,0,11,,0,0,0,0,0,0,0,0,0,,295,246,,0,0,0,0
1604113100860,10,1010123456014,71,,1,0,4,1,1,,24.9077,195,184211,0.366368,77,0,11.4,,0,0,0,0,0,0,0,0,0,,292,228,,0,0,0,0
1604113101110,10,1010123456014,71,,1,0,4,1,1,,24.0156,320,181987,0.561792,126,0,13.6667,,0,6,0,0.1,3,0,0,0,31,,295,258,,0,0,0,0
1604113101360,10,1010123456014,71,,1,0,4,1,1,,27.5678,236,183398,0.52656,95,0,14.25,,0,0,0,0,0,0,0,0,0,,294,188,,0,0,0,0
1604113101610,10,1010123456014,71,,1,0,4,1,1,,27.0818,269,183914,0.56752,111,0,14,,0,0,0,0,0,0,0,0,0,,296,216,,0,0,0,0
1604113101860,10,1010123456014,71,,1,0,4,1,1,,27.5938,224,183402,0.492832,89,0,9,,0,0,0,0,0,0,0,0,0,,296,250,,0,0,0,0
1604113102110,10,1010123456014,71,,1,0,4,1,1,,20.5193,233,183890,0.36112,93,0,11.4,,14.5455,11,0,0.1,5,20,0,19.0312,31,,299,240,,0,0,0,2.63636
1604113102360,10,1010123456014,71,,1,0,4,1,1,,27.5561,205,184286,0.468896,85,0,14,,0,0,0,0,0,0,0,0,0,,305,166,,0,0,0,0
1604113102610,10,1010123456014,71,,1,0,4,1,1,,26.4901,353,182467,0.675616,137,0,14,,0,0,0,0,0,0,0,0,0,,297,290,,0,0,0,0
1604113102860,10,1010123456014,71,,1,0,4,1,1,,24.7853,326,184254,0.631392,135,0,11.1667,,0,0,0,0,0,0,0,0,0,,281,320,,0,0,0,0
1604113103110,10,1010123456014,71,,1,0,4,1,1,,24.3717,269,183796,0.470144,104,0,12,,11.6471,17,0,0.1,6,66.6667,0,5.4977,31,,304,214,,0,0,0,7.35294
1604113103360,10,1010123456014,71,,1,0,4,1,1,,27.2473,186,182029,0.393152,74,0,10.5,,0,0,0,0,0,0,0,0,0,,305,228,,0,0,0,0
1604113103610,10,1010123456014,71,,1,0,4,1,1,,22.0717,307,183522,0.550656,121,0,12.4,,0,0,0,0,0,0,0,0,0,,301,246,,0,0,0,0
1604113103860,10,1010123456014,71,,1,0,4,1,1,,23.1459,281,183995,0.512224,122,0,10.1667,,0,0,0,0,0,0,0,0,0,,294,232,,0,0,0,0
1604113104110,10,1010123456014,71,,1,0,4,1,1,,19.2338,77,183488,0.112544,31,0,6.33333,,8.88889,9,0,0.1,4,0,0,20.6396,31,,298,162,,0,0,0,1
1604113104360,10,1010123456014,71,,1,0,4,1,1,,27.3582,201,184304,0.445248,82,0,13.6667,,0,0,0,0,0,0,0,0,0,,312,194,,0,0,0,0
1604113104610,10,1010123456014,71,,1,0,4,1,1,,25.4251,167,183454,0.31232,68,0,7.5,,0,0,0,0,0,0,0,0,0,,309,194,,0,0,0,0
1604113104860,10,1010123456014,71,,1,0,4,1,1,,27.1066,272,183277,0.547424,107,0,14.1667,,0,0,0,0,0,0,0,0,0,,298,224,,0,0,0,0
1604113105110,10,1010123456014,71,,1,0,4,1,1,,27.5749,207,183609,0.476864,86,0,14.3333,,11.1111,9,0,0.1,4,0,0,19.6028,31,,304,166,,0,0,0,1
1604113105360,10,1010123456014,71,,1,0,4,1,1,,25.9958,241,183049,0.47296,94,0,13,,0,0,0,0,0,0,0,0,0,,297,196,,0,0,0,0
1604113105610,10,1010123456014,71,,1,0,4,1,1,,26.0173,289,183511,0.54704,115,0,13.1667,,0,0,0,0,0,0,0,0,0,,297,232,,0,0,0,0
1604113105860,10,1010123456014,71,,1,0,4,1,1,,24.97,267,183256,0.48304,105,0,12.1429,,0,0,0,0,0,0,0,0,0,,299,210,,0,0,0,0
1604113106110,10,1010123456014,71,,1,0,4,1,1,,27,236,183287,0.467232,93,0,11.4,,15.4545,11,0,0.1,5,20,0,17.1773,31,,293,236,,0,0,0,3.18182
1604113106360,10,1010123456014,71,,1,0,4,1,1,,27.2481,266,183813,0.590112,113,0,14,,0,0,0,0,0,0,0,0,0,,316,210,,0,0,0,0
1604113106610,10,1010123456014,71,,1,0,4,1,1,,21.2083,264,184096,0.410784,103,0,11.5,,0,0,0,0,0,0,0,0,0,,296,210,,0,0,0,0
1604113106860,10,1010123456014,71,,1,0,4,1,1,,26.0882,136,184568,0.277312,58,0,11.5,,0,0,0,0,0,0,0,0,0,,298,114,,0,0,0,0
1604113107110,10,1010123456014,71,,1,0,4,1,1,,27.3708,240,184484,0.522272,97,0,13.8333,,8.3913,46,0,0.1,20,20,0,16.8553,31,,297,234,,0,0,0,2.36957
1604113107360,10,1010123456014,71,,1,0,8,1,1,,22.127,189,179963,0.355392,70,0,10,,0,0,0,0,0,0,0,0,0,,356,240,,0,0,0,0
1604113107610,10,1010123456014,71,,1,0,8,1,1,,25.0246,569,160919,1.57133,224,0,13.6667,,0,0,0,0,0,0,0,0,0,,731,690,,0,0,0,0
1604113107860,10,1010123456014,71,,1,0,8,1,1,,24.4425,522,143418,1.57299,212,0,13.1429,,0,0,512,0,0,0,0,0,0,,721,702,,0,0,0,0
1604113108110,10,1010123456014,71,,1,0,8,1,1,,26.0508,551,116845,1.83424,224,0,13.8333,,7.23529,17,0,0.1,6,0,0,14.6954,31,,724,770,,0,0,0,1.58824
1604113108360,11,1010123456014,71,,1,0,8,1,1,,26.3147,537,89160,1.87517,217,0,14,,0,0,0,0,0,0,0,0,0,,724,762,,0,0,0,0
1604113108610,11,1010123456014,71,,1,0,8,1,1,,21.8445,566,69253,1.64058,226,0,11.6,,0,0,0,0,0,0,0,0,0,,727,816,,0,0,0,0
1604113108860,11,1010123456014,71,,1,0,8,1,1,,24.6918,558,47450,1.71555,225,0,13.2857,,0,0,0,0,0,0,0,0,0,,727,748,,0,0,0,0
1604113109110,11,1010123456014,71,,1,0,8,1,1,,23.8985,542,32782,1.4856,221,0,13,,13.7143,7,0,0.1,3,0,0,20.6044,31,,728,676,,0,0,0,1.42857
1604113109360,10,1010123456014,71,,1,0,8,1,1,,24.6776,518,15173,1.48909,208,0,13.3333,,0,0,0,0,0,0,0,0,0,,724,668,,0,0,0,0
1604113109610,10,1010123456014,71,,1,0,8,1,1,,21.6233,523,3385,1.37997,206,0,11.6667,,0,0,0,0,0,0,0,0,0,,713,706,,0,0,0,0
1604113109860,10,1010123456014,71,,1,0,8,1,1,,24.067,373,0,1.10403,152,0,13.5714,,0,0,0,0,0,0,0,0,0,,471,502,,0,0,0,0
1604113110110,10,1010123456014,71,,1,0,8,1,1,,22.4185,368,0,0.990112,149,0,13,,11.5556,9,0,0.1,4,0,0,16.9844,31,,498,496,,0,0,0,1
1604113110360,10,1010123456014,71,,1,0,8,1,1,,22.7464,347,0,0.976384,138,0,13.3333,,0,0,0,0,0,0,0,0,0,,448,486,,0,0,0,0
1604113110610,10,1010123456014,71,,1,0,8,1,1,,23.5987,314,29,0.985536,127,0,13.5,,0,0,0,0,0,0,0,0,0,,410,462,,0,0,0,0
1604113110860,10,1010123456014,71,,1,0,8,1,1,,22.7794,408,574,0.98256,164,0,13.1429,,0,0,0,0,0,0,0,0,0,,586,478,,0,0,0,0
1604113111110,10,1010123456014,71,,1,0,8,1,1,,23.6017,364,309,0.993024,148,0,13.6667,,6.32258,31,0,0.1,12,16.6667,0,12.0013,31,,487,468,,0,0,0,2.80645
1604113111360,10,1010123456014,71,,1,0,8,1,1,,23.3963,323,966,0.974336,131,0,13,,0,0,0,0,0,0,0,0,0,,478,460,,0,0,0,0
1604113111610,10,1010123456014,71,,1,0,8,1,1,,22.6551,374,1262,0.981952,150,0,13,,0,0,0,0,0,0,0,0,0,,480,488,,0,0,0,0
1604113111860,11,1010123456014,71,,1,0,8,1,1,,22.6615,390,1245,1.008,163,0,13.1429,,0,0,0,0,0,0,0,0,0,,566,486,,0,0,0,0
1604113112110,11,1010123456014,71,,1,0,8,1,1,,23.3602,372,1433,0.974368,147,0,13.2,,11.5556,9,0,0.1,4,0,0,21.1603,31,,471,474,,0,0,0,1
1604113112360,11,1010123456014,71,,1,0,8,1,1,,23.051,353,0,0.991488,144,0,13.3333,,0,0,0,0,0,0,0,0,0,,470,482,,0,0,0,0
1604113112610,10,1010123456014,71,,1,0,8,1,1,,23,418,353,0.970506,166,0,13.1667,,0,0,0,0,0,0,0,0,0,,567,470,,0,0,0,0
1604113112860,10,1010123456014,71,,1,0,8,1,1,,23.0383,313,0,0.982464,129,0,13.4286,,0,0,0,0,0,0,0,0,0,,411,478,,0,0,0,0
1604113113110,10,1010123456014,71,,1,0,8,1,1,,25.5994,317,33,0.974176,123,0,14,,6.32143,28,0,0.1,12,8.33333,0,8.69239,31,,485,418,,0,0,0,2.5
1604113113360,10,1010123456014,71,,1,0,8,1,1,,24.0575,365,665,0.981376,148,0,14,,0,0,0,0,0,0,0,0,0,,508,448,,0,0,0,0
1604113113610,10,1010123456014,71,,1,0,8,1,1,,23.9438,356,153,0.99456,146,0,13.5,,0,0,0,0,0,0,0,0,0,,470,472,,0,0,0,0
1604113113860,10,1010123456014,71,,1,0,8,1,1,,23.9169,313,497,0.98576,128,0,13.4286,,0,0,0,0,0,0,0,0,0,,429,456,,0,0,0,0
1604113114110,10,1010123456014,71,,1,0,8,1,1,,24.3291,316,469,0.984416,127,0,14,,13.1429,21,0,0.1,10,80,0,7.5722,31,,455,452,,0,0,0,7.85714
1604113114360,10,1010123456014,71,,1,0,8,1,1,,24.8423,336,969,0.986336,137,0,14.1667,,0,0,0,0,0,0,0,0,0,,470,426,,0,0,0,0
1604113114610,10,1010123456014,71,,1,0,8,1,1,,18.4626,348,8642,0.718912,133,0,11.6,,0,0,0,0,0,0,0,0,0,,544,504,,0,0,0,0
1604113114860,10,1010123456014,71,,1,0,8,1,1,,24.8197,466,1277,1.24861,193,0,13.5,,0,0,0,0,0,0,0,0,0,,665,534,,0,0,0,0
1604113115110,10,1010123456014,71,,1,0,8,1,1,,23.7951,327,0,0.986048,134,0,13.6667,,13.5385,52,0,0.124992,21,47.619,0,11.4102,31,,454,458,,0,0,0,5.75
1604113115360,10,1010123456014,71,,1,0,8,1,1,,24.517,383,0,0.97888,153,0,14,,0,0,0,0,0,0,0,0,0,,538,446,,0,0,0,0
1604113115610,10,1010123456014,71,,1,0,8,1,1,,24.6325,400,0,0.972384,158,0,14,,0,0,0,0,0,0,0,0,0,,524,446,,0,0,0,0
1604113115860,10,1010123456014,71,,1,0,8,1,1,,24.5978,363,0,0.982112,147,0,13.8,,0,0,0,0,0,0,0,0,0,,476,442,,0,0,0,0
1604113116110,10,1010123456014,71,,1,0,8,1,1,,23.8204,362,662,0.976736,145,0,13.4,,14.6585,41,0,0.146144,17,29.4118,0,15.1343,31,,499,444,,0,0,0,3.68293
1604113116360,10,1010123456014,71,,1,0,8,1,1,,23.7121,396,628,0.994656,163,0,14,,0,0,0,0,0,0,0,0,0,,512,470,,0,0,0,0
1604113116610,10,1010123456014,71,,1,0,8,1,1,,23.3727,483,310,0.986249,193,0,13.6667,,0,0,0,0,0,0,0,0,0,,631,478,,0,0,0,0
1604113116860,10,1010123456014,71,,1,0,8,1,1,,24.1737,380,934,1.00244,156,0,14.5,,0,0,0,0,0,0,0,0,0,,487,432,,0,0,0,0
1604113117110,10,1010123456014,71,,1,0,8,1,1,,17.0085,353,11031,0.67024,142,0,10.2,,12.8,10,0,0.1,4,25,0,13.0374,31,,565,538,,0,0,0,3.7
1604113117360,10,1010123456014,71,,1,0,8,1,1,,23.5766,555,621,1.31328,228,0,13.5,,0,0,0,0,0,0,0,0,0,,697,630,,0,0,0,0
1604113117610,10,1010123456014,71,,1,0,8,1,1,,24.3492,358,1503,0.943392,139,0,14.1667,,0,0,0,0,0,0,0,0,0,,459,426,,0,0,0,0
1604113117860,10,1010123456014,71,,1,0,8,1,1,,23.7872,343,1388,1.0305,146,0,13.75,,0,0,0,0,0,0,0,0,0,,426,456,,0,0,0,0
1604113118110,10,1010123456014,71,,1,0,8,1,1,,23.8673,452,0,0.969696,177,0,14,,15.2222,9,0,0.1,4,25,0,18.6272,31,,561,456,,0,0,0,3.22222
1604113118360,10,1010123456014,71,,1,0,8,1,1,,23.3305,463,0,0.986752,187,0,13.3333,,0,0,0,0,0,0,0,0,0,,585,486,,0,0,0,0
1604113118610,10,1010123456014,71,,1,0,8,1,1,,22.457,488,0,0.997344,202,0,13,,0,0,0,0,0,0,0,0,0,,628,502,,0,0,0,0
1604113118860,10,1010123456014,71,,1,0,8,1,1,,23.6869,412,486,0.979744,167,0,13.5714,,0,0,0,0,0,0,0,0,0,,558,454,,0,0,0,0
1604113119110,10,1010123456014,71,,1,0,8,1,1,,23.0767,417,343,0.979552,166,0,13.1667,,0,6,0,0.1,3,0,0,0,31,,512,482,,0,0,0,0
1604113119360,10,1010123456014,71,,1,0,8,1,1,,22.8635,469,0,0.995936,190,0,13,,0,0,0,0,0,0,0,0,0,,594,494,,0,0,0,0
1604113119610,10,1010123456014,71,,1,0,8,1,1,,22.3099,497,926,0.98256,197,0,12.6667,,0,0,0,0,0,0,0,0,0,,638,494,,0,0,0,0
1604113119860,10,1010123456014,71,,1,0,8,1,1,,22.5813,523,585,1.00339,215,0,12.8571,,0,0,0,0,0,0,0,0,0,,685,520,,0,0,0,0
1604113120110,10,1010123456014,71,,1,0,8,1,1,,23.5788,406,657,0.994624,169,0,13.3333,,12.5143,35,0,0.114368,14,21.4286,0,11.1102,31,,521,472,,0,0,0,4.74286
1604113120360,10,1010123456014,71,,1,0,8,1,1,,22.4337,422,1041,0.965472,167,0,13.1667,,0,0,0,0,0,0,0,0,0,,546,492,,0,0,0,0
1604113120610,10,1010123456014,71,,1,0,8,1,1,,22.7839,435,1324,0.98928,177,0,12.8333,,0,0,0,0,0,0,0,0,0,,570,490,,0,0,0,0
1604113120860,10,1010123456014,71,,1,0,8,1,1,,22.5119,461,1390,1.01888,190,0,12.8571,,0,0,512,0,0,0,0,0,0,,596,498,,0,0,0,0
1604113121110,10,1010123456014,71,,1,0,8,1,1,,19.8069,466,0,0.967712,188,0,11.6667,,13.2,25,0,0.1,11,27.2727,0,15.5221,31,,616,594,,0,0,0,4.2
1604113121360,10,1010123456014,71,,1,0,8,1,1,,23.0148,406,0,0.994592,164,0,13.3333,,0,0,0,0,0,0,0,0,0,,506,488,,0,0,0,0
1604113121610,10,1010123456014,71,,1,0,8,1,1,,23.4775,400,582,0.961504,158,0,13.3333,,0,0,0,0,0,0,0,0,0,,534,466,,0,0,0,0
1604113121860,10,1010123456014,71,,1,0,8,1,1,,23.3896,403,0,0.995744,163,0,13,,0,0,0,0,0,0,0,0,0,,558,480,,0,0,0,0
1604113122110,10,1010123456014,71,,1,0,8,1,1,,21.5098,457,0,0.986112,184,0,12.3333,,9.94118,17,0,0.1,8,0,0,21.5066,31,,597,532,,0,0,0,1.23529
1604113122360,10,1010123456014,71,,1,0,8,1,1,,22.7363,402,619,0.984416,161,0,13,,0,0,0,0,0,0,0,0,0,,514,476,,0,0,0,0
1604113122610,10,1010123456014,71,,1,0,8,1,1,,22.7947,492,982,0.979552,196,0,13.2,,0,0,0,0,0,0,0,0,0,,652,492,,0,0,0,0
1604113122860,10,1010123456014,71,,1,0,8,1,1,,23.5159,409,881,0.987616,165,0,13.1429,,0,0,0,0,0,0,0,0,0,,611,466,,0,0,0,0
1604113123110,10,1010123456014,71,,1,0,8,1,1,,22.4712,486,1526,0.977344,194,0,12.8333,,14.9,10,0,0.1,4,0,0,23.9956,31,,651,500,,0,0,0,1
1604113123360,10,1010123456014,71,,1,0,8,1,1,,23.1799,428,1412,0.995296,174,0,13,,0,0,0,0,0,0,0,0,0,,593,488,,0,0,0,0
1604113123610,10,1010123456014,71,,1,0,8,1,1,,23.5123,406,981,1.02863,168,0,13.1667,,0,0,0,0,0,0,0,0,0,,589,490,,0,0,0,0
1604113123860,10,1010123456014,71,,1,0,8,1,1,,23.1996,451,1221,0.985888,180,0,13,,0,0,0,0,0,0,0,0,0,,598,472,,0,0,0,0
1604113124110,10,1010123456014,71,,1,0,8,1,1,,22.071,451,0,0.982624,178,0,12.8333,,15.5,12,0,0.1,5,0,0,22.7297,31,,587,506,,0,0,0,1
1604113124360,10,1010123456014,71,,1,0,8,1,1,,22.6692,393,1560,0.940864,159,0,12.8333,,0,0,0,0,0,0,0,0,0,,583,470,,0,0,0,0
1604113124610,10,1010123456014,71,,1,0,8,1,1,,23.2658,474,198,1.01789,191,0,13.5,,0,0,0,0,0,0,0,0,0,,628,506,,0,0,0,0
1604113124860,10,1010123456014,71,,1,0,8,1,1,,22.8526,407,710,0.98096,166,0,13,,0,0,0,0,0,0,0,0,0,,569,478,,0,0,0,0
1604113125110,10,1010123456014,71,,1,0,8,1,1,,23.4074,405,607,0.991871,163,0,13.3333,,13.8333,6,0,0.1,3,0,0,21.8757,31,,572,482,,0,0,0,1
1604113125360,10,1010123456014,71,,1,0,8,1,1,,22.4493,434,2327,0.940192,174,0,12.8333,,0,0,0,0,0,0,0,0,0,,617,472,,0,0,0,0
1604113125610,10,1010123456014,71,,1,0,8,1,1,,22.54,513,1017,1.01754,206,0,12.6667,,0,0,0,0,0,0,0,0,0,,710,532,,0,0,0,0
1604113125860,10,1010123456014,71,,1,0,8,1,1,,22.7447,380,710,1.01491,154,0,13,,0,0,0,0,0,0,0,0,0,,503,492,,0,0,0,0
1604113126110,10,1010123456014,71,,1,0,8,1,1,,23.7405,370,993,0.989472,152,0,13.2,,13.3333,6,0,0.1,3,0,0,23.6806,31,,502,464,,0,0,0,1
1604113126360,10,1010123456014,71,,1,0,8,1,1,,22.94,483,1177,0.976288,190,0,13,,0,0,0,0,0,0,0,0,0,,666,484,,0,0,0,0
1604113126610,10,1010123456014,71,,1,0,8,1,1,,22.1697,436,1189,0.997472,175,0,12.6667,,0,0,0,0,0,0,0,0,0,,591,518,,0,0,0,0
1604113126860,10,1010123456014,71,,1,0,8,1,1,,22.1044,431,0,0.973184,175,0,12.5714,,0,0,0,0,0,0,0,0,0,,626,510,,0,0,0,0
1604113127110,10,1010123456014,71,,1,0,8,1,1,,22.7521,363,257,0.97408,142,0,13,,7.82759,29,0,0.1,12,33.3333,0,12.8505,31,,476,476,,0,0,0,3.86207
1604113127360,10,1010123456014,71,,1,0,8,1,1,,22.9808,416,0,0.995008,172,0,13.1667,,0,0,0,0,0,0,0,0,0,,544,486,,0,0,0,0
1604113127610,10,1010123456014,71,,1,0,8,1,1,,22.2678,407,0,0.989856,164,0,13,,0,2,0,0.1,1,0,0,0,31,,550,502,,0,0,0,0
1604113127860,10,1010123456014,71,,1,0,8,1,1,,21.9,410,1642,0.928384,163,0,12.4286,,0,0,0,0,0,0,0,0,0,,567,488,,0,0,0,0
1604113128110,10,1010123456014,71,,1,0,8,1,1,,22.3717,382,0,1.03782,155,0,13,,0,14,0,0.1,7,57.1429,0,0,31,,495,518,,0,0,0,0
1604113128360,10,1010123456014,71,,1,0,8,1,1,,23.1907,367,538,0.972704,147,0,13.2,,0,0,0,0,0,0,0,0,0,,524,474,,0,0,0,0
1604113128610,10,1010123456014,71,,1,0,8,1,1,,22.5658,479,388,1.00768,192,0,13,,0,0,0,0,0,0,0,0,0,,611,492,,0,0,0,0
1604113128860,10,1010123456014,71,,1,0,8,1,1,,22.1346,468,1134,0.977632,188,0,12.7143,,0,0,0,0,0,0,0,0,0,,642,502,,0,0,0,0
1604113129110,10,1010123456014,71,,1,0,8,1,1,,22.9027,411,873,0.998176,166,0,12.8333,,8.2069,29,0,0.1,12,16.6667,0,17.0311,31,,535,492,,0,0,0,2.62069
1604113129360,10,1010123456014,71,,1,0,8,1,1,,23.0487,390,1262,0.984256,155,0,13,,0,0,0,0,0,0,0,0,0,,542,476,,0,0,0,0
1604113129610,10,1010123456014,71,,1,0,8,1,1,,22.7407,455,1169,0.995904,188,0,13,,0,0,0,0,0,0,0,0,0,,624,496,,0,0,0,0
1604113129860,10,1010123456014,71,,1,0,8,1,1,,22.9163,406,0,0.972736,159,0,13,,0,0,0,0,0,0,0,0,0,,541,474,,0,0,0,0
1604113130110,10,1010123456014,71,,1,0,8,1,1,,22.7684,449,0,0.992736,182,0,12.8333,,6.5,24,0,0.1,9,0,0,15.0222,31,,627,500,,0,0,0,1.375
1604113130360,10,1010123456014,71,,1,0,8,1,1,,21.9093,463,46,0.97984,184,0,12.5,,0,0,0,0,0,0,0,0,0,,614,528,,0,0,0,0
1604113130610,10,1010123456014,71,,1,0,8,1,1,,22.3333,408,4234,0.89539,169,0,11.3333,,0,0,0,0,0,0,0,0,0,,657,490,,0,0,0,0
1604113130860,10,1010123456014,71,,1,0,8,1,1,,23.1958,424,708,1.07971,171,0,13,,0,0,0,0,0,0,0,0,0,,601,536,,0,0,0,0
1604113131110,10,1010123456014,71,,1,0,8,1,1,,21.3303,542,930,0.96464,214,0,12.1667,,12.72,25,0,0.1,9,11.1111,0,14.2078,31,,709,542,,0,0,0,4.12
1604113131360,10,1010123456014,71,,1,0,8,1,1,,21.6667,465,604,1.01754,187,0,12,,0,0,0,0,0,0,0,0,0,,634,550,,0,0,0,0
1604113131610,10,1010123456014,71,,1,0,8,1,1,,21.4508,508,585,0.98432,203,0,12.3333,,0,0,0,0,0,0,0,0,0,,681,554,,0,0,0,0
1604113131860,10,1010123456014,71,,1,0,8,1,1,,22.752,500,683,0.988608,201,0,12.8571,,0,0,0,0,0,0,0,0,0,,652,500,,0,0,0,0
1604113132110,10,1010123456014,71,,1,0,8,1,1,,22.6148,488,1033,0.980864,194,0,12.5,,9.75,8,0,0.1,3,0,0,22.4662,31,,637,502,,0,0,0,1
1604113132360,10,1010123456014,71,,1,0,8,1,1,,19.6142,464,3091,0.936928,186,0,11.3333,,0,0,0,0,0,0,0,0,0,,644,600,,0,0,0,0
1604113132610,10,1010123456014,71,,1,0,8,1,1,,19.8709,542,5314,0.92192,218,0,11.1667,,0,0,0,0,0,0,0,0,0,,730,582,,0,0,0,0
1604113132860,10,1010123456014,71,,1,0,8,1,1,,22.1147,523,2559,1.02672,213,0,12.4286,,0,0,0,0,0,0,0,0,0,,729,546,,0,0,0,0
1604113133110,10,1010123456014,71,,1,0,8,1,1,,21.4442,547,1437,1.04637,219,0,12,,14.4,10,0,0.1,4,0,0,19.1193,31,,712,572,,0,0,0,2.5
1604113133360,11,1010123456014,71,,1,0,8,1,1,,22.9719,463,0,1.01971,186,0,12.8333,,0,0,0,0,0,0,0,0,0,,670,514,,0,0,0,0
1604113133610,11,1010123456014,71,,1,0,8,1,1,,20.5749,454,1408,0.946016,181,0,11.8333,,0,0,0,0,0,0,0,0,0,,639,562,,0,0,0,0
1604113133860,10,1010123456014,71,,1,0,8,1,1,,20.2425,466,7029,0.840832,194,0,11.4286,,0,0,0,0,0,0,0,0,0,,618,504,,0,0,0,0
1604113134110,10,1010123456014,71,,1,0,8,1,1,,20.9609,537,5001,1.02237,211,0,11.8333,,14,11,0,0.1,4,25,0,17.1988,31,,732,622,,0,0,0,3.72727
1604113134360,10,1010123456014,71,,1,0,8,1,1,,20.5,564,348,1.14886,230,0,11.5,,0,0,0,0,0,0,0,0,0,,718,686,,0,0,0,0
1604113134610,10,1010123456014,71,,1,0,8,1,1,,20.6565,460,277,0.990272,187,0,11.8333,,0,0,0,0,0,0,0,0,0,,611,590,,0,0,0,0
1604113134860,10,1010123456014,71,,1,0,8,1,1,,19.8926,512,984,0.982688,204,0,11.2857,,0,0,0,0,0,0,0,0,0,,666,606,,0,0,0,0
1604113135110,10,1010123456014,71,,1,0,8,1,1,,19.3813,535,1373,0.974208,214,0,11,,14.1429,7,0,0.1,3,0,0,17.4438,31,,689,638,,0,0,0,4.85714
1604113135360,10,1010123456014,71,,1,0,8,1,1,,19.7135,534,1303,0.993888,215,0,11,,0,0,0,0,0,0,0,0,0,,722,628,,0,0,0,0
1604113135610,10,1010123456014,71,,1,0,8,1,1,,19.4779,452,1665,0.99232,186,0,11.1667,,0,0,0,0,0,0,0,0,0,,595,626,,0,0,0,0
1604113135860,10,1010123456014,71,,1,0,8,1,1,,20.4825,456,128,0.984224,183,0,11.5714,,0,0,0,0,0,0,0,0,0,,597,592,,0,0,0,0
1604113136110,10,1010123456014,71,,1,0,8,1,1,,20.4203,533,0,0.984896,215,0,11.5,,9.375,8,0,0.1,3,0,0,18.5431,31,,681,600,,0,0,0,2.125
1604113136360,10,1010123456014,71,,1,0,8,1,1,,20.0293,478,94,0.9944,192,0,11.3333,,0,0,0,0,0,0,0,0,0,,601,610,,0,0,0,0
1604113136610,10,1010123456014,71,,1,0,8,1,1,,20.8677,461,121,0.99488,185,0,11.8333,,0,0,0,0,0,0,0,0,0,,594,588,,0,0,0,0
1604113136860,10,1010123456014,71,,1,0,8,1,1,,19.9382,502,529,0.984064,204,0,11.2857,,0,0,0,0,0,0,0,0,0,,665,620,,0,0,0,0
1604113137110,10,1010123456014,71,,1,0,8,1,1,,19.5678,472,304,0.990464,188,0,11.3333,,11.5556,9,0,0.1,4,0,0,22.904,31,,595,640,,0,0,0,1
1604113137411,8,1010123456014,71,,1,0,8,1,1,,19.8132,380,0,0.668598,161,0,11.5714,,0,0,0,0,0,0,0,0,0,,496,480,,0,0,0,0
1604113137610,7,1010123456014,71,,1,0,8,1,1,,21.8589,333,11325,1.03755,129,0,11.8,,0,0,0,0,0,0,0,0,0,,451,460,,0,0,0,0
1604113137860,7,1010123456014,71,,1,0,8,1,1,,21.8427,515,749,1.33517,210,0,12,,0,0,0,0,0,0,0,0,0,,654,728,,0,0,0,0
1604113138110,7,1010123456014,71,,1,0,8,1,1,,21.1612,459,733,0.985312,182,0,12.1667,,5.21053,19,0,0.1,8,0,0,10.7351,31,,600,572,,0,0,0,1.31579
1604113138360,7,1010123456014,71,,1,0,8,1,1,,19.7332,461,1221,0.975904,182,0,11.3333,,0,0,0,0,0,0,0,0,0,,576,602,,0,0,0,0
1604113138610,7,1010123456014,71,,1,0,8,1,1,,19.2565,460,1219,0.99792,186,0,11,,0,0,0,0,0,0,0,0,0,,574,654,,0,0,0,0
1604113138860,7,1010123456014,71,,1,0,8,1,1,,20.9448,471,0,0.983296,191,0,12,,0,0,0,0,0,0,0,0,0,,606,574,,0,0,0,0
1604113139110,7,1010123456014,71,,1,0,8,1,1,,22.1933,419,0,0.978368,165,0,12.4,,11.7143,14,0,0.1,6,66.6667,0,11.8563,31,,546,520,,0,0,0,6.14286
1604113139360,7,1010123456014,71,,1,0,8,1,1,,19.9044,481,670,0.986016,195,0,11.3333,,0,0,0,0,0,0,0,0,0,,641,618,,0,0,0,0
1604113139610,7,1010123456014,71,,1,0,8,1,1,,19.8274,452,328,0.991776,182,0,11.5,,0,0,0,0,0,0,0,0,0,,566,618,,0,0,0,0
1604113139860,7,1010123456014,71,,1,0,8,1,1,,20.9742,427,311,0.989504,169,0,12.2857,,0,0,0,0,0,0,0,0,0,,491,546,,0,0,0,0
1604113140110,7,1010123456014,71,,1,0,8,1,1,,22.1446,401,684,0.989056,161,0,12.8333,,10.2857,7,0,0.1,3,0,0,12.6888,31,,480,498,,0,0,0,3.14286
1604113140360,7,1010123456014,71,,1,0,8,1,1,,22.4709,395,613,0.989984,161,0,13,,0,0,0,0,0,0,0,0,0,,530,504,,0,0,0,0
1604113140610,7,1010123456014,71,,1,0,8,1,1,,21.477,413,648,0.985184,162,0,12.3333,,0,0,0,0,0,0,0,0,0,,523,542,,0,0,0,0
1604113140860,7,1010123456014,71,,1,0,8,1,1,,23.1005,368,417,0.991328,151,0,12.8571,,0,0,0,0,0,0,0,0,0,,481,488,,0,0,0,0
1604113141110,7,1010123456014,71,,1,0,8,1,1,,23.1584,341,873,0.988704,139,0,13,,3.86364,22,0,0.1,9,0,0,10.2313,31,,463,476,,0,0,0,1
1604113141360,7,1010123456014,71,,1,0,8,1,1,,20.6649,367,1119,0.972384,147,0,9.66667,,0,0,0,0,0,0,0,0,0,,638,630,,0,0,0,0
1604113141610,7,1010123456014,71,,1,0,8,1,1,,21.3487,390,824,0.923168,156,0,12,,0,0,0,0,0,0,0,0,0,,527,514,,0,0,0,0
1604113141860,7,1010123456014,71,,1,0,8,1,1,,23.4888,356,0,1.04413,147,0,13,,0,0,0,0,0,0,0,0,0,,496,482,,0,0,0,0
1604113142110,7,1010123456014,71,,1,0,8,1,1,,22.436,328,0,0.974976,134,0,12.8333,,6.30769,13,0,0.1,5,0,0,10.791,31,,420,498,,0,0,0,1
1604113142360,7,1010123456014,71,,1,0,8,1,1,,22.6507,355,0,0.986464,143,0,13,,0,0,0,0,0,0,0,0,0,,442,494,,0,0,0,0
1604113142610,7,1010123456014,71,,1,0,8,1,1,,23.7514,370,0,0.97568,148,0,13.1667,,0,0,0,0,0,0,0,0,0,,495,468,,0,0,0,0
1604113142860,7,1010123456014,71,,1,0,8,1,1,,18.2429,420,471,0.982368,169,0,10.5714,,0,0,0,0,0,0,0,0,0,,566,652,,0,0,0,0
1604113143110,7,1010123456014,71,,1,0,8,1,1,,22.5721,416,0,0.997056,169,0,12.8333,,6.88,50,0,0.1,19,21.0526,0,10.3078,31,,557,524,,0,0,0,3.44
1604113143360,7,1010123456014,71,,1,0,8,1,1,,23.6748,369,878,0.988672,149,0,13.3333,,0,0,0,0,0,0,0,0,0,,504,456,,0,0,0,0
1604113143610,7,1010123456014,71,,1,0,8,1,1,,22.2134,478,1305,0.985728,193,0,12.8333,,0,0,0,0,0,0,0,0,0,,628,518,,0,0,0,0
1604113143860,7,1010123456014,71,,1,0,8,1,1,,22.3528,394,971,0.978656,158,0,12.3333,,0,0,0,0,0,0,0,0,0,,531,516,,0,0,0,0
1604113144110,7,1010123456014,71,,1,0,8,1,1,,21.4122,410,1205,0.983904,165,0,12.1667,,6.95238,42,0,0.1,18,11.1111,0,16.113,31,,534,542,,0,0,0,1.90476
1604113144360,7,1010123456014,71,,1,0,8,1,1,,20.8453,459,1390,1.00595,185,0,12.1667,,0,0,0,0,0,0,0,0,0,,590,564,,0,0,0,0
1604113144610,7,1010123456014,71,,1,0,8,1,1,,18.2739,460,0,0.976192,184,0,10.6667,,0,0,0,0,0,0,0,0,0,,605,634,,0,0,0,0
1604113144860,7,1010123456014,71,,1,0,8,1,1,,22.2545,389,0,0.97328,152,0,12.75,,0,0,0,0,0,0,0,0,0,,533,506,,0,0,0,0
1604113145110,7,1010123456014,71,,1,0,8,1,1,,22.4404,386,0,0.98672,159,0,12.8333,,0,8,0,0,4,100,0,0,0,,511,500,,0,0,0,0
1604113145360,7,1010123456014,71,,1,0,8,1,1,,20.4368,419,250,0.98496,168,0,11.5,,0,0,0,0,0,0,0,0,0,,532,584,,0,0,0,0
1604113145610,7,1010123456014,71,,1,0,8,1,1,,20.5282,443,0,0.992768,179,0,11.8333,,0,0,0,0,0,0,0,0,0,,571,584,,0,0,0,0
1604113145860,7,1010123456014,71,,1,0,8,1,1,,20.6112,409,322,0.989792,169,0,11.7143,,0,0,0,0,0,0,0,0,0,,545,570,,0,0,0,0
1604113146110,7,1010123456014,71,,1,0,8,1,1,,21.0259,463,490,0.984864,187,0,12.2,,6.14815,27,0,0.1,12,16.6667,0,13.0318,31,,571,564,,0,0,0,2.33333
1604113146360,7,1010123456014,71,,1,0,8,1,1,,20.9058,467,878,0.986528,186,0,12.3333,,0,0,0,0,0,0,0,0,0,,563,544,,0,0,0,0
1604113146610,7,1010123456014,71,,1,0,8,1,1,,19.9522,544,1423,0.980352,219,0,11.1667,,0,0,0,0,0,0,0,0,0,,674,614,,0,0,0,0
1604113146860,7,1010123456014,71,,1,0,8,1,1,,20.676,466,841,0.996896,190,0,12.1429,,0,0,0,0,0,0,0,0,0,,563,584,,0,0,0,0
1604113147110,7,1010123456014,71,,1,0,8,1,1,,20.4131,472,1369,0.952928,183,0,11.8333,,12.75,8,0,0.1,3,0,0,16.1827,31,,587,578,,0,0,0,1
1604113147360,7,1010123456014,71,,1,0,8,1,1,,22.1883,409,1189,1.03466,171,0,12.6667,,0,0,0,0,0,0,0,0,0,,497,504,,0,0,0,0
1604113147610,7,1010123456014,71,,1,0,8,1,1,,20.5547,393,0,0.989344,159,0,12,,0,0,0,0,0,0,0,0,0,,467,572,,0,0,0,0
1604113147860,7,1010123456014,71,,1,0,8,1,1,,19.1813,524,0,0.975392,209,0,10.8571,,0,0,0,0,0,0,0,0,0,,691,670,,0,0,0,0
1604113148110,7,1010123456014,71,,1,0,8,1,1,,21.2698,430,0,0.987872,175,0,12.1667,,14.0526,19,0,0.1,7,57.1429,0,13.8138,31,,547,564,,0,0,0,6.68421
1604113148360,7,1010123456014,71,,1,0,8,1,1,,20.2707,447,164,0.981568,177,0,11.6667,,0,0,0,0,0,0,0,0,0,,558,590,,0,0,0,0
1604113148610,7,1010123456014,71,,1,0,8,1,1,,18.3307,511,0,0.99072,205,0,10.6,,0,0,0,0,0,0,0,0,0,,607,692,,0,0,0,0
1604113148860,7,1010123456014,71,,1,0,8,1,1,,19.2484,475,1437,0.97616,191,0,10.8571,,0,0,0,0,0,0,0,0,0,,628,626,,0,0,0,0
1604113149110,7,1010123456014,71,,1,0,8,1,1,,18.6559,526,661,1.01094,213,0,10.6667,,6.68421,19,0,0.1,7,0,0,11.8988,31,,656,682,,0,0,0,1.31579
1604113149360,7,1010123456014,71,,1,0,8,1,1,,19.3145,512,540,0.992736,206,0,11.3333,,0,0,0,0,0,0,0,0,0,,631,632,,0,0,0,0
1604113149610,7,1010123456014,71,,1,0,8,1,1,,20.5112,448,489,0.982688,178,0,12,,0,0,0,0,0,0,0,0,0,,533,586,,0,0,0,0
1604113149860,7,1010123456014,71,,1,0,8,1,1,,19.0457,460,880,0.999072,186,0,11.1667,,0,0,0,0,0,0,0,0,0,,550,612,,0,0,0,0
1604113150110,7,1010123456014,71,,1,0,8,1,1,,18.6448,504,1089,0.984448,201,0,10.8,,4.92857,28,0,0.1,12,16.6667,0,10.0584,31,,628,652,,0,0,0,3.5
1604113150360,7,1010123456014,71,,1,0,8,1,1,,17.5591,499,1277,0.9968,202,0,10.5,,0,0,0,0,0,0,0,0,0,,600,668,,0,0,0,0
1604113150610,7,1010123456014,71,,1,0,8,1,1,,19.302,447,0,0.971808,177,0,11,,0,0,0,0,0,0,0,0,0,,559,624,,0,0,0,0
1604113150860,7,1010123456014,71,,1,0,8,1,1,,20.2333,433,0,0.995136,174,0,11.3333,,0,0,0,0,0,0,0,0,0,,525,598,,0,0,0,0
1604113151110,7,1010123456014,71,,1,0,8,1,1,,18.7739,482,0,0.98192,193,0,11.3333,,9.71429,7,0,0.1,3,0,0,19.3422,31,,576,658,,0,0,0,1
1604113151360,7,1010123456014,71,,1,0,8,1,1,,19.955,422,394,0.973408,169,0,11.4,,0,0,0,0,0,0,0,0,0,,546,598,,0,0,0,0
1604113151610,7,1010123456014,71,,1,0,8,1,1,,16.1642,469,6647,0.803808,186,0,9.2,,0,0,0,0,0,0,0,0,0,,589,648,,0,0,0,0
1604113151860,7,1010123456014,71,,1,0,8,1,1,,20.1164,481,3719,1.06957,195,0,11.4286,,0,0,0,0,0,0,0,0,0,,633,652,,0,0,0,0
1604113152110,7,1010123456014,71,,1,0,8,1,1,,20.9575,447,753,1.09898,181,0,11.6,,11.7143,14,0,0.1,6,33.3333,0,10.6167,31,,539,624,,0,0,0,4.35714
1604113152360,7,1010123456014,71,,1,0,8,1,1,,19.3008,482,696,0.996544,196,0,10.8,,0,0,0,0,0,0,0,0,0,,582,648,,0,0,0,0
1604113152610,7,1010123456014,71,,1,0,8,1,1,,20.0626,447,824,0.99088,183,0,11.25,,0,0,0,0,0,0,0,0,0,,563,606,,0,0,0,0
1604113152860,7,1010123456014,71,,1,0,8,1,1,,19.2971,478,945,0.973472,189,0,11.1667,,0,0,0,0,0,0,0,0,0,,572,632,,0,0,0,0
1604113153110,7,1010123456014,71,,1,0,8,1,1,,20.8581,430,1137,0.996896,173,0,12.4,,15.0244,41,0,0.145824,17,41.1765,0,12.2809,31,,507,550,,0,0,0,4.73171
1604113153360,7,1010123456014,71,,1,0,8,1,1,,18.5853,463,1433,0.973152,188,0,10.3333,,0,0,0,0,0,0,0,0,0,,589,674,,0,0,0,0
1604113153610,7,1010123456014,71,,1,0,8,1,1,,18.5954,519,0,0.996896,210,0,10.6667,,0,0,0,0,0,0,0,0,0,,656,674,,0,0,0,0
1604113153860,7,1010123456014,71,,1,0,8,1,1,,11.2313,480,14584,0.52096,191,0,9,,0,0,0,0,0,0,0,0,0,,689,722,,0,0,0,0
1604113154110,7,1010123456014,71,,1,0,8,1,1,,19.8273,550,8805,1.16317,219,0,11,,5.32432,37,0,0.1,14,0,0,13.8584,31,,722,750,,0,0,0,1.16216
1604113154360,7,1010123456014,71,,1,0,8,1,1,,22.3828,478,0,1.27693,191,0,12,,0,0,0,0,0,0,0,0,0,,573,656,,0,0,0,0
1604113154610,7,1010123456014,71,,1,0,8,1,1,,19.6694,487,350,0.989664,195,0,11,,0,0,0,0,0,0,0,0,0,,598,628,,0,0,0,0
1604113154860,7,1010123456014,71,,1,0,8,1,1,,19.0957,460,110,0.992544,183,0,11,,0,0,0,0,0,0,0,0,0,,576,658,,0,0,0,0
1604113155110,7,1010123456014,71,,1,0,8,1,1,,18.9243,502,544,0.993472,204,0,11,,9.42857,14,0,0.1,5,0,0,11.9211,31,,623,660,,0,0,0,1.85714
1604113155360,7,1010123456014,71,,1,0,8,1,1,,19.5991,449,1106,0.972928,179,0,11,,0,0,0,0,0,0,0,0,0,,537,618,,0,0,0,0
1604113155610,7,1010123456014,71,,1,0,8,1,1,,19.3938,518,3020,0.937376,208,0,11,,0,0,0,0,0,0,0,0,0,,685,616,,0,0,0,0
1604113155860,7,1010123456014,71,,1,0,8,1,1,,19.6127,457,1164,1.06358,191,0,11,,0,0,0,0,0,0,0,0,0,,562,674,,0,0,0,0
1604113156110,7,1010123456014,71,,1,0,8,1,1,,19.4824,510,1332,0.982016,205,0,11,,11.7143,7,0,0.1,3,0,0,16.4824,31,,644,644,,0,0,0,1.28571
1604113156360,7,1010123456014,71,,1,0,8,1,1,,17.984,500,0,0.97856,200,0,10.2,,0,0,0,0,0,0,0,0,0,,609,702,,0,0,0,0
1604113156610,7,1010123456014,71,,1,0,8,1,1,,18.2556,536,0,0.998112,215,0,10.5,,0,0,0,0,0,0,0,0,0,,647,702,,0,0,0,0
1604113156860,7,1010123456014,71,,1,0,8,1,1,,18.9269,520,428,0.989376,211,0,10.5,,0,0,0,0,0,0,0,0,0,,626,670,,0,0,0,0
1604113157110,7,1010123456014,71,,1,0,8,1,1,,12.9497,576,9273,0.710752,231,0,7.2,,12,12,0,0,4,100,0,4.97246,0,,725,812,,0,0,0,10
1604113157360,7,1010123456014,71,,1,0,8,1,1,,19.0086,581,4981,1.13108,233,0,10.5,,4.34483,29,0,0.1,12,0,0,10.3694,31,,717,774,,0,0,0,2.03448
1604113157610,7,1010123456014,71,,1,0,8,1,1,,19.0991,585,973,1.11581,237,0,10.5,,0,0,0,0,0,0,0,0,0,,709,778,,0,0,0,0
1604113157860,7,1010123456014,71,,1,0,8,1,1,,17.8711,582,534,1.01514,234,0,10.2,,0,0,0,0,0,0,0,0,0,,686,770,,0,0,0,0
1604113158110,7,1010123456014,71,,1,0,8,1,1,,16.2357,437,7636,0.79584,179,0,8,,4.7,30,0,0.1,12,8.33333,0,8.50345,31,,631,666,,0,0,0,1.66667
1604113158360,7,1010123456014,71,,1,0,8,1,1,,16.7665,561,10296,0.883296,225,0,10.1667,,0,0,0,0,0,0,0,0,0,,718,748,,0,0,0,0
1604113158610,7,1010123456014,71,,1,0,8,1,1,,13.6499,537,16802,0.769088,211,0,7,,0,0,0,0,0,0,0,0,0,,709,796,,0,0,0,0
1604113158860,7,1010123456014,71,,1,0,8,1,1,,20.9337,573,8955,1.26477,233,0,11.6,,0,0,0,0,0,0,0,0,0,,711,690,,0,0,0,0
1604113159110,7,1010123456014,71,,1,0,8,1,1,,19.5504,556,2102,1.22259,220,0,11,,10.625,16,0,0.1,7,71.4286,0,6.44644,31,,652,756,,0,0,0,7.1875
1604113159360,7,1010123456014,71,,1,0,8,1,1,,13.0377,504,9031,0.71696,202,0,7.5,,0,0,0,0,0,0,0,0,0,,698,780,,0,0,0,0
1604113159610,7,1010123456014,71,,1,0,8,1,1,,18.8241,540,5039,1.09101,218,0,10.6667,,0,0,0,0,0,0,0,0,0,,708,744,,0,0,0,0
1604113159860,7,1010123456014,71,,1,0,8,1,1,,20.1206,514,0,1.16973,205,0,11,,0,0,0,0,0,0,0,0,0,,652,694,,0,0,0,0
1604113160110,7,1010123456014,71,,1,0,8,1,1,,16.64,450,5279,0.846944,181,0,8,,4.03125,64,0,0.1,26,38.4615,0,5.35658,31,,675,646,,0,0,0,4.60938
1604113160360,7,1010123456014,71,,1,0,8,1,1,,18.1404,584,2723,1.05811,234,0,10.6667,,0,0,0,0,0,0,0,0,0,,717,768,,0,0,0,0
1604113160610,7,1010123456014,71,,1,0,8,1,1,,19.5926,513,118,1.06778,208,0,11,,0,0,0,0,0,0,0,0,0,,666,700,,0,0,0,0
1604113160860,7,1010123456014,71,,1,0,8,1,1,,17.1387,483,4241,0.85888,194,0,10.1429,,0,0,0,0,0,0,0,0,0,,645,664,,0,0,0,0
1604113161110,7,1010123456014,71,,1,0,8,1,1,,17.7243,515,3106,1.07181,211,0,9,,5.5,16,0,0.1,6,0,0,9.128,31,,672,732,,0,0,0,1.375
1604113161360,7,1010123456014,71,,1,0,8,1,1,,19.2255,470,822,1.04454,189,0,11.4,,0,0,0,0,0,0,0,0,0,,617,690,,0,0,0,0
1604113161610,7,1010123456014,71,,1,0,8,1,1,,21.153,464,902,0.982304,183,0,12,,0,0,0,0,0,0,0,0,0,,580,552,,0,0,0,0
1604113161860,7,1010123456014,71,,1,0,8,1,1,,19.9567,439,1096,0.979552,175,0,11.4,,0,0,0,0,0,0,0,0,0,,532,606,,0,0,0,0
1604113162110,7,1010123456014,71,,1,0,8,1,1,,18.4033,424,2750,0.913056,172,0,11,,3.93333,15,0,0.1,6,0,0,10.3694,31,,536,602,,0,0,0,1.2
1604113162360,7,1010123456014,71,,1,0,8,1,1,,23.1977,344,0,1.06726,144,0,13,,0,0,0,0,0,0,0,0,0,,454,500,,0,0,0,0
1604113162610,7,1010123456014,71,,1,0,8,1,1,,20.4292,431,0,0.970784,167,0,11.25,,0,0,0,0,0,0,0,0,0,,549,564,,0,0,0,0
1604113162860,7,1010123456014,71,,1,0,8,1,1,,22.856,368,0,0.990848,149,0,13,,0,0,0,0,0,0,0,0,0,,467,488,,0,0,0,0
1604113163110,7,1010123456014,71,,1,0,8,1,1,,23.5848,330,0,0.979808,133,0,12.6667,,14.3333,18,0,0.1,7,57.1429,0,9.99414,31,,419,474,,0,0,0,6.5
1604113163360,7,1010123456014,71,,1,0,8,1,1,,17.9928,419,2943,0.936992,175,0,10.1667,,0,0,0,0,0,0,0,0,0,,539,590,,0,0,0,0
1604113163610,7,1010123456014,71,,1,0,8,1,1,,21.7249,458,112,1.04093,180,0,13,,0,0,0,0,0,0,0,0,0,,564,558,,0,0,0,0
1604113163860,7,1010123456014,71,,1,0,8,1,1,,22.9215,382,315,0.989312,156,0,12.8,,0,0,0,0,0,0,0,0,0,,506,482,,0,0,0,0
1604113164110,7,1010123456014,71,,1,0,8,1,1,,21.2357,437,700,0.978528,174,0,12,,1.07317,41,0,0.1,17,0,0,7.08437,31,,555,548,,0,0,0,1
1604113164360,7,1010123456014,71,,1,0,8,1,1,,19.9198,424,2620,0.946528,173,0,11.5,,0,0,0,0,0,0,0,0,0,,558,556,,0,0,0,0
1604113164610,7,1010123456014,71,,1,0,8,1,1,,22.4745,392,1009,1.03549,161,0,13,,0,0,0,0,0,0,0,0,0,,468,520,,0,0,0,0
1604113164860,7,1010123456014,71,,1,0,8,1,1,,19.9195,447,1137,0.993216,182,0,12,,0,0,0,0,0,0,0,0,0,,554,578,,0,0,0,0
1604113165110,7,1010123456014,71,,1,0,8,1,1,,19.8836,421,1433,0.968128,168,0,11.8333,,4.89286,28,0,0.1,11,0,0,11.2572,31,,519,566,,0,0,0,1.14286
1604113165360,7,1010123456014,71,,1,0,8,1,1,,22.0903,421,374,0.975936,169,0,12.5,,0,0,0,0,0,0,0,0,0,,547,508,,0,0,0,0
1604113165610,7,1010123456014,71,,1,0,8,1,1,,19.5176,454,0,0.992416,183,0,11.1667,,0,0,0,0,0,0,0,0,0,,597,618,,0,0,0,0
1604113165860,7,1010123456014,71,,1,0,8,1,1,,19.8173,416,338,0.956192,167,0,11.8333,,0,0,0,0,0,0,0,0,0,,510,558,,0,0,0,0
1604113166110,7,1010123456014,71,,1,0,8,1,1,,20.427,370,753,1.01478,151,0,10.5,,13.25,16,0,0.1,6,66.6667,0,9.27499,31,,543,576,,0,0,0,7.75
1604113166360,7,1010123456014,71,,1,0,8,1,1,,21.9861,432,329,0.990976,177,0,13.1667,,0,0,0,0,0,0,0,0,0,,541,522,,0,0,0,0
1604113166638,6,1010123456014,71,,1,0,8,1,1,,22.2265,362,0,0.847626,151,0,12.6667,,0,0,0,0,0,0,0,0,0,,433,466,,0,0,0,0
1604113166860,6,1010123456014,71,,1,0,8,1,1,,24.1928,389,97,1.16956,151,0,13.5,,0,0,0,0,0,0,0,0,0,,474,488,,0,0,0,0
1604113167110,6,1010123456014,71,,1,0,8,1,1,,18.8747,455,1319,0.921952,181,0,11,,4.89286,28,0,0.1,11,0,0,9.81302,31,,582,604,,0,0,0,1.07143
1604113167419,4,1010123456014,71,,1,0,4,1,1,,0,0,0,0.740168,115,0,10.375,,0,0,0,0,0,0,0,0,0,,318,378,,0,0,0,0
1604113167610,4,1010123456014,71,,1,0,4,1,1,,24.251,243,22622,0.549726,94,0,13.3333,,0,0,0,0,0,0,0,0,0,,288,196,,0,0,0,0
1604113167860,4,1010123456014,71,,1,0,4,1,1,,26.3219,292,35638,0.577472,118,0,10.5,,0,0,0,0,0,0,0,0,0,,375,274,,0,0,0,0
1604113168110,4,1010123456014,71,,1,0,4,1,1,,17.8945,398,50103,0.498368,156,0,10.5,,10,9,0,0.1,4,0,0,18.1626,31,,373,318,,0,0,0,1.66667
1604113168360,4,1010123456014,71,,1,0,4,1,1,,23.4321,442,54925,0.78704,179,0,12.5,,0,0,0,0,0,0,0,0,0,,372,358,,0,0,0,0
1604113168610,4,1010123456014,71,,1,0,4,1,1,,23.8259,402,62281,0.749568,161,0,12.2,,0,0,0,0,0,0,0,0,0,,378,324,,0,0,0,0
1604113168860,4,1010123456014,71,,1,0,4,1,1,,24.1696,401,71058,0.707456,162,0,12.1429,,0,0,0,0,0,0,0,0,0,,361,324,,0,0,0,0
1604113169110,4,1010123456014,71,,1,0,4,1,1,,25.4955,335,80561,0.713024,144,0,10.8333,,13.2727,11,0,0.1,4,0,0,18.881,31,,364,294,,0,0,0,1
1604113169360,4,1010123456014,71,,1,0,4,1,1,,27.1188,261,94125,0.540064,105,0,14,,0,0,0,0,0,0,0,0,0,,380,294,,0,0,0,0
1604113169610,4,1010123456014,71,,1,0,4,1,1,,27.0745,376,100628,0.763456,150,0,14,,0,0,0,0,0,0,0,0,0,,379,306,,0,0,0,0
1604113169860,4,1010123456014,71,,1,0,4,1,1,,27.776,375,105525,0.807488,142,0,14,,0,0,0,0,0,0,0,0,0,,380,290,,0,0,0,0
1604113170110,4,1010123456014,71,,1,0,4,1,1,,26.8862,378,112598,0.76832,150,0,13.6,,12.4444,9,0,0.1,4,0,0,15.7781,31,,373,298,,0,0,0,1
1604113170360,4,1010123456014,71,,1,0,4,1,1,,27.365,400,116877,0.861728,161,0,14,,0,0,0,0,0,0,0,0,0,,374,318,,0,0,0,0
1604113170610,4,1010123456014,71,,1,0,4,1,1,,21.3976,332,131607,0.524256,131,0,11,,0,0,0,0,0,0,0,0,0,,385,264,,0,0,0,0
1604113170860,4,1010123456014,71,,1,0,4,1,1,,25.2663,368,140940,0.688512,148,0,12.6,,0,0,0,0,0,0,0,0,0,,374,288,,0,0,0,0
1604113171110,4,1010123456014,71,,1,0,4,1,1,,17.6913,379,155527,0.4464,145,0,10.3333,,13.3333,9,0,0.1,4,0,0,18.3038,31,,374,302,,0,0,0,1.22222
1604113171360,4,1010123456014,71,,1,0,4,1,1,,19.2969,293,173916,0.419104,117,0,9.2,,0,0,0,0,0,0,0,0,0,,380,228,,0,0,0,0
1604113171610,4,1010123456014,71,,1,0,4,1,1,,24.6603,365,183389,0.66528,148,0,13.8,,0,0,0,0,0,0,0,0,0,,385,294,,0,0,0,0
1604113171860,4,1010123456014,71,,1,0,4,1,1,,27.2052,419,182450,0.868928,166,0,13.75,,0,0,0,0,0,0,0,0,0,,378,336,,0,0,0,0
1604113172110,4,1010123456014,71,,1,0,4,1,1,,26.9346,382,183389,0.76384,150,0,13.6,,10.2857,7,0,0.1,3,0,0,15.3563,31,,394,304,,0,0,0,1
1604113172360,4,1010123456014,71,,1,0,4,1,1,,23.9738,381,182978,0.641568,149,0,11.8,,0,0,0,0,0,0,0,0,0,,376,294,,0,0,0,0
1604113172610,4,1010123456014,71,,1,0,4,1,1,,25.8269,364,184089,0.676192,143,0,13,,0,0,0,0,0,0,0,0,0,,373,284,,0,0,0,0
1604113172860,4,1010123456014,71,,1,0,4,1,1,,22.1107,289,184323,0.4776,117,0,11.4,,0,0,0,0,0,0,0,0,0,,373,230,,0,0,0,0
1604113173110,4,1010123456014,71,,1,0,4,1,1,,21.136,331,184383,0.463104,128,0,11.5,,10.6667,9,0,0.1,4,0,0,13.283,31,,379,260,,0,0,0,1
1604113173360,4,1010123456014,71,,1,0,4,1,1,,24.7066,392,183705,0.699808,157,0,12.5,,0,0,0,0,0,0,0,0,0,,373,310,,0,0,0,0
1604113173610,4,1010123456014,71,,1,0,4,1,1,,21.6847,314,183267,0.496288,125,0,11,,0,0,0,0,0,0,0,0,0,,374,248,,0,0,0,0
1604113173860,4,1010123456014,71,,1,0,4,1,1,,20.0361,415,183779,0.596096,164,0,11.1667,,0,0,0,0,0,0,0,0,0,,373,332,,0,0,0,0
1604113174110,4,1010123456014,71,,1,0,4,1,1,,18.3131,396,183351,0.503616,156,0,9.4,,11.1111,9,0,0.1,4,0,0,17.7387,31,,378,312,,0,0,0,2.66667
1604113174360,4,1010123456014,71,,1,0,4,1,1,,18.3057,301,183110,0.371744,121,0,9,,0,0,0,0,0,0,0,0,0,,379,280,,0,0,0,0
1604113174610,4,1010123456014,71,,1,0,4,1,1,,27.0125,400,182774,0.828416,164,0,14,,0,0,0,0,0,0,0,0,0,,361,324,,0,0,0,0
1604113174860,4,1010123456014,71,,1,0,4,1,1,,23.4517,290,183355,0.515456,118,0,10.8333,,0,0,0,0,0,0,0,0,0,,383,234,,0,0,0,0
1604113175110,4,1010123456014,71,,1,0,4,1,1,,25.0668,374,182714,0.66176,150,0,14,,12.25,8,0,0.1,3,0,0,13.7143,31,,370,306,,0,0,0,1.5
1604113175360,4,1010123456014,71,,1,0,4,1,1,,23.7396,338,184606,0.632608,135,0,12.1667,,0,0,0,0,0,0,0,0,0,,386,270,,0,0,0,0
1604113175610,4,1010123456014,71,,1,0,4,1,1,,24.7567,337,183265,0.604704,135,0,14,,0,0,0,0,0,0,0,0,0,,372,262,,0,0,0,0
1604113175860,4,1010123456014,71,,1,0,4,1,1,,20.9097,277,182969,0.438816,111,0,10.1667,,0,0,0,0,0,0,0,0,0,,380,278,,0,0,0,0
1604113176110,4,1010123456014,71,,1,0,4,1,1,,26.1968,381,183608,0.737184,153,0,13.3333,,11.5217,46,0,0.120608,18,33.3333,0,10.3887,31,,372,306,,0,0,0,5.23913
1604113176360,4,1010123456014,71,,1,0,4,1,1,,27.4908,326,182693,0.71872,132,0,14,,0,0,0,0,0,0,0,0,0,,368,270,,0,0,0,0
1604113176610,4,1010123456014,71,,1,0,4,1,1,,26.9412,289,183560,0.590976,116,0,13.8,,0,0,0,0,0,0,0,0,0,,365,232,,0,0,0,0
1604113176860,4,1010123456014,71,,1,0,4,1,1,,27.3605,380,184064,0.848992,159,0,13.8333,,0,0,0,0,0,0,0,0,0,,385,312,,0,0,0,0
1604113177110,4,1010123456014,71,,1,0,4,1,1,,23.7602,342,182562,0.563808,133,0,11.8,,6.03448,29,0,0.1,12,16.6667,0,9.78909,31,,360,270,,0,0,0,2.51724
1604113177360,4,1010123456014,71,,1,0,4,1,1,,26.9141,396,183611,0.815584,159,0,13.8333,,0,0,0,0,0,0,0,0,0,,374,316,,0,0,0,0
1604113177610,4,1010123456014,71,,1,0,4,1,1,,26.4017,361,182758,0.697184,143,0,13.3333,,0,0,0,0,0,0,0,0,0,,367,284,,0,0,0,0
1604113177860,4,1010123456014,71,,1,0,4,1,1,,27.0452,398,183813,0.821184,158,0,10.5,,0,0,0,0,0,0,0,0,0,,367,320,,0,0,0,0
1604113178110,4,1010123456014,71,,1,0,4,1,1,,21.604,346,182911,0.525984,135,0,11.2,,11.5,8,0,0.1,3,0,0,15.0911,31,,388,324,,0,0,0,1
1604113178360,4,1010123456014,71,,1,0,4,1,1,,26.1607,361,183039,0.721088,150,0,13,,0,0,0,0,0,0,0,0,0,,388,294,,0,0,0,0
1604113178610,4,1010123456014,71,,1,0,4,1,1,,24.0416,385,182797,0.658528,153,0,12,,0,0,0,0,0,0,0,0,0,,370,312,,0,0,0,0
1604113178860,4,1010123456014,71,,1,0,4,1,1,,24.8804,368,183869,0.68672,154,0,12.3333,,0,0,0,0,0,0,0,0,0,,367,304,,0,0,0,0
1604113179110,4,1010123456014,71,,1,0,4,1,1,,24.1657,338,183714,0.593952,139,0,12,,6.72727,11,0,0.1,4,0,0,10.7975,31,,349,272,,0,0,0,1
1604113179360,4,1010123456014,71,,1,0,4,1,1,,22.0037,273,184018,0.41968,111,0,11.1667,,0,0,0,0,0,0,0,0,0,,378,220,,0,0,0,0
1604113179610,4,1010123456014,71,,1,0,4,1,1,,20.1742,356,183724,0.473824,139,0,10.3333,,0,0,0,0,0,0,0,0,0,,370,284,,0,0,0,0
1604113179860,4,1010123456014,71,,1,0,4,1,1,,24.1733,352,184421,0.593888,139,0,12.4286,,0,0,0,0,0,0,0,0,0,,382,276,,0,0,0,0
1604113180110,4,1010123456014,71,,1,0,4,1,1,,24.0594,387,183049,0.664544,155,0,12.1667,,15.0213,47,0,0.12368,19,52.6316,0,11.4516,31,,372,310,,0,0,0,6.10638
1604113180360,4,1010123456014,71,,1,0,4,1,1,,20.0909,352,183092,0.473632,141,0,11,,0,0,0,0,0,0,0,0,0,,376,282,,0,0,0,0
1604113180610,4,1010123456014,71,,1,0,4,1,1,,22.2176,340,182975,0.52672,140,0,11.5,,0,0,0,0,0,0,0,0,0,,372,282,,0,0,0,0
1604113180860,4,1010123456014,71,,1,0,4,1,1,,20.512,291,183971,0.404704,119,0,10.4286,,0,0,0,0,0,0,0,0,0,,385,234,,0,0,0,0
1604113181110,4,1010123456014,71,,1,0,4,1,1,,18.7623,366,183896,0.435296,145,0,9.66667,,7.32308,65,0,0.120608,26,26.9231,0,10.1248,31,,369,294,,0,0,0,3.67692
1604113181360,4,1010123456014,71,,1,0,4,1,1,,21.1653,363,183970,0.52256,152,0,11.3333,,0,0,0,0,0,0,0,0,0,,387,296,,0,0,0,0
1604113181610,4,1010123456014,71,,1,0,4,1,1,,22.6199,342,183518,0.520768,134,0,11.6,,0,0,0,0,0,0,0,0,0,,373,278,,0,0,0,0
1604113181860,4,1010123456014,71,,1,0,4,1,1,,21.3228,316,183127,0.445504,130,0,9.85714,,0,0,0,0,0,0,0,0,0,,379,300,,0,0,0,0
1604113182110,4,1010123456014,71,,1,0,4,1,1,,18.7006,354,184142,0.43616,142,0,9.5,,6.96296,27,0,0.1,11,9.09091,0,13.0513,31,,367,288,,0,0,0,2.33333
1604113182360,4,1010123456014,71,,1,0,4,1,1,,22.9807,311,183601,0.495232,124,0,12,,0,0,0,0,0,0,0,0,0,,376,246,,0,0,0,0
1604113182610,4,1010123456014,71,,1,0,4,1,1,,22.6645,310,184527,0.49456,127,0,11.8333,,0,0,0,0,0,0,0,0,0,,378,252,,0,0,0,0
1604113182860,4,1010123456014,71,,1,0,4,1,1,,21.1076,344,184177,0.489952,139,0,11,,0,0,0,0,0,0,0,0,0,,381,278,,0,0,0,0
1604113183110,4,1010123456014,71,,1,0,4,1,1,,20.0627,367,184059,0.491104,151,0,9.5,,7.60714,28,0,0.1,11,9.09091,0,13.4165,31,,380,300,,0,0,0,2.07143
1604113183360,4,1010123456014,71,,1,0,4,1,1,,21.0605,314,183364,0.438464,126,0,11.6667,,0,0,0,0,0,0,0,0,0,,378,254,,0,0,0,0
1604113183610,4,1010123456014,71,,1,0,4,1,1,,21.8499,353,183108,0.53072,141,0,10.5,,0,0,0,0,0,0,0,0,0,,381,282,,0,0,0,0
1604113183860,4,1010123456014,71,,1,0,4,1,1,,22.193,399,183854,0.60112,161,0,11.4286,,0,0,0,0,0,0,0,0,0,,376,318,,0,0,0,0
1604113184110,4,1010123456014,71,,1,0,4,1,1,,21.0225,400,183624,0.522208,155,0,11,,13.4286,7,0,0.1,3,0,0,15.0215,31,,379,316,,0,0,0,2.14286
1604113184360,4,1010123456014,71,,1,0,4,1,1,,22.5472,360,184367,0.557856,145,0,11.75,,0,0,0,0,0,0,0,0,0,,379,280,,0,0,0,0
1604113184610,4,1010123456014,71,,1,0,4,1,1,,14.6913,366,184018,0.324672,138,0,8,,0,0,0,0,0,0,0,0,0,,372,288,,0,0,0,0
1604113184860,4,1010123456014,71,,1,0,4,1,1,,21.5408,331,183223,0.473376,133,0,11.4,,0,0,0,0,0,0,0,0,0,,378,258,,0,0,0,0
1604113185110,4,1010123456014,71,,1,0,4,1,1,,21.8509,342,183779,0.492928,136,0,11.3333,,13.3333,15,0,0.1,6,66.6667,0,9.3847,31,,384,278,,0,0,0,7.6
1604113185360,4,1010123456014,71,,1,0,4,1,1,,21.0307,358,183927,0.472448,140,0,11,,0,0,0,0,0,0,0,0,0,,375,280,,0,0,0,0
1604113185610,4,1010123456014,71,,1,0,4,1,1,,21,402,183519,0.54432,162,0,11,,0,0,0,0,0,0,0,0,0,,380,320,,0,0,0,0
1604113185860,4,1010123456014,71,,1,0,4,1,1,,22.4092,391,183057,0.578464,153,0,11.6667,,0,0,0,0,0,0,0,0,0,,372,308,,0,0,0,0
1604113186110,4,1010123456014,71,,1,0,4,1,1,,21.5874,412,182902,0.56832,160,0,11,,5.40741,27,0,0.1,11,0,0,14.7243,31,,373,326,,0,0,0,1.25926
1604113186360,4,1010123456014,71,,1,0,4,1,1,,21.0552,308,183613,0.425664,126,0,9.5,,0,0,0,0,0,0,0,0,0,,377,280,,0,0,0,0
1604113186610,4,1010123456014,71,,1,0,4,1,1,,18.7788,330,183686,0.375744,130,0,10,,0,0,0,0,0,0,0,0,0,,383,262,,0,0,0,0
1604113186860,4,1010123456014,71,,1,0,4,1,1,,21.506,417,183323,0.584896,166,0,11.1429,,0,0,0,0,0,0,0,0,0,,384,332,,0,0,0,0
1604113187110,4,1010123456014,71,,1,0,4,1,1,,19.2554,368,183032,0.440096,143,0,9.8,,13.1429,7,0,0.1,3,0,0,19.5753,31,,378,288,,0,0,0,1.42857
1604113187360,4,1010123456014,71,,1,0,4,1,1,,20.6159,315,183544,0.412288,128,0,10.6667,,0,0,0,0,0,0,0,0,0,,368,254,,0,0,0,0
1604113187610,4,1010123456014,71,,1,0,4,1,1,,15.5501,349,183195,0.350272,143,0,8.83333,,0,0,0,0,0,0,0,0,0,,369,286,,0,0,0,0
1604113187860,4,1010123456014,71,,1,0,4,1,1,,21.9019,316,183576,0.454976,126,0,11.3333,,0,0,0,0,0,0,0,0,0,,377,256,,0,0,0,0
1604113188110,4,1010123456014,71,,1,0,4,1,1,,20.4989,437,183609,0.569472,176,0,10.6667,,15.5312,64,0,0.164832,28,60.7143,0,11.8009,31,,366,354,,0,0,0,5.92188
1604113188360,4,1010123456014,71,,1,0,4,1,1,,21.7249,338,183277,0.487072,137,0,11.3333,,0,0,0,0,0,0,0,0,0,,382,274,,0,0,0,0
1604113188610,4,1010123456014,71,,1,0,4,1,1,,21,395,183576,0.5208,155,0,11,,0,0,0,0,0,0,0,0,0,,371,306,,0,0,0,0
1604113188860,4,1010123456014,71,,1,0,4,1,1,,20.8674,347,184001,0.469152,141,0,11,,0,0,0,0,0,0,0,0,0,,365,278,,0,0,0,0
1604113189110,4,1010123456014,71,,1,0,4,1,1,,19.7784,334,183251,0.3944,131,0,10.5,,6.66667,24,0,0.1,11,36.3636,0,9.68546,31,,376,270,,0,0,0,4.16667
1604113189360,4,1010123456014,71,,1,0,4,1,1,,21.2029,419,182994,0.589984,173,0,11,,0,0,0,0,0,0,0,0,0,,378,340,,0,0,0,0
1604113189610,4,1010123456014,71,,1,0,4,1,1,,17.8109,312,184304,0.343136,125,0,9,,0,0,0,0,0,0,0,0,0,,380,250,,0,0,0,0
1604113189860,4,1010123456014,71,,1,0,4,1,1,,18.4665,313,183862,0.351392,123,0,8.71429,,0,0,0,0,0,0,0,0,0,,371,290,,0,0,0,0
1604113190110,4,1010123456014,71,,1,0,4,1,1,,21.1454,399,183470,0.516608,152,0,11,,5.40741,27,0,0.1,11,0,0,12.2621,31,,387,316,,0,0,0,1.40741
1604113190360,4,1010123456014,71,,1,0,4,1,1,,21.1062,273,184033,0.372416,110,0,9.5,,0,0,0,0,0,0,0,0,0,,370,254,,0,0,0,0
1604113190610,4,1010123456014,71,,1,0,4,1,1,,21.0744,390,184143,0.510176,151,0,11,,0,0,0,0,0,0,0,0,0,,374,308,,0,0,0,0
1604113190860,4,1010123456014,71,,1,0,4,1,1,,17.1544,285,184047,0.30928,118,0,9.4,,0,0,0,0,0,0,0,0,0,,372,226,,0,0,0,0
1604113191110,4,1010123456014,71,,1,0,4,1,1,,16.8503,314,183392,0.318272,124,0,8.66667,,7.42105,38,0,0.1,15,26.6667,0,9.70195,31,,370,248,,0,0,0,3.84211
1604113191360,4,1010123456014,71,,1,0,4,1,1,,21.7189,370,183900,0.5272,147,0,11.75,,0,0,0,0,0,0,0,0,0,,384,302,,0,0,0,0
1604113191610,4,1010123456014,71,,1,0,4,1,1,,16.945,382,184016,0.389152,149,0,9.33333,,0,0,0,0,0,0,0,0,0,,367,298,,0,0,0,0
1604113191860,4,1010123456014,71,,1,0,4,1,1,,19.5273,385,183546,0.457056,155,0,10.2857,,0,0,0,0,0,0,0,0,0,,378,304,,0,0,0,0
1604113192110,4,1010123456014,71,,1,0,4,1,1,,18.7535,361,184022,0.415168,144,0,9.6,,10.8889,9,0,0.1,4,0,0,11.2487,31,,395,290,,0,0,0,2.33333
1604113192360,4,1010123456014,71,,1,0,4,1,1,,17.0449,267,183358,0.258624,106,0,7.6,,0,0,0,0,0,0,0,0,0,,386,334,,0,0,0,0
1604113192610,4,1010123456014,71,,1,0,4,1,1,,18.7393,422,183138,0.490784,171,0,9.83333,,0,0,0,0,0,0,0,0,0,,378,340,,0,0,0,0
1604113192860,4,1010123456014,71,,1,0,4,1,1,,17.7808,365,183218,0.442688,150,0,8.85714,,0,0,0,0,0,0,0,0,0,,367,294,,0,0,0,0
1604113193110,4,1010123456014,71,,1,0,4,1,1,,18.7429,280,183760,0.31456,112,0,8,,8.27778,36,0,0.1,15,26.6667,0,9.27322,31,,361,278,,0,0,0,3.66667
1604113193360,4,1010123456014,71,,1,0,4,1,1,,16.1935,341,183883,0.332768,139,0,8.5,,0,0,0,0,0,0,0,0,0,,376,280,,0,0,0,0
1604113193610,4,1010123456014,71,,1,0,4,1,1,,15.9146,363,184253,0.319648,145,0,8.66667,,0,0,0,0,0,0,0,0,0,,377,292,,0,0,0,0
1604113193860,4,1010123456014,71,,1,0,4,1,1,,17.3077,364,184415,0.432256,152,0,9.33333,,0,0,0,0,0,0,0,0,0,,370,300,,0,0,0,0
1604113194110,4,1010123456014,71,,1,0,4,1,1,,15.7456,338,184275,0.293312,132,0,8.4,,12.7963,54,0,0.1,22,54.5455,0,8.23622,31,,379,268,,0,0,0,6.05556
1604113194360,4,1010123456014,71,,1,0,4,1,1,,17.4299,414,183180,0.431616,166,0,9,,0,0,0,0,0,0,0,0,0,,364,334,,0,0,0,0
1604113194610,4,1010123456014,71,,1,0,4,1,1,,16.139,374,184484,0.34992,156,0,8.5,,0,0,0,0,0,0,0,0,0,,390,302,,0,0,0,0
1604113194860,4,1010123456014,71,,1,0,4,1,1,,19.1625,277,184237,0.344832,112,0,8.8,,0,0,0,0,0,0,0,0,0,,380,226,,0,0,0,0
1604113195110,4,1010123456014,71,,1,0,4,1,1,,18.182,401,184119,0.430368,159,0,10.25,,12.2727,11,0,0.1,4,0,0,17.4131,31,,379,316,,0,0,0,1
1604113195360,4,1010123456014,71,,1,0,4,1,1,,12.793,372,183867,0.251968,148,0,8.66667,,0,0,0,0,0,0,0,0,0,,372,300,,0,0,0,0
1604113195610,4,1010123456014,71,,1,0,4,1,1,,20.8623,334,183432,0.447008,135,0,10.8333,,0,0,0,0,0,0,0,0,0,,379,268,,0,0,0,0
1604113195860,4,1010123456014,71,,1,0,4,1,1,,20.897,398,183363,0.5264,158,0,10.8333,,0,0,0,0,0,0,0,0,0,,376,316,,0,0,0,0
1604113196110,4,1010123456014,71,,1,0,4,1,1,,16.0141,354,184032,0.317888,138,0,7.5,,8.45455,33,0,0.1,13,15.3846,0,10.8784,31,,378,282,,0,0,0,2.9697
1604113196360,4,1010123456014,71,,1,0,4,1,1,,17.4213,375,183384,0.413312,154,0,9.66667,,0,0,0,0,0,0,0,0,0,,371,300,,0,0,0,0
1604113196610,4,1010123456014,71,,1,0,4,1,1,,18.2611,360,182931,0.386688,140,0,11,,0,0,0,0,0,0,0,0,0,,367,288,,0,0,0,0
1604113196860,4,1010123456014,71,,1,0,4,1,1,,18.7568,329,183319,0.376672,133,0,8.85714,,0,0,0,0,0,0,0,0,0,,368,318,,0,0,0,0
1604113197110,4,1010123456014,71,,1,0,4,1,1,,14.3789,351,184503,0.292416,140,0,7,,13.5556,9,0,0.1,4,0,0,18.8673,31,,376,318,,0,0,0,1
1604113197360,4,1010123456014,71,,1,0,4,1,1,,13.8092,325,184573,0.296064,131,0,8.2,,0,0,0,0,0,0,0,0,0,,384,262,,0,0,0,0
1604113197610,4,1010123456014,71,,1,0,4,1,1,,11.5081,370,184335,0.268,145,0,7.66667,,0,0,0,0,0,0,0,0,0,,381,292,,0,0,0,0
1604113197860,4,1010123456014,71,,1,0,4,1,1,,16.8295,387,183257,0.354592,155,0,9.57143,,0,0,0,0,0,0,0,0,0,,375,308,,0,0,0,0
1604113198110,4,1010123456014,71,,1,0,4,1,1,,20.7242,359,183539,0.476768,140,0,8.66667,,13.4286,7,0,0.1,3,0,0,12.0435,31,,374,280,,0,0,0,3.57143
1604113198360,4,1010123456014,71,,1,0,4,1,1,,19.4587,375,183166,0.449408,154,0,10.3333,,0,0,0,0,0,0,0,0,0,,375,304,,0,0,0,0
1604113198610,4,1010123456014,71,,1,0,4,1,1,,18.6952,374,184132,0.447648,147,0,9.6,,0,0,0,0,0,0,0,0,0,,364,302,,0,0,0,0
1604113198860,4,1010123456014,71,,1,0,4,1,1,,15.9524,420,183547,0.398624,171,0,8.83333,,0,0,0,0,0,0,0,0,0,,370,340,,0,0,0,0
1604113199110,4,1010123456014,71,,1,0,4,1,1,,18.9658,351,183497,0.435616,141,0,9.66667,,3.48148,27,0,0.1,11,0,0,11.849,31,,373,280,,0,0,0,1
1604113199360,4,1010123456014,71,,1,0,4,1,1,,16.6711,298,183935,0.336928,127,0,7.83333,,0,0,0,0,0,0,0,0,0,,383,272,,0,0,0,0
1604113199610,4,1010123456014,71,,1,0,4,1,1,,19.3151,73,182871,0.063168,22,0,10,,0,0,0,0,0,0,0,0,0,,375,332,,0,0,0,0
1604113199860,4,1010123456014,71,,1,0,4,1,1,,16.5672,335,183232,0.34016,140,0,9.16667,,0,0,0,0,0,0,0,0,0,,372,270,,0,0,0,0
1604113200110,4,1010123456014,71,,1,0,4,1,1,,19.0924,314,183773,0.366496,125,0,9.33333,,7.24444,45,0,0.1,17,35.2941,0,6.59357,31,,370,256,,0,0,0,4.82222
1604113200360,4,1010123456014,71,,1,0,4,1,1,,16.5155,355,183644,0.32112,141,0,9.5,,0,0,0,0,0,0,0,0,0,,378,286,,0,0,0,0
1604113200610,4,1010123456014,71,,1,0,4,1,1,,17,413,183454,0.447904,163,0,9.33333,,0,0,0,0,0,0,0,0,0,,376,326,,0,0,0,0
1604113200860,4,1010123456014,71,,1,0,4,1,1,,20.2815,412,183816,0.530176,168,0,10,,0,0,0,0,0,0,0,0,0,,371,326,,0,0,0,0
1604113201110,4,1010123456014,71,,1,0,4,1,1,,17.6517,379,183855,0.387264,148,0,8.8,,14.3871,31,0,0.175872,13,7.69231,0,16.0572,31,,366,298,,0,0,0,1.90323
1604113201360,4,1010123456014,71,,1,0,4,1,1,,12.897,330,184091,0.239904,135,0,7,,0,0,0,0,0,0,0,0,0,,366,300,,0,0,0,0
1604113201610,4,1010123456014,71,,1,0,4,1,1,,15.2872,383,183810,0.327328,147,0,8.83333,,0,0,0,0,0,0,0,0,0,,375,326,,0,0,0,0
1604113201860,4,1010123456014,71,,1,0,4,1,1,,19.1487,390,183593,0.450336,159,0,10,,0,0,0,0,0,0,0,0,0,,374,310,,0,0,0,0
1604113202110,4,1010123456014,71,,1,0,4,1,1,,20.0474,359,184484,0.451808,147,0,10.6667,,10.875,8,0,0.1,3,0,0,12.0049,31,,389,292,,0,0,0,1.75
1604113202360,4,1010123456014,71,,1,0,4,1,1,,13.0538,316,183320,0.239264,127,0,8.25,,0,0,0,0,0,0,0,0,0,,378,256,,0,0,0,0
1604113202610,4,1010123456014,71,,1,0,4,1,1,,20.4819,415,183047,0.53248,166,0,10.6667,,0,0,0,0,0,0,0,0,0,,386,330,,0,0,0,0
1604113202860,4,1010123456014,71,,1,0,4,1,1,,19.0514,331,183472,0.369216,132,0,10,,0,0,0,0,0,0,0,0,0,,368,264,,0,0,0,0
1604113203110,4,1010123456014,71,,1,0,4,1,1,,15.9655,377,184573,0.337152,144,0,8.33333,,10.4333,30,0,0.118528,12,0,0,14.9651,31,,377,298,,0,0,0,1.06667
1604113203360,4,1010123456014,71,,1,0,4,1,1,,17.7657,303,184274,0.310624,121,0,7.4,,0,0,0,0,0,0,0,0,0,,378,336,,0,0,0,0
1604113203610,4,1010123456014,71,,1,0,4,1,1,,19.4268,396,183190,0.456608,157,0,10.25,,0,0,0,0,0,0,0,0,0,,377,322,,0,0,0,0
1604113203860,4,1010123456014,71,,1,0,4,1,1,,19.5687,364,183223,0.44432,149,0,9.85714,,0,0,0,0,0,0,0,0,0,,358,290,,0,0,0,0
1604113204110,4,1010123456014,71,,1,0,4,1,1,,17.2185,389,182620,0.396416,156,0,9.83333,,10.875,8,0,0.1,3,0,0,9.35895,31,,373,316,,0,0,0,3.625
1604113204360,4,1010123456014,71,,1,0,4,1,1,,12.8399,331,184010,0.258912,135,0,7.5,,0,0,0,0,0,0,0,0,0,,377,270,,0,0,0,0
1604113204610,4,1010123456014,71,,1,0,4,1,1,,14.1716,402,183457,0.306944,162,0,8.25,,0,0,0,0,0,0,0,0,0,,370,326,,0,0,0,0
1604113204860,4,1010123456014,71,,1,0,4,1,1,,15.768,319,183719,0.292896,135,0,8.2,,0,0,0,0,0,0,0,0,0,,376,258,,0,0,0,0
1604113205110,4,1010123456014,71,,1,0,4,1,1,,16.3523,193,184173,0.1752,75,0,6,,11.2857,14,0,0.1,6,66.6667,0,10.1804,31,,387,264,,0,0,0,6.14286
1604113205360,4,1010123456014,71,,1,0,4,1,1,,19.7481,393,183445,0.502048,153,0,10.6667,,0,0,0,0,0,0,0,0,0,,384,306,,0,0,0,0
1604113205610,4,1010123456014,71,,1,0,4,1,1,,19.7948,346,184145,0.460224,142,0,9.6,,0,0,0,0,0,0,0,0,0,,377,276,,0,0,0,0
1604113205860,4,1010123456014,71,,1,0,4,1,1,,16.2816,348,183230,0.320224,134,0,9.16667,,0,0,0,0,0,0,0,0,0,,365,272,,0,0,0,0
1604113206110,4,1010123456014,71,,1,0,4,1,1,,13.5743,343,184465,0.24944,135,0,8,,12.1667,24,0,0.1296,10,0,0,15.7368,31,,384,272,,0,0,0,1.33333
1604113206360,4,1010123456014,71,,1,0,4,1,1,,19.0529,378,183434,0.459552,155,0,10.5,,0,0,0,0,0,0,0,0,0,,373,312,,0,0,0,0
1604113206610,4,1010123456014,71,,1,0,4,1,1,,17.1019,363,182984,0.348192,143,0,8.5,,0,0,0,0,0,0,0,0,0,,362,290,,0,0,0,0
1604113206860,4,1010123456014,71,,1,0,4,1,1,,18.9398,249,184494,0.349888,108,0,9.5,,0,0,0,0,0,0,0,0,0,,374,206,,0,0,0,0
1604113207110,4,1010123456014,71,,1,0,4,1,1,,12.4745,373,183442,0.223968,142,0,8.66667,,12.6667,15,0,0.1,7,57.1429,0,8.42236,31,,382,290,,0,0,0,5.8
1604113207360,4,1010123456014,71,,1,0,4,1,1,,17.4693,326,183244,0.357216,131,0,8.66667,,0,0,0,0,0,0,0,0,0,,390,262,,0,0,0,0
1604113207610,4,1010123456014,71,,1,0,4,1,1,,15.6175,332,182814,0.291392,134,0,7.5,,0,0,0,0,0,0,0,0,0,,385,296,,0,0,0,0
1604113207860,4,1010123456014,71,,1,0,4,1,1,,18.7268,377,184092,0.446048,157,0,9.14286,,0,0,0,0,0,0,0,0,0,,380,308,,0,0,0,0
1604113208110,4,1010123456014,71,,1,0,4,1,1,,15.6777,422,183187,0.359136,167,0,8.2,,5.94118,17,0,0.1,7,0,0,12.1434,31,,373,344,,0,0,0,1.82353
1604113208360,4,1010123456014,71,,1,0,4,1,1,,21.1935,372,183594,0.55984,153,0,11,,0,0,0,0,0,0,0,0,0,,365,304,,0,0,0,0
1604113208610,4,1010123456014,71,,1,0,4,1,1,,19.7514,358,183654,0.437248,146,0,9.66667,,0,0,0,0,0,0,0,0,0,,378,286,,0,0,0,0
1604113208860,4,1010123456014,71,,1,0,4,1,1,,18.2252,404,184323,0.407552,158,0,9.16667,,0,0,0,0,0,0,0,0,0,,368,318,,0,0,0,0
1604113209110,4,1010123456014,71,,1,0,4,1,1,,14.5556,369,184579,0.294144,148,0,7.4,,12,7,0,0.1,3,0,0,13.4217,31,,385,290,,0,0,0,1
1604113209360,4,1010123456014,71,,1,0,4,1,1,,17.7239,297,183909,0.306528,117,0,8.5,,0,0,0,0,0,0,0,0,0,,362,244,,0,0,0,0
1604113209610,4,1010123456014,71,,1,0,4,1,1,,17.4234,385,183074,0.418848,155,0,8.6,,0,0,0,0,0,0,0,0,0,,380,306,,0,0,0,0
1604113209860,4,1010123456014,71,,1,0,4,1,1,,11.9388,294,183748,0.174944,116,0,7.33333,,0,0,0,0,0,0,0,0,0,,377,234,,0,0,0,0
1604113210110,4,1010123456014,71,,1,0,4,1,1,,15.7018,379,184044,0.335488,154,0,9.2,,6.05,20,0,0.1,8,0,0,11.4467,31,,384,298,,0,0,0,1.95
1604113210360,4,1010123456014,71,,1,0,4,1,1,,18.7009,331,183559,0.336736,127,0,7.75,,0,0,0,0,0,0,0,0,0,,362,312,,0,0,0,0
1604113210610,4,1010123456014,71,,1,0,4,1,1,,13.4763,338,184268,0.27632,135,0,7.8,,0,0,0,0,0,0,0,0,0,,376,272,,0,0,0,0
1604113210860,4,1010123456014,71,,1,0,4,1,1,,19.1826,367,183150,0.424,148,0,9.5,,0,0,0,0,0,0,0,0,0,,372,294,,0,0,0,0
1604113211110,4,1010123456014,71,,1,0,4,1,1,,12.5884,413,183274,0.292192,166,0,6.75,,9.1,10,0,0.1,4,0,0,12.5452,31,,377,332,,0,0,0,3.1
1604113211360,4,1010123456014,71,,1,0,4,1,1,,20.5212,378,183308,0.51952,151,0,10.25,,0,0,0,0,0,0,0,0,0,,374,306,,0,0,0,0
1604113211610,4,1010123456014,71,,1,0,4,1,1,,18.1829,350,184153,0.410368,146,0,8.5,,0,0,0,0,0,0,0,0,0,,382,288,,0,0,0,0
1604113211860,4,1010123456014,71,,1,0,4,1,1,,17.9128,344,183717,0.360224,143,0,9,,0,0,0,0,0,0,0,0,0,,374,280,,0,0,0,0
1604113212110,4,1010123456014,71,,1,0,4,1,1,,16.9143,350,184174,0.361152,140,0,8.5,,12,8,0,0.1,3,0,0,11.2223,31,,375,288,,0,0,0,1.375
1604113212360,4,1010123456014,71,,1,0,4,1,1,,16.6965,201,184430,0.197984,85,0,4,,0,0,0,0,0,0,0,0,0,,361,278,,0,0,0,0
1604113212610,4,1010123456014,71,,1,0,4,1,1,,18,61,183987,0.053088,21,0,9,,0,0,0,0,0,0,0,0,0,,368,298,,0,0,0,0
1604113212860,4,1010123456014,71,,1,0,4,1,1,,14.2906,351,183446,0.268192,139,0,7.71429,,0,0,0,0,0,0,0,0,0,,365,278,,0,0,0,0
1604113213110,4,1010123456014,71,,1,0,4,1,1,,12.3284,335,183098,0.209984,134,0,8.33333,,10.6429,28,0,0.108384,11,0,0,14.8245,31,,371,266,,0,0,0,1.07143
1604113213360,4,1010123456014,71,,1,0,4,1,1,,21.0376,372,183730,0.499712,148,0,11.75,,0,0,0,0,0,0,0,0,0,,385,294,,0,0,0,0
1604113213610,4,1010123456014,71,,1,0,4,1,1,,21.2165,291,183441,0.433984,120,0,7.8,,0,0,0,0,0,0,0,0,0,,373,304,,0,0,0,0
1604113213860,4,1010123456014,71,,1,0,4,1,1,,18.809,89,183401,0.10752,36,0,5.66667,,0,0,0,0,0,0,0,0,0,,378,306,,0,0,0,0
1604113214110,4,1010123456014,71,,1,0,4,1,1,,16.0539,297,183864,0.277376,124,0,6.33333,,7.63636,11,0,0.1,4,0,0,11.1567,31,,375,308,,0,0,0,1.27273
1604113214360,4,1010123456014,71,,1,0,4,1,1,,20.0225,356,183759,0.458304,142,0,11.5,,0,0,0,0,0,0,0,0,0,,377,290,,0,0,0,0
1604113214610,4,1010123456014,71,,1,0,4,1,1,,23.3519,324,183438,0.538432,132,0,12,,0,0,0,0,0,0,0,0,0,,374,262,,0,0,0,0
1604113214860,4,1010123456014,71,,1,0,4,1,1,,15.5541,370,183498,0.35632,149,0,8,,0,0,0,0,0,0,0,0,0,,372,292,,0,0,0,0
1604113215110,4,1010123456014,71,,1,0,4,1,1,,13.4671,319,184065,0.221952,124,0,7.66667,,8.33333,15,0,0.1,6,0,0,12.0237,31,,376,258,,0,0,0,1.13333
1604113215360,4,1010123456014,71,,1,0,4,1,1,,14.9086,372,183852,0.304576,152,0,7.75,,0,0,0,0,0,0,0,0,0,,371,302,,0,0,0,0
1604113215610,4,1010123456014,71,,1,0,4,1,1,,15.5808,198,184582,0.17728,86,0,6.75,,0,0,0,0,0,0,0,0,0,,397,268,,0,0,0,0
1604113215860,4,1010123456014,71,,1,0,4,1,1,,20.5882,204,183654,0.270304,83,0,8.25,,0,0,0,0,0,0,0,0,0,,377,338,,0,0,0,0
1604113216110,4,1010123456014,71,,1,0,4,1,1,,0,0,183654,0,0,0,0.1,,0,0,0,0,0,0,0,0,0,,382,298,,0,0,0,0
1604113216360,4,1010123456014,71,,1,0,4,1,1,,0,0,183654,0,0,0,0.1,,0,0,0,0,0,0,0,0,0,,364,340,,0,0,0,0
1604113216610,4,1010123456014,71,,1,0,4,1,1,,0,0,183654,0,0,0,0.1,,0,0,0,0,0,0,0,0,0,,385,278,,0,0,0,0
1604113216860,4,1010123456014,71,,1,0,4,1,1,,0,0,183654,0,0,0,0.1,,0,0,0,0,0,0,0,0,0,,369,272,,0,0,0,0
1604113217110,4,1010123456014,71,,1,0,4,1,1,,0,0,183654,0,0,0,0.1,,0,0,0,0,0,0,0,0,0,,377,306,,0,0,0,0
1604113217360,4,1010123456014,71,,1,0,4,1,1,,0,0,183654,0,0,0,0.1,,0,0,0,0,0,0,0,0,0,,371,312,,0,0,0,0
1604113217610,4,1010123456014,71,,1,0,4,1,1,,0,0,183654,0,0,0,0.1,,0,0,0,0,0,0,0,0,0,,372,286,,0,0,0,0
1604113217860,4,1010123456014,71,,1,0,4,1,1,,0,0,183654,0,0,0,0.1,,0,0,0,0,0,0,0,0,0,,386,316,,0,0,0,0
1604113218110,4,1010123456014,71,,1,0,4,1,1,,0,0,183654,0,0,0,0.1,,0,0,0,0,0,0,0,0,0,,370,336,,0,0,0,0
1604113218360,4,1010123456014,71,,1,0,4,1,1,,0,0,183654,0,0,0,0.1,,0,0,0,0,0,0,0,0,0,,383,300,,0,0,0,0
1604113218610,4,1010123456014,71,,1,0,4,1,1,,0,0,183654,0,0,0,0.1,,0,0,0,0,0,0,0,0,0,,369,314,,0,0,0,0
1604113218860,4,1010123456014,71,,1,0,4,1,1,,0,0,183654,0,0,0,0.1,,0,0,0,0,0,0,0,0,0,,380,306,,0,0,0,0
1604113219110,4,1010123456014,71,,1,0,4,1,1,,0,0,183654,0,0,0,0.1,,0,0,0,0,0,0,0,0,0,,370,244,,0,0,0,0
1604113219360,4,1010123456014,71,,1,0,4,1,1,,0,0,183654,0,0,0,0.1,,0,0,0,0,0,0,0,0,0,,357,262,,0,0,0,0
1604113219610,4,1010123456014,71,,1,0,4,1,1,,0,0,183654,0,0,0,0.1,,0,0,0,0,0,0,0,0,0,,382,274,,0,0,0,0
