time,cc,pci,earfcn,rsrp,pl,cfo,dl_mcs,dl_snr,dl_turbo,dl_brate,dl_bler,ul_ta,ul_mcs,ul_buff,ul_brate,ul_bler,rf_o,rf_u,rf_l,is_attached
0,0,0,4294967295,0.0,0.0,0.0,0.0,0.0,0.0,0.0,0.0,0.0,0.0,0.0,0.0,0.0,0.0,0.0,0.0,0.0
248,0,0,3400,0.0,0.0,0.0,0.0,0.0,0.0,0.0,0.0,0.0,0.0,0.0,0.0,0.0,0.0,0.0,0.0,0.0
497,0,0,3400,0.0,0.0,0.0,0.0,0.0,0.0,0.0,0.0,0.0,0.0,0.0,0.0,0.0,0.0,0.0,0.0,0.0
746,0,0,3400,0.0,0.0,0.0,0.0,0.0,0.0,0.0,0.0,0.0,0.0,0.0,0.0,0.0,0.0,0.0,0.0,0.0
995,0,0,3400,0.0,0.0,0.0,0.0,0.0,0.0,0.0,0.0,0.0,0.0,0.0,0.0,0.0,0.0,0.0,0.0,0.0
1244,0,0,3400,0.0,0.0,0.0,0.0,0.0,0.0,0.0,0.0,0.0,0.0,0.0,0.0,0.0,0.0,0.0,0.0,0.0
1493,0,0,3400,0.0,0.0,0.0,0.0,0.0,0.0,0.0,0.0,0.0,0.0,0.0,0.0,0.0,0.0,0.0,0.0,0.0
1742,0,0,3400,0.0,0.0,0.0,0.0,0.0,0.0,0.0,0.0,0.0,0.0,0.0,0.0,0.0,0.0,0.0,0.0,0.0
1991,0,0,3400,0.0,0.0,0.0,0.0,0.0,0.0,0.0,0.0,0.0,0.0,0.0,0.0,0.0,0.0,0.0,0.0,0.0
2240,0,0,3400,0.0,0.0,0.0,0.0,0.0,0.0,0.0,0.0,0.0,0.0,0.0,0.0,0.0,0.0,0.0,0.0,0.0
2489,0,0,3400,0.0,0.0,0.0,0.0,0.0,0.0,0.0,0.0,0.0,0.0,0.0,0.0,0.0,0.0,0.0,0.0,0.0
2738,0,0,3400,0.0,0.0,0.0,0.0,0.0,0.0,0.0,0.0,0.0,0.0,0.0,0.0,0.0,0.0,0.0,0.0,0.0
2987,0,0,3400,0.0,0.0,0.0,0.0,0.0,0.0,0.0,0.0,0.0,0.0,0.0,0.0,0.0,0.0,0.0,0.0,0.0
3236,0,0,3400,0.0,0.0,0.0,0.0,0.0,0.0,0.0,0.0,0.0,0.0,0.0,0.0,0.0,0.0,0.0,0.0,0.0
3485,0,0,3400,0.0,0.0,0.0,0.0,0.0,0.0,0.0,0.0,0.0,0.0,0.0,0.0,0.0,0.0,0.0,0.0,0.0
3734,0,0,3400,0.0,0.0,0.0,0.0,0.0,0.0,0.0,0.0,0.0,0.0,0.0,0.0,0.0,0.0,0.0,0.0,0.0
3983,0,0,3400,0.0,0.0,0.0,0.0,0.0,0.0,0.0,0.0,0.0,0.0,0.0,0.0,0.0,0.0,0.0,0.0,0.0
4232,0,0,3400,0.0,0.0,0.0,0.0,0.0,0.0,0.0,0.0,0.0,0.0,0.0,0.0,0.0,0.0,0.0,0.0,0.0
4481,0,0,3400,0.0,0.0,0.0,0.0,0.0,0.0,0.0,0.0,0.0,0.0,0.0,0.0,0.0,0.0,0.0,0.0,0.0
4730,0,0,3400,0.0,0.0,0.0,0.0,0.0,0.0,0.0,0.0,0.0,0.0,0.0,0.0,0.0,0.0,0.0,0.0,0.0
4979,0,0,3400,0.0,0.0,0.0,0.0,0.0,0.0,0.0,0.0,0.0,0.0,0.0,0.0,0.0,0.0,0.0,0.0,0.0
5228,0,0,3400,0.0,0.0,0.0,0.0,0.0,0.0,0.0,0.0,0.0,0.0,0.0,0.0,0.0,0.0,0.0,0.0,0.0
5477,0,0,3400,0.0,0.0,0.0,0.0,0.0,0.0,0.0,0.0,0.0,0.0,0.0,0.0,0.0,0.0,0.0,0.0,0.0
5726,0,0,3400,0.0,0.0,0.0,0.0,0.0,0.0,0.0,0.0,0.0,0.0,0.0,0.0,0.0,0.0,0.0,0.0,0.0
5975,0,0,3400,0.0,0.0,0.0,0.0,0.0,0.0,0.0,0.0,0.0,0.0,0.0,0.0,0.0,0.0,0.0,0.0,0.0
6224,0,0,3400,0.0,0.0,0.0,0.0,0.0,0.0,0.0,0.0,0.0,0.0,0.0,0.0,0.0,0.0,0.0,0.0,0.0
6473,0,0,3400,0.0,0.0,0.0,0.0,0.0,0.0,0.0,0.0,0.0,0.0,0.0,0.0,0.0,0.0,0.0,0.0,0.0
6722,0,0,3400,0.0,0.0,0.0,0.0,0.0,0.0,0.0,0.0,0.0,0.0,0.0,0.0,0.0,0.0,0.0,0.0,0.0
6971,0,0,3400,0.0,0.0,0.0,0.0,0.0,0.0,0.0,0.0,0.0,0.0,0.0,0.0,0.0,0.0,0.0,0.0,0.0
7220,0,0,3400,0.0,0.0,0.0,0.0,0.0,0.0,0.0,0.0,0.0,0.0,0.0,0.0,0.0,0.0,0.0,0.0,0.0
7469,0,0,3400,0.0,0.0,0.0,0.0,0.0,0.0,0.0,0.0,0.0,0.0,0.0,0.0,0.0,0.0,0.0,0.0,0.0
7718,0,0,3400,0.0,0.0,0.0,0.0,0.0,0.0,0.0,0.0,0.0,0.0,0.0,0.0,0.0,0.0,0.0,0.0,0.0
7967,0,0,3400,0.0,0.0,0.0,0.0,0.0,0.0,0.0,0.0,0.0,0.0,0.0,0.0,0.0,0.0,0.0,0.0,0.0
8216,0,0,3400,0.0,0.0,0.0,0.0,0.0,0.0,0.0,0.0,0.0,0.0,0.0,0.0,0.0,0.0,0.0,0.0,0.0
8465,0,0,3400,0.0,0.0,0.0,0.0,0.0,0.0,0.0,0.0,0.0,0.0,0.0,0.0,0.0,0.0,0.0,0.0,0.0
8714,0,0,3400,0.0,0.0,0.0,0.0,0.0,0.0,0.0,0.0,0.0,0.0,0.0,0.0,0.0,0.0,0.0,0.0,0.0
8963,0,0,3400,0.0,0.0,0.0,0.0,0.0,0.0,0.0,0.0,0.0,0.0,0.0,0.0,0.0,0.0,0.0,0.0,0.0
9212,0,0,3400,0.0,0.0,0.0,0.0,0.0,0.0,0.0,0.0,0.0,0.0,0.0,0.0,0.0,0.0,0.0,0.0,0.0
9461,0,0,3400,0.0,0.0,0.0,0.0,0.0,0.0,0.0,0.0,0.0,0.0,0.0,0.0,0.0,0.0,0.0,0.0,0.0
9710,0,0,3400,0.0,0.0,0.0,0.0,0.0,0.0,0.0,0.0,0.0,0.0,0.0,0.0,0.0,0.0,0.0,0.0,0.0
9959,0,0,3400,0.0,0.0,0.0,0.0,0.0,0.0,0.0,0.0,0.0,0.0,0.0,0.0,0.0,0.0,0.0,0.0,0.0
10208,0,0,3400,0.0,0.0,0.0,0.0,0.0,0.0,0.0,0.0,0.0,0.0,0.0,0.0,0.0,0.0,0.0,0.0,0.0
10457,0,0,3400,0.0,0.0,0.0,0.0,0.0,0.0,0.0,0.0,0.0,0.0,0.0,0.0,0.0,0.0,0.0,0.0,0.0
10706,0,0,3400,0.0,0.0,0.0,0.0,0.0,0.0,0.0,0.0,0.0,0.0,0.0,0.0,0.0,0.0,0.0,0.0,0.0
10955,0,0,3400,0.0,0.0,0.0,0.0,0.0,0.0,0.0,0.0,0.0,0.0,0.0,0.0,0.0,0.0,0.0,0.0,0.0
11204,0,0,3400,0.0,0.0,0.0,0.0,0.0,0.0,0.0,0.0,0.0,0.0,0.0,0.0,0.0,0.0,0.0,0.0,0.0
11453,0,0,3400,0.0,0.0,0.0,0.0,0.0,0.0,0.0,0.0,0.0,0.0,0.0,0.0,0.0,0.0,0.0,0.0,0.0
11702,0,0,3400,0.0,0.0,0.0,0.0,0.0,0.0,0.0,0.0,0.0,0.0,0.0,0.0,0.0,0.0,0.0,0.0,0.0
11951,0,0,3400,0.0,0.0,0.0,0.0,0.0,0.0,0.0,0.0,0.0,0.0,0.0,0.0,0.0,0.0,0.0,0.0,0.0
12200,0,0,3400,0.0,0.0,0.0,0.0,0.0,0.0,0.0,0.0,0.0,0.0,0.0,0.0,0.0,0.0,0.0,0.0,0.0
12449,0,0,3400,0.0,0.0,0.0,0.0,0.0,0.0,0.0,0.0,0.0,0.0,0.0,0.0,0.0,0.0,0.0,0.0,0.0
12698,0,0,3400,0.0,0.0,0.0,0.0,0.0,0.0,0.0,0.0,0.0,0.0,0.0,0.0,0.0,0.0,0.0,0.0,0.0
12947,0,0,3400,0.0,0.0,0.0,0.0,0.0,0.0,0.0,0.0,0.0,0.0,0.0,0.0,0.0,0.0,0.0,0.0,0.0
13196,0,0,3400,0.0,0.0,0.0,0.0,0.0,0.0,0.0,0.0,0.0,0.0,0.0,0.0,0.0,0.0,0.0,0.0,0.0
13445,0,0,3400,0.0,0.0,0.0,0.0,0.0,0.0,0.0,0.0,0.0,0.0,0.0,0.0,0.0,0.0,0.0,0.0,0.0
13694,0,0,3400,0.0,0.0,0.0,0.0,0.0,0.0,0.0,0.0,0.0,0.0,0.0,0.0,0.0,0.0,0.0,0.0,0.0
13943,0,0,3400,0.0,0.0,0.0,0.0,0.0,0.0,0.0,0.0,0.0,0.0,0.0,0.0,0.0,0.0,0.0,0.0,0.0
14192,0,0,3400,0.0,0.0,0.0,0.0,0.0,0.0,0.0,0.0,0.0,0.0,0.0,0.0,0.0,0.0,0.0,0.0,0.0
14441,0,0,3400,0.0,0.0,0.0,0.0,0.0,0.0,0.0,0.0,0.0,0.0,0.0,0.0,0.0,0.0,0.0,0.0,0.0
14690,0,0,3400,0.0,0.0,0.0,0.0,0.0,0.0,0.0,0.0,0.0,0.0,0.0,0.0,0.0,0.0,0.0,0.0,0.0
14939,0,0,3400,0.0,0.0,0.0,0.0,0.0,0.0,0.0,0.0,0.0,0.0,0.0,0.0,0.0,0.0,0.0,0.0,0.0
15188,0,0,3400,0.0,0.0,0.0,0.0,0.0,0.0,0.0,0.0,0.0,0.0,0.0,0.0,0.0,0.0,0.0,0.0,0.0
15437,0,0,3400,0.0,0.0,0.0,0.0,0.0,0.0,0.0,0.0,0.0,0.0,0.0,0.0,0.0,0.0,0.0,0.0,0.0
15686,0,0,3400,0.0,0.0,0.0,0.0,0.0,0.0,0.0,0.0,0.0,0.0,0.0,0.0,0.0,0.0,0.0,0.0,0.0
15935,0,0,3400,0.0,0.0,0.0,0.0,0.0,0.0,0.0,0.0,0.0,0.0,0.0,0.0,0.0,0.0,0.0,0.0,0.0
16184,0,0,3400,0.0,0.0,0.0,0.0,0.0,0.0,0.0,0.0,0.0,0.0,0.0,0.0,0.0,0.0,0.0,0.0,0.0
16433,0,0,3400,0.0,0.0,0.0,0.0,0.0,0.0,0.0,0.0,0.0,0.0,0.0,0.0,0.0,0.0,0.0,0.0,0.0
16682,0,0,3400,0.0,0.0,0.0,0.0,0.0,0.0,0.0,0.0,0.0,0.0,0.0,0.0,0.0,0.0,0.0,0.0,0.0
16931,0,0,3400,0.0,0.0,0.0,0.0,0.0,0.0,0.0,0.0,0.0,0.0,0.0,0.0,0.0,0.0,0.0,0.0,0.0
17180,0,0,3400,0.0,0.0,0.0,0.0,0.0,0.0,0.0,0.0,0.0,0.0,0.0,0.0,0.0,0.0,0.0,0.0,0.0
17429,0,0,3400,0.0,0.0,0.0,0.0,0.0,0.0,0.0,0.0,0.0,0.0,0.0,0.0,0.0,0.0,0.0,0.0,0.0
17678,0,0,3400,0.0,0.0,0.0,0.0,0.0,0.0,0.0,0.0,0.0,0.0,0.0,0.0,0.0,0.0,0.0,0.0,0.0
17927,0,0,3400,0.0,0.0,0.0,0.0,0.0,0.0,0.0,0.0,0.0,0.0,0.0,0.0,0.0,0.0,0.0,0.0,0.0
18176,0,0,3400,0.0,0.0,0.0,0.0,0.0,0.0,0.0,0.0,0.0,0.0,0.0,0.0,0.0,0.0,0.0,0.0,0.0
18425,0,0,3400,0.0,0.0,0.0,0.0,0.0,0.0,0.0,0.0,0.0,0.0,0.0,0.0,0.0,0.0,0.0,0.0,0.0
18674,0,0,3400,0.0,0.0,0.0,0.0,0.0,0.0,0.0,0.0,0.0,0.0,0.0,0.0,0.0,0.0,0.0,0.0,0.0
18923,0,0,3400,0.0,0.0,0.0,0.0,0.0,0.0,0.0,0.0,0.0,0.0,0.0,0.0,0.0,0.0,0.0,0.0,0.0
19172,0,0,3400,0.0,0.0,0.0,0.0,0.0,0.0,0.0,0.0,0.0,0.0,0.0,0.0,0.0,0.0,0.0,0.0,0.0
19421,0,0,3400,0.0,0.0,0.0,0.0,0.0,0.0,0.0,0.0,0.0,0.0,0.0,0.0,0.0,0.0,0.0,0.0,0.0
19670,0,0,3400,0.0,0.0,0.0,0.0,0.0,0.0,0.0,0.0,0.0,0.0,0.0,0.0,0.0,0.0,0.0,0.0,0.0
19919,0,0,3400,0.0,0.0,0.0,0.0,0.0,0.0,0.0,0.0,0.0,0.0,0.0,0.0,0.0,0.0,0.0,0.0,0.0
20168,0,0,3400,0.0,0.0,0.0,0.0,0.0,0.0,0.0,0.0,0.0,0.0,0.0,0.0,0.0,0.0,0.0,0.0,0.0
20417,0,0,3400,0.0,0.0,0.0,0.0,0.0,0.0,0.0,0.0,0.0,0.0,0.0,0.0,0.0,0.0,0.0,0.0,0.0
20666,0,0,3400,0.0,0.0,0.0,0.0,0.0,0.0,0.0,0.0,0.0,0.0,0.0,0.0,0.0,0.0,0.0,0.0,0.0
20915,0,0,3400,0.0,0.0,0.0,0.0,0.0,0.0,0.0,0.0,0.0,0.0,0.0,0.0,0.0,0.0,0.0,0.0,0.0
21164,0,0,3400,0.0,0.0,0.0,0.0,0.0,0.0,0.0,0.0,0.0,0.0,0.0,0.0,0.0,0.0,0.0,0.0,0.0
21413,0,0,3400,0.0,0.0,0.0,0.0,0.0,0.0,0.0,0.0,0.0,0.0,0.0,0.0,0.0,0.0,0.0,0.0,0.0
21662,0,0,3400,0.0,0.0,0.0,0.0,0.0,0.0,0.0,0.0,0.0,0.0,0.0,0.0,0.0,0.0,0.0,0.0,0.0
21911,0,0,3400,0.0,0.0,0.0,0.0,0.0,0.0,0.0,0.0,0.0,0.0,0.0,0.0,0.0,0.0,0.0,0.0,0.0
22160,0,0,3400,0.0,0.0,0.0,0.0,0.0,0.0,0.0,0.0,0.0,0.0,0.0,0.0,0.0,0.0,0.0,0.0,0.0
22409,0,0,3400,0.0,0.0,0.0,0.0,0.0,0.0,0.0,0.0,0.0,0.0,0.0,0.0,0.0,0.0,0.0,0.0,0.0
22658,0,0,3400,0.0,0.0,0.0,0.0,0.0,0.0,0.0,0.0,0.0,0.0,0.0,0.0,0.0,0.0,0.0,0.0,0.0
22907,0,0,3400,0.0,0.0,0.0,0.0,0.0,0.0,0.0,0.0,0.0,0.0,0.0,0.0,0.0,0.0,0.0,0.0,0.0
23156,0,0,3400,0.0,0.0,0.0,0.0,0.0,0.0,0.0,0.0,0.0,0.0,0.0,0.0,0.0,0.0,0.0,0.0,0.0
23405,0,0,3400,0.0,0.0,0.0,0.0,0.0,0.0,0.0,0.0,0.0,0.0,0.0,0.0,0.0,0.0,0.0,0.0,0.0
23654,0,0,3400,0.0,0.0,0.0,0.0,0.0,0.0,0.0,0.0,0.0,0.0,0.0,0.0,0.0,0.0,0.0,0.0,0.0
23903,0,0,3400,0.0,0.0,0.0,0.0,0.0,0.0,0.0,0.0,0.0,0.0,0.0,0.0,0.0,0.0,0.0,0.0,0.0
24152,0,0,3400,0.0,0.0,0.0,0.0,0.0,0.0,0.0,0.0,0.0,0.0,0.0,0.0,0.0,0.0,0.0,0.0,0.0
24401,0,0,3400,0.0,0.0,0.0,0.0,0.0,0.0,0.0,0.0,0.0,0.0,0.0,0.0,0.0,0.0,0.0,0.0,0.0
24650,0,0,3400,0.0,0.0,0.0,0.0,0.0,0.0,0.0,0.0,0.0,0.0,0.0,0.0,0.0,0.0,0.0,0.0,0.0
24899,0,0,3400,0.0,0.0,0.0,0.0,0.0,0.0,0.0,0.0,0.0,0.0,0.0,0.0,0.0,0.0,0.0,0.0,0.0
25148,0,0,3400,0.0,0.0,0.0,0.0,0.0,0.0,0.0,0.0,0.0,0.0,0.0,0.0,0.0,0.0,0.0,0.0,0.0
25397,0,0,3400,0.0,0.0,0.0,0.0,0.0,0.0,0.0,0.0,0.0,0.0,0.0,0.0,0.0,0.0,0.0,0.0,0.0
25646,0,0,3400,0.0,0.0,0.0,0.0,0.0,0.0,0.0,0.0,0.0,0.0,0.0,0.0,0.0,0.0,0.0,0.0,0.0
25895,0,0,3400,0.0,0.0,0.0,0.0,0.0,0.0,0.0,0.0,0.0,0.0,0.0,0.0,0.0,0.0,0.0,0.0,0.0
26144,0,0,3400,0.0,0.0,0.0,0.0,0.0,0.0,0.0,0.0,0.0,0.0,0.0,0.0,0.0,0.0,0.0,0.0,0.0
26393,0,0,3400,0.0,0.0,0.0,0.0,0.0,0.0,0.0,0.0,0.0,0.0,0.0,0.0,0.0,0.0,0.0,0.0,0.0
26642,0,0,3400,0.0,0.0,0.0,0.0,0.0,0.0,0.0,0.0,0.0,0.0,0.0,0.0,0.0,0.0,0.0,0.0,0.0
26891,0,0,3400,0.0,0.0,0.0,0.0,0.0,0.0,0.0,0.0,0.0,0.0,0.0,0.0,0.0,0.0,0.0,0.0,0.0
27140,0,0,3400,0.0,0.0,0.0,0.0,0.0,0.0,0.0,0.0,0.0,0.0,0.0,0.0,0.0,0.0,0.0,0.0,0.0
27389,0,0,3400,0.0,0.0,0.0,0.0,0.0,0.0,0.0,0.0,0.0,0.0,0.0,0.0,0.0,0.0,0.0,0.0,0.0
27638,0,0,3400,0.0,0.0,0.0,0.0,0.0,0.0,0.0,0.0,0.0,0.0,0.0,0.0,0.0,0.0,0.0,0.0,0.0
27887,0,0,3400,0.0,0.0,0.0,0.0,0.0,0.0,0.0,0.0,0.0,0.0,0.0,0.0,0.0,0.0,0.0,0.0,0.0
28136,0,0,3400,0.0,0.0,0.0,0.0,0.0,0.0,0.0,0.0,0.0,0.0,0.0,0.0,0.0,0.0,0.0,0.0,0.0
28385,0,0,3400,0.0,0.0,0.0,0.0,0.0,0.0,0.0,0.0,0.0,0.0,0.0,0.0,0.0,0.0,0.0,0.0,0.0
28634,0,0,3400,0.0,0.0,0.0,0.0,0.0,0.0,0.0,0.0,0.0,0.0,0.0,0.0,0.0,0.0,0.0,0.0,0.0
28883,0,0,3400,0.0,0.0,0.0,0.0,0.0,0.0,0.0,0.0,0.0,0.0,0.0,0.0,0.0,0.0,0.0,0.0,0.0
29132,0,0,3400,0.0,0.0,0.0,0.0,0.0,0.0,0.0,0.0,0.0,0.0,0.0,0.0,0.0,0.0,0.0,0.0,0.0
29381,0,0,3400,0.0,0.0,0.0,0.0,0.0,0.0,0.0,0.0,0.0,0.0,0.0,0.0,0.0,0.0,0.0,0.0,0.0
29630,0,0,3400,0.0,0.0,0.0,0.0,0.0,0.0,0.0,0.0,0.0,0.0,0.0,0.0,0.0,0.0,0.0,0.0,0.0
29879,0,0,3400,0.0,0.0,0.0,0.0,0.0,0.0,0.0,0.0,0.0,0.0,0.0,0.0,0.0,0.0,0.0,0.0,0.0
30128,0,0,3400,0.0,0.0,0.0,0.0,0.0,0.0,0.0,0.0,0.0,0.0,0.0,0.0,0.0,0.0,0.0,0.0,0.0
30377,0,0,3400,0.0,0.0,0.0,0.0,0.0,0.0,0.0,0.0,0.0,0.0,0.0,0.0,0.0,0.0,0.0,0.0,0.0
30626,0,0,3400,0.0,0.0,0.0,0.0,0.0,0.0,0.0,0.0,0.0,0.0,0.0,0.0,0.0,0.0,0.0,0.0,0.0
30875,0,0,3400,0.0,0.0,0.0,0.0,0.0,0.0,0.0,0.0,0.0,0.0,0.0,0.0,0.0,0.0,0.0,0.0,0.0
31124,0,0,3400,0.0,0.0,0.0,0.0,0.0,0.0,0.0,0.0,0.0,0.0,0.0,0.0,0.0,0.0,0.0,0.0,0.0
31373,0,0,3400,0.0,0.0,0.0,0.0,0.0,0.0,0.0,0.0,0.0,0.0,0.0,0.0,0.0,0.0,0.0,0.0,0.0
31622,0,0,3400,0.0,0.0,0.0,0.0,0.0,0.0,0.0,0.0,0.0,0.0,0.0,0.0,0.0,0.0,0.0,0.0,0.0
31871,0,0,3400,0.0,0.0,0.0,0.0,0.0,0.0,0.0,0.0,0.0,0.0,0.0,0.0,0.0,0.0,0.0,0.0,0.0
32120,0,0,3400,0.0,0.0,0.0,0.0,0.0,0.0,0.0,0.0,0.0,0.0,0.0,0.0,0.0,0.0,0.0,0.0,0.0
32369,0,1,3400,0.0,0.0,0.0,0.0,0.0,0.0,0.0,0.0,0.0,0.0,0.0,0.0,0.0,0.0,0.0,0.0,0.0
32618,0,1,3400,0.0,0.0,0.0,0.0,0.0,0.0,0.0,0.0,0.0,0.0,0.0,0.0,0.0,0.0,0.0,0.0,0.0
32867,0,1,3400,-67,67,-80,1.3,22,0.23,2912.000000,0,0.0,0.0,33,224,0,0.0,0.0,0.0,1.0
33116,0,1,3400,-67,67,-93,2.5,22,0.50,0.0,0.0,27,0.0,33,0.0,0.0,0.0,0.0,0.0,1.0
33365,0,1,3400,-67,67,-95,3.6,22,0.50,5056.000000,0,27,7.4,25,94496.000000,0,0.0,0.0,0.0,1.0
33614,0,1,3400,-67,67,-92,7.5,22,0.50,6208.000000,0,27,12,2.0,38656.000000,0,0.0,0.0,0.0,1.0
33863,0,1,3400,-67,67,-93,15,22,0.50,15456.000000,0,27,13,0.0,88128.000000,0,0.0,0.0,0.0,1.0
34112,0,1,3400,-67,67,-91,18,22,0.50,25760.000000,0,27,14,0.0,52992.000000,0,0.0,0.0,0.0,1.0
34361,0,1,3400,-67,67,-91,18,22,0.50,10304.000000,0,27,14,0.0,0.0,0.0,0.0,0.0,0.0,1.0
34610,0,1,3400,-67,67,-92,18,22,0.50,30912.000000,0,27,14,0.0,0.0,0.0,0.0,0.0,0.0,1.0
34859,0,1,3400,-66,66,-90,17,22,0.50,36224.000000,0,27,14,0.0,23488.000000,0,0.0,0.0,0.0,1.0
35108,0,1,3400,-66,66,-88,18,23,0.50,5152.000000,0,27,14,0.0,0.0,0.0,0.0,0.0,0.0,1.0
35357,0,1,3400,-66,66,-89,18,23,0.50,15394.421875,0,27,14,0.0,0.0,0.0,0.0,0.0,0.0,1.0
35606,0,1,3400,-66,66,-87,18,23,0.50,20685.259766,0,27,14,0.0,0.0,0.0,0.0,0.0,0.0,1.0
35855,0,1,3400,-66,66,-87,16,23,0.50,15456.000000,0,27,13,0.0,23488.000000,0,0.0,0.0,0.0,1.0
36104,0,1,3400,-66,66,-88,18,23,0.50,5152.000000,0,27,14,0.0,0.0,0.0,0.0,0.0,0.0,1.0
36353,0,1,3400,-66,66,-92,16,23,0.50,20768.000000,0,27,13,0.0,0.0,0.0,0.0,0.0,0.0,1.0
36602,0,1,3400,-66,66,-93,18,23,0.50,15456.000000,0,27,14,0.0,0.0,0.0,0.0,0.0,0.0,1.0
36851,0,1,3400,-66,66,-94,16,23,0.50,25920.000000,0,27,13,0.0,23488.000000,0,0.0,0.0,0.0,1.0
37100,0,1,3400,-66,66,-95,17,23,0.50,15456.000000,0,27,14,0.0,0.0,0.0,0.0,0.0,0.0,1.0
37349,0,1,3400,-66,66,-93,18,23,0.50,5152.000000,0,27,14,0.0,0.0,0.0,0.0,0.0,0.0,1.0
37598,0,1,3400,-66,66,-90,18,23,0.50,20608.000000,0,27,14,0.0,0.0,0.0,0.0,0.0,0.0,1.0
37847,0,1,3400,-66,66,-89,18,23,0.50,20608.000000,0,27,14,0.0,23488.000000,0,0.0,0.0,0.0,1.0
38096,0,1,3400,-66,66,-87,18,23,0.50,15456.000000,0,27,14,0.0,0.0,0.0,0.0,0.0,0.0,1.0
38345,0,1,3400,-66,66,-92,18,23,0.50,15518.072266,0,27,14,0.0,0.0,0.0,0.0,0.0,0.0,1.0
38594,0,1,3400,-66,66,-90,18,23,0.50,15394.421875,0,27,14,0.0,0.0,0.0,0.0,0.0,0.0,1.0
38843,0,1,3400,-66,66,-91,18,23,0.50,20608.000000,0,27,14,0.0,23488.000000,0,0.0,0.0,0.0,1.0
39092,0,1,3400,-66,66,-91,18,23,0.50,15456.000000,0,27,14,0.0,0.0,0.0,0.0,0.0,0.0,1.0
39341,0,1,3400,-66,66,-90,16,22,0.50,20768.000000,0,27,14,0.0,0.0,0.0,0.0,0.0,0.0,1.0
39590,0,1,3400,-67,67,-92,14,22,0.50,10304.000000,0,27,14,0.0,0.0,0.0,0.0,0.0,0.0,1.0
39839,0,1,3400,-67,67,-93,14,22,0.50,0.0,0.0,27,14,0.0,0.0,0.0,0.0,0.0,0.0,1.0
40088,0,1,3400,-67,67,-89,18,22,0.50,15456.000000,0,27,14,0.0,40544.000000,0,0.0,0.0,0.0,1.0
40337,0,1,3400,-67,67,-92,18,22,0.50,5152.000000,0,27,14,0.0,0.0,0.0,0.0,0.0,0.0,1.0
40586,0,1,3400,-67,67,-87,17,22,0.50,20768.000000,0,27,14,0.0,0.0,0.0,0.0,0.0,0.0,1.0
40835,0,1,3400,-67,67,-92,16,22,0.50,10304.000000,0,27,13,0.0,21952.000000,0,0.0,0.0,0.0,1.0
41084,0,1,3400,-67,67,-92,18,22,0.50,30912.000000,0,27,13,0.0,0.0,0.0,0.0,0.0,0.0,1.0
41333,0,1,3400,-67,67,-90,18,22,0.50,5131.474121,0,27,13,0.0,0.0,0.0,0.0,0.0,0.0,1.0
41582,0,1,3400,-67,67,-88,18,22,0.50,5152.000000,0,27,13,0.0,0.0,0.0,0.0,0.0,0.0,1.0
41831,0,1,3400,-66,66,-89,18,22,0.50,10304.000000,0,27,13,0.0,23488.000000,0,0.0,0.0,0.0,1.0
42080,0,1,3400,-66,66,-92,15,23,0.50,5290.836426,0,27,14,0.0,0.0,0.0,0.0,0.0,0.0,1.0
42329,0,1,3400,-66,66,-88,15,23,0.50,15456.000000,0,27,14,0.0,0.0,0.0,0.0,0.0,0.0,1.0
42578,0,1,3400,-66,66,-92,18,23,0.50,20608.000000,0,27,14,0.0,0.0,0.0,0.0,0.0,0.0,1.0
42827,0,1,3400,-66,66,-94,18,23,0.50,5152.000000,0,27,13,0.0,23488.000000,0,0.0,0.0,0.0,1.0
43076,0,1,3400,-66,66,-90,18,23,0.50,15456.000000,0,27,14,0.0,0.0,0.0,0.0,0.0,0.0,1.0
43325,0,1,3400,-66,66,-85,18,23,0.50,10304.000000,0,27,14,0.0,17056.000000,0,0.0,0.0,0.0,1.0
43574,0,1,3400,-66,66,-86,18,23,0.50,5152.000000,0,27,14,0.0,0.0,0.0,0.0,0.0,0.0,1.0
43823,0,1,3400,-66,66,-89,13,23,0.50,10464.000000,0,27,14,186,0.0,0.0,0.0,0.0,0.0,1.0
44072,0,1,3400,-66,66,-87,16,22,0.50,0.0,0.0,27,14,0.0,23488.000000,0,0.0,0.0,0.0,1.0
44321,0,1,3400,-66,66,-84,16,22,0.50,20685.259766,0,27,14,0.0,0.0,0.0,0.0,0.0,0.0,1.0
44570,0,1,3400,-67,67,-93,14,22,0.50,0.0,0.0,27,14,0.0,0.0,0.0,0.0,0.0,0.0,1.0
44819,0,1,3400,-67,67,-91,14,22,0.50,10345.381836,0,27,14,0.0,23582.330078,0,0.0,0.0,0.0,1.0
45068,0,1,3400,-67,67,-90,14,22,0.50,15712.000000,0,27,14,0.0,0.0,0.0,0.0,0.0,0.0,1.0
45317,0,1,3400,-67,67,-88,15,22,0.50,36384.000000,0,27,14,0.0,0.0,0.0,0.0,0.0,0.0,1.0
45566,0,1,3400,-67,67,-88,15,22,0.50,20768.000000,0,27,14,0.0,0.0,0.0,0.0,0.0,0.0,1.0
45815,0,1,3400,-66,66,-92,16,22,0.50,5152.000000,0,27,14,0.0,0.0,0.0,0.0,0.0,0.0,1.0
46064,0,1,3400,-66,66,-92,16,23,0.50,0.0,0.0,27,14,0.0,0.0,0.0,0.0,0.0,0.0,1.0
46313,0,1,3400,-66,66,-93,17,23,0.50,20608.000000,0,27,14,0.0,23488.000000,0,0.0,0.0,0.0,1.0
46562,0,1,3400,-66,66,-94,18,23,0.50,10304.000000,0,27,14,0.0,0.0,0.0,0.0,0.0,0.0,1.0
46811,0,1,3400,-66,66,-90,18,23,0.50,5152.000000,0,27,13,0.0,24000.000000,0,0.0,0.0,0.0,1.0
47060,0,1,3400,-66,66,-90,18,22,0.50,10304.000000,0,27,12,0.0,0.0,0.0,0.0,0.0,0.0,1.0
47309,0,1,3400,-67,67,-91,18,22,0.50,10262.948242,0,27,12,0.0,0.0,0.0,0.0,0.0,0.0,1.0
47558,0,1,3400,-67,67,-93,18,22,0.50,15456.000000,0,27,12,0.0,0.0,0.0,0.0,0.0,0.0,1.0
47807,0,1,3400,-67,67,-95,16,22,0.50,20928.000000,0,27,12,0.0,22464.000000,0,0.0,0.0,0.0,1.0
48056,0,1,3400,-67,67,-93,16,22,0.50,10304.000000,0,27,12,0.0,0.0,0.0,0.0,0.0,0.0,1.0
48305,0,1,3400,-67,67,-91,17,22,0.50,5152.000000,0,27,12,0.0,0.0,0.0,0.0,0.0,0.0,1.0
48554,0,1,3400,-67,67,-87,18,22,0.50,5131.474121,0,27,12,0.0,0.0,0.0,0.0,0.0,0.0,1.0
48803,0,1,3400,-67,67,-92,18,22,0.50,0.0,0.0,27,12,0.0,0.0,0.0,0.0,0.0,0.0,1.0
49052,0,1,3400,-67,67,-91,18,22,0.50,5152.000000,0,27,12,0.0,22464.000000,0,0.0,0.0,0.0,1.0
49301,0,1,3400,-67,67,-88,18,22,0.50,20608.000000,0,27,12,0.0,0.0,0.0,0.0,0.0,0.0,1.0
49550,0,1,3400,-67,67,-93,18,22,0.50,10304.000000,0,27,12,0.0,0.0,0.0,0.0,0.0,0.0,1.0
49799,0,1,3400,-67,67,-86,12,22,0.50,10720.000000,0,27,12,0.0,0.0,0.0,0.0,0.0,0.0,1.0
50048,0,1,3400,-67,67,-89,16,21,0.50,10262.948242,0,27,12,0.0,22374.501953,0,0.0,0.0,0.0,1.0
50297,0,1,3400,-67,67,-92,17,21,0.50,5152.000000,0,27,12,0.0,0.0,0.0,0.0,0.0,0.0,1.0
50546,0,1,3400,-68,68,-88,14,21,0.50,10816.000000,0,27,12,0.0,0.0,0.0,0.0,0.0,0.0,1.0
50795,0,1,3400,-67,67,-88,15,22,0.50,10304.000000,0,27,12,186,0.0,0.0,0.0,0.0,0.0,1.0
51044,0,1,3400,-67,67,-89,18,22,0.50,5172.690918,0,27,12,0.0,22554.216797,0,0.0,0.0,0.0,1.0
51293,0,1,3400,-67,67,-91,14,22,0.50,15712.000000,0,27,12,0.0,0.0,0.0,0.0,0.0,0.0,1.0
51542,0,1,3400,-67,67,-90,16,22,0.50,10464.000000,0,27,12,0.0,0.0,0.0,0.0,0.0,0.0,1.0
51791,0,1,3400,-67,67,-88,16,22,0.50,10304.000000,0,27,12,0.0,22464.000000,0,0.0,0.0,0.0,1.0
52040,0,1,3400,-67,67,-88,18,22,0.50,5152.000000,0,27,12,0.0,0.0,0.0,0.0,0.0,0.0,1.0
52289,0,1,3400,-67,67,-86,18,21,0.50,10304.000000,0,27,12,0.0,0.0,0.0,0.0,0.0,0.0,1.0
52538,0,1,3400,-68,68,-87,18,21,0.50,15552.000000,0,27,12,0.0,0.0,0.0,0.0,0.0,0.0,1.0
52787,0,1,3400,-67,67,-89,18,22,0.50,15456.000000,0,27,12,0.0,22464.000000,0,0.0,0.0,0.0,1.0
53036,0,1,3400,-67,67,-89,18,22,0.50,5131.474121,0,27,12,0.0,0.0,0.0,0.0,0.0,0.0,1.0
53285,0,1,3400,-67,67,-91,18,22,0.50,10304.000000,0,27,12,0.0,0.0,0.0,0.0,0.0,0.0,1.0
53534,0,1,3400,-67,67,-92,18,22,0.50,10304.000000,0,27,12,0.0,0.0,0.0,0.0,0.0,0.0,1.0
53783,0,1,3400,-66,66,-86,18,22,0.50,10304.000000,0,27,12,0.0,18624.000000,0,0.0,0.0,0.0,1.0
54032,0,1,3400,-66,66,-88,18,23,0.50,0.0,0.0,27,10,0.0,0.0,0.0,0.0,0.0,0.0,1.0
54281,0,1,3400,-66,66,-87,18,23,0.50,20608.000000,0,27,10,0.0,0.0,0.0,0.0,0.0,0.0,1.0
54530,0,1,3400,-66,66,-90,18,23,0.50,15456.000000,0,27,10,0.0,0.0,0.0,0.0,0.0,0.0,1.0
54779,0,1,3400,-66,66,-91,20,23,0.50,20864.000000,0,27,9.3,0.0,16064.000000,0,0.0,0.0,0.0,1.0
55028,0,1,3400,-66,66,-91,19,23,0.50,10262.948242,0,27,8.5,0.0,0.0,0.0,0.0,0.0,0.0,1.0
55277,0,1,3400,-66,66,-88,18,23,0.50,20608.000000,0,27,8.5,0.0,0.0,0.0,0.0,0.0,0.0,1.0
55526,0,1,3400,-66,66,-88,18,23,0.50,15456.000000,0,27,8.5,0.0,0.0,0.0,0.0,0.0,0.0,1.0
55775,0,1,3400,-66,66,-88,18,23,0.50,10262.948242,0,27,8.5,0.0,16000.000000,0,0.0,0.0,0.0,1.0
56024,0,1,3400,-66,66,-92,18,23,0.50,5152.000000,0,27,8.5,0.0,0.0,0.0,0.0,0.0,0.0,1.0
56273,0,1,3400,-66,66,-90,18,23,0.50,15456.000000,0,27,8.5,0.0,0.0,0.0,0.0,0.0,0.0,1.0
56522,0,1,3400,-66,66,-88,18,23,0.50,20608.000000,0,27,8.5,0.0,0.0,0.0,0.0,0.0,0.0,1.0
56771,0,1,3400,-66,66,-89,18,23,0.50,5152.000000,0,27,8.5,0.0,0.0,0.0,0.0,0.0,0.0,1.0
57020,0,1,3400,-66,66,-87,15,23,0.50,11200.000000,0,27,8.5,186,0.0,0.0,0.0,0.0,0.0,1.0
57269,0,1,3400,-66,66,-93,6.5,23,0.50,0.0,0.0,27,3.4,0.0,12064.000000,0,0.0,0.0,0.0,1.0
57518,0,1,3400,-66,66,-88,6.5,23,0.50,0.0,0.0,27,1.0,0.0,0.0,0.0,0.0,0.0,0.0,1.0
57767,0,1,3400,-66,66,-90,6.5,23,0.50,0.0,0.0,27,1.0,0.0,0.0,0.0,0.0,0.0,0.0,1.0
58016,0,1,3400,-66,66,-88,7.7,23,0.50,11008.000000,0,27,1.0,186,0.0,0.0,0.0,0.0,0.0,1.0
58265,0,1,3400,-66,66,-90,6.8,23,0.50,18912.000000,0,27,1.1,0.0,22432.000000,8,0.0,0.0,0.0,1.0
58514,0,1,3400,-66,66,-89,3.3,23,0.50,39904.000000,0,27,0.0,0.0,0.0,0.0,0.0,0.0,0.0,1.0
58763,0,1,3400,-65,65,-86,13,23,0.50,20525.896484,0,27,0.0,174,0.0,80,0.0,0.0,0.0,1.0
59012,0,1,3400,-65,65,-89,18,23,0.50,5152.000000,0,27,0.0,174,0.0,0.0,0.0,0.0,0.0,1.0
59261,0,1,3400,-65,65,-93,13,23,0.50,32448.000000,0,27,0.18,0.0,17728.000000,29,0.0,0.0,0.0,1.0
59510,0,1,3400,-65,65,-89,11,24,0.50,5248.000000,0,27,0.99,0.0,0.0,0.0,0.0,0.0,0.0,1.0
59759,0,1,3400,-65,65,-93,10,24,0.50,5248.000000,0,27,0.84,0.0,1568.000000,30,0.0,0.0,0.0,1.0
60008,0,1,3400,-65,65,-90,12,24,0.50,21120.000000,0,27,13,0.0,3136.000000,89,0.0,0.0,0.0,1.0
60257,0,1,3400,-65,65,-87,11,24,0.50,16032.000000,0,27,14,0.0,0.0,0.0,0.0,0.0,0.0,1.0
60506,0,1,3400,-65,65,-89,12,24,0.50,5312.000000,0,27,14,0.0,0.0,0.0,0.0,0.0,0.0,1.0
60755,0,1,3400,-64,64,-91,12,24,0.50,0.0,0.0,27,14,0.0,0.0,0.0,0.0,0.0,0.0,1.0
61004,0,1,3400,-64,64,-89,13,24,0.50,10624.000000,0,27,8.5,0.0,2880.000000,57,0.0,0.0,0.0,1.0
61253,0,1,3400,-64,64,-91,12,24,0.51,10624.000000,20,27,2.0,0.0,0.0,0.0,0.0,0.0,0.0,1.0
61502,0,1,3400,-64,64,-87,11,24,0.50,5290.836426,0,27,2.0,0.0,0.0,0.0,0.0,0.0,0.0,1.0
61751,0,1,3400,-63,63,-91,12,24,0.50,16000.000000,0,27,1.5,144,0.0,80,0.0,0.0,0.0,1.0
62000,0,1,3400,-63,63,-87,18,25,0.50,20672.000000,0,27,1.0,24,1568.000000,0,0.0,0.0,0.0,1.0
62249,0,1,3400,-63,63,-91,22,25,0.50,10304.000000,0,27,0.65,0.0,10624.000000,48,0.0,0.0,0.0,1.0
62498,0,1,3400,-63,63,-90,20,25,0.50,26144.000000,0,27,0.0,0.0,0.0,0.0,0.0,0.0,0.0,1.0
62747,0,1,3400,-63,63,-90,4.6,25,0.50,22208.000000,0,27,2.4,0.0,25472.000000,32,0.0,0.0,0.0,1.0
62996,0,1,3400,-63,63,-90,7.5,25,0.50,18784.000000,0,27,3.5,0.0,0.0,0.0,0.0,0.0,0.0,1.0
63245,0,1,3400,-63,63,-90,0.0,25,0.50,15840.000000,0,27,3.5,0.0,0.0,0.0,0.0,0.0,0.0,1.0
63494,0,1,3400,-63,63,-85,1.0,25,0.50,19744.000000,0,27,3.5,0.0,0.0,0.0,0.0,0.0,0.0,1.0
63743,0,1,3400,-62,62,-91,3.1,26,0.50,17536.000000,0,27,5.4,0.0,0.0,80,0.0,0.0,0.0,1.0
63992,0,1,3400,-62,62,-88,2.9,26,0.50,5204.819336,0,27,7.5,0.0,0.0,0.0,0.0,0.0,0.0,1.0
64241,0,1,3400,-62,62,-88,5.6,26,0.50,18167.330078,0,27,7.5,0.0,0.0,0.0,0.0,0.0,0.0,1.0
64490,0,1,3400,-62,62,-88,14,26,0.50,15518.072266,0,27,7.5,0.0,0.0,0.0,0.0,0.0,0.0,1.0
64739,0,1,3400,-61,61,-89,18,26,0.50,15394.421875,0,27,4.6,0.0,20780.876953,22,0.0,0.0,0.0,1.0
64988,0,1,3400,-61,61,-92,18,26,0.50,20608.000000,0,27,2.0,0.0,0.0,0.0,0.0,0.0,0.0,1.0
65237,0,1,3400,-61,61,-93,18,26,0.50,25760.000000,0,27,2.0,0.0,0.0,0.0,0.0,0.0,0.0,1.0
65486,0,1,3400,-61,61,-92,16,27,0.50,21344.000000,0,27,2.0,0.0,0.0,0.0,0.0,0.0,0.0,1.0
65735,0,1,3400,-60,60,-88,18,27,0.50,10304.000000,0,27,2.8,0.0,0.0,80,0.0,0.0,0.0,1.0
65984,0,1,3400,-60,60,-87,10,27,0.50,10688.000000,0,27,4.5,0.0,0.0,0.0,0.0,0.0,0.0,1.0
66233,0,1,3400,-60,60,-86,9.9,28,0.50,15936.000000,0,27,4.5,0.0,0.0,0.0,0.0,0.0,0.0,1.0
66482,0,1,3400,-60,60,-92,10,28,0.50,21472.000000,0,27,4.5,0.0,0.0,0.0,0.0,0.0,0.0,1.0
66731,0,1,3400,-60,60,-90,11,28,0.50,26112.000000,0,27,2.5,0.0,6880.000000,0,0.0,0.0,0.0,1.0
66980,0,1,3400,-60,60,-88,18,27,0.50,20864.000000,0,27,0.0,0.0,0.0,0.0,0.0,0.0,0.0,1.0
67229,0,1,3400,-60,60,-85,14,27,0.50,24672.000000,0,27,0.0,0.0,0.0,0.0,0.0,0.0,0.0,1.0
67478,0,1,3400,-60,60,-84,18,27,0.50,20525.896484,0,27,0.0,0.0,0.0,0.0,0.0,0.0,0.0,1.0
67727,0,1,3400,-60,60,-84,18,27,0.50,0.0,0.0,27,0.0,0.0,0.0,0.0,0.0,0.0,0.0,1.0
67976,0,1,3400,-60,60,-86,15,27,0.50,5408.000000,0,27,0.0,0.0,11616.000000,7,0.0,0.0,0.0,1.0
68225,0,1,3400,-60,60,-90,7.0,27,0.50,0.0,0.0,27,0.0,0.0,0.0,0.0,0.0,0.0,0.0,1.0
68474,0,1,3400,-60,60,-88,9.2,28,0.50,5152.000000,0,27,0.0,0.0,0.0,0.0,0.0,0.0,0.0,1.0
68723,0,1,3400,-59,59,-88,5.3,28,0.50,23872.000000,0,27,0.90,0.0,36768.000000,27,0.0,0.0,0.0,1.0
68972,0,1,3400,-59,59,-92,11,28,0.50,10304.000000,0,27,0.0,0.0,0.0,0.0,0.0,0.0,0.0,1.0
69221,0,1,3400,-59,59,-89,18,28,0.50,15456.000000,0,27,0.0,0.0,0.0,0.0,0.0,0.0,0.0,1.0
69470,0,1,3400,-59,59,-87,18,28,0.50,10304.000000,0,27,0.0,0.0,0.0,0.0,0.0,0.0,0.0,1.0
69719,0,1,3400,-59,59,-87,9.6,28,0.50,11072.000000,0,27,0.85,0.0,13728.000000,0,0.0,0.0,0.0,1.0
69968,0,1,3400,-59,59,-85,5.2,28,0.50,16512.000000,0,27,2.0,0.0,0.0,0.0,0.0,0.0,0.0,1.0
70217,0,1,3400,-59,59,-86,4.5,28,0.50,0.0,0.0,27,2.0,0.0,0.0,0.0,0.0,0.0,0.0,1.0
70466,0,1,3400,-60,60,-85,8.5,27,0.50,10262.948242,0,27,2.0,0.0,0.0,0.0,0.0,0.0,0.0,1.0
70715,0,1,3400,-60,60,-86,15,27,0.50,15456.000000,0,27,0.88,0.0,15712.000000,5,0.0,0.0,0.0,1.0
70964,0,1,3400,-60,60,-86,14,27,0.50,20722.890625,0,27,0.0,0.0,0.0,0.0,0.0,0.0,0.0,1.0
71213,0,1,3400,-61,61,-92,7.7,27,0.50,8096.000000,0,27,0.0,0.0,0.0,0.0,0.0,0.0,0.0,1.0
71462,0,1,3400,-61,61,-96,7.7,27,0.50,26368.000000,0,27,0.0,0.0,0.0,0.0,0.0,0.0,0.0,1.0
71711,0,1,3400,-61,61,-91,14,27,0.50,16128.000000,0,27,0.24,0.0,19968.000000,8,0.0,0.0,0.0,1.0
71960,0,1,3400,-61,61,-87,2.2,27,0.50,11968.000000,0,27,0.0,0.0,0.0,0.0,0.0,0.0,0.0,1.0
72209,0,1,3400,-61,61,-91,0.62,27,0.50,9696.000000,0,27,0.0,0.0,0.0,0.0,0.0,0.0,0.0,1.0
72458,0,1,3400,-61,61,-88,4.4,27,0.50,16608.000000,0,27,0.0,0.0,0.0,0.0,0.0,0.0,0.0,1.0
72707,0,1,3400,-60,60,-87,7.7,27,0.50,15936.000000,0,27,0.13,0.0,11136.000000,0,0.0,0.0,0.0,1.0
72956,0,1,3400,-60,60,-88,14,27,0.50,0.0,0.0,27,0.0,0.0,0.0,0.0,0.0,0.0,0.0,1.0
73205,0,1,3400,-60,60,-90,13,27,0.50,16128.000000,0,27,0.0,0.0,0.0,0.0,0.0,0.0,0.0,1.0
73454,0,1,3400,-60,60,-93,15,27,0.50,30788.843750,0,27,0.0,0.0,0.0,0.0,0.0,0.0,0.0,1.0
73703,0,1,3400,-60,60,-91,14,27,0.50,17056.000000,0,27,1.3,0.0,23584.000000,14,0.0,0.0,0.0,1.0
73952,0,1,3400,-60,60,-88,6.7,27,0.50,12896.000000,0,27,3.5,0.0,0.0,0.0,0.0,0.0,0.0,1.0
74201,0,1,3400,-60,60,-90,5.6,28,0.50,16192.000000,0,27,3.5,0.0,0.0,0.0,0.0,0.0,0.0,1.0
74450,0,1,3400,-60,60,-91,5.1,28,0.50,22976.000000,0,27,3.5,0.0,0.0,0.0,0.0,0.0,0.0,1.0
74699,0,1,3400,-60,60,-87,4.5,28,0.50,829,0,27,3.5,0.0,0.0,0.0,0.0,0.0,0.0,1.0
74948,0,1,3400,-60,60,-87,10,28,0.50,5152.000000,0,27,2.3,0.0,19424.000000,0,0.0,0.0,0.0,1.0
75197,0,1,3400,-60,60,-90,13,28,0.50,15456.000000,0,27,2.0,0.0,0.0,0.0,0.0,0.0,0.0,1.0
75446,0,1,3400,-60,60,-90,18,28,0.50,5152.000000,0,27,2.0,0.0,0.0,0.0,0.0,0.0,0.0,1.0
75695,0,1,3400,-60,60,-91,15,27,0.50,26592.000000,0,27,1.9,0.0,24352.000000,23,0.0,0.0,0.0,1.0
75944,0,1,3400,-60,60,-94,9.0,27,0.50,15456.000000,0,27,2.0,0.0,0.0,0.0,0.0,0.0,0.0,1.0
76193,0,1,3400,-60,60,-96,14,27,0.50,20525.896484,0,27,2.0,0.0,0.0,0.0,0.0,0.0,0.0,1.0
76442,0,1,3400,-60,60,-91,18,27,0.50,15456.000000,0,27,2.0,0.0,0.0,0.0,0.0,0.0,0.0,1.0
76691,0,1,3400,-60,60,-89,17,27,0.50,31616.000000,0,27,1.2,0.0,8416.000000,39,0.0,0.0,0.0,1.0
76940,0,1,3400,-60,60,-86,12,27,0.50,10304.000000,0,27,0.0,0.0,0.0,0.0,0.0,0.0,0.0,1.0
77189,0,1,3400,-60,60,-88,14,28,0.50,15518.072266,0,27,0.0,0.0,0.0,0.0,0.0,0.0,0.0,1.0
77438,0,1,3400,-60,60,-89,16,28,0.50,10304.000000,0,27,0.0,0.0,0.0,0.0,0.0,0.0,0.0,1.0
77687,0,1,3400,-60,60,-95,18,28,0.50,5152.000000,0,27,0.34,0.0,8672.000000,0,0.0,0.0,0.0,1.0
77936,0,1,3400,-60,60,-96,18,28,0.50,5152.000000,0,27,0.50,0.0,0.0,0.0,0.0,0.0,0.0,1.0
78185,0,1,3400,-60,60,-91,18,28,0.50,5152.000000,0,27,0.50,0.0,0.0,0.0,0.0,0.0,0.0,1.0
78434,0,1,3400,-60,60,-93,18,28,0.50,15456.000000,0,27,0.50,0.0,0.0,0.0,0.0,0.0,0.0,1.0
78683,0,1,3400,-60,60,-86,18,27,0.50,10304.000000,0,27,0.18,0.0,13856.000000,0,0.0,0.0,0.0,1.0
78932,0,1,3400,-60,60,-86,18,27,0.50,10304.000000,0,27,0.0,0.0,0.0,0.0,0.0,0.0,0.0,1.0
79181,0,1,3400,-61,61,-88,18,27,0.50,20525.896484,0,27,0.0,0.0,0.0,0.0,0.0,0.0,0.0,1.0
79430,0,1,3400,-61,61,-84,18,26,0.50,15456.000000,0,27,0.0,0.0,0.0,0.0,0.0,0.0,0.0,1.0
79679,0,1,3400,-61,61,-87,18,27,0.50,0.0,0.0,27,0.0,0.0,0.0,0.0,0.0,0.0,0.0,1.0
79928,0,1,3400,-61,61,-91,15,26,0.50,13248.000000,0,27,0.13,0.0,15520.000000,13,0.0,0.0,0.0,1.0
80177,0,1,3400,-62,62,-89,0.0,26,0.50,0.0,0.0,27,0.0,0.0,0.0,0.0,0.0,0.0,0.0,1.0
80426,0,1,3400,-62,62,-91,5.4,26,0.50,10912.000000,0,27,0.0,0.0,0.0,0.0,0.0,0.0,0.0,1.0
80675,0,1,3400,-62,62,-95,9.7,26,0.63,10304.000000,33,27,0.024,0.0,27264.000000,24,0.0,0.0,0.0,1.0
80924,0,1,3400,-62,62,-89,19,26,0.50,20768.000000,0,27,0.0,0.0,0.0,0.0,0.0,0.0,0.0,1.0
81173,0,1,3400,-62,62,-85,16,26,0.50,15936.254883,0,27,0.0,0.0,0.0,0.0,0.0,0.0,0.0,1.0
81422,0,1,3400,-62,62,-89,10,26,0.50,11936.000000,0,27,0.0,0.0,0.0,0.0,0.0,0.0,0.0,1.0
81671,0,1,3400,-62,62,-87,11,26,0.50,5152.000000,0,27,0.0,0.0,10208.000000,12,0.0,0.0,0.0,1.0
81920,0,1,3400,-62,62,-89,16,26,0.50,20704.000000,0,27,0.0,0.0,0.0,0.0,0.0,0.0,0.0,1.0
82169,0,1,3400,-62,62,-88,18,26,0.50,0.0,0.0,27,0.0,0.0,0.0,0.0,0.0,0.0,0.0,1.0
82418,0,1,3400,-62,62,-87,18,26,0.50,5152.000000,0,27,0.0,0.0,0.0,0.0,0.0,0.0,0.0,1.0
82667,0,1,3400,-62,62,-87,17,26,0.50,20704.000000,0,27,0.0,0.0,11616.000000,12,0.0,0.0,0.0,1.0
82916,0,1,3400,-62,62,-89,14,26,0.50,5333.333496,0,27,0.0,0.0,1574.297241,0,0.0,0.0,0.0,1.0
83165,0,1,3400,-62,62,-91,13,26,0.50,0.0,0.0,27,0.0,0.0,0.0,0.0,0.0,0.0,0.0,1.0
83414,0,1,3400,-62,62,-93,13,26,0.50,0.0,0.0,27,0.0,0.0,0.0,0.0,0.0,0.0,0.0,1.0
83663,0,1,3400,-62,62,-92,9.6,26,0.50,26240.000000,0,27,0.56,0.0,17440.000000,19,0.0,0.0,0.0,1.0
83912,0,1,3400,-62,62,-88,15,26,0.50,5312.000000,0,27,0.98,0.0,0.0,0.0,0.0,0.0,0.0,1.0
84161,0,1,3400,-62,62,-87,8.0,26,0.50,11552.000000,0,27,1.0,0.0,0.0,0.0,0.0,0.0,0.0,1.0
84410,0,1,3400,-62,62,-88,0.0,26,0.50,6176.000000,0,27,1.0,0.0,0.0,0.0,0.0,0.0,0.0,1.0
84659,0,1,3400,-62,62,-88,4.0,26,0.50,42016.000000,0,27,3.2,0.0,35520.000000,39,0.0,0.0,0.0,1.0
84908,0,1,3400,-62,62,-87,13,26,0.50,10304.000000,0,27,7.0,0.0,0.0,0.0,0.0,0.0,0.0,1.0
85157,0,1,3400,-62,62,-87,10,25,0.50,0.0,0.0,27,7.0,0.0,0.0,0.0,0.0,0.0,0.0,1.0
85406,0,1,3400,-62,62,-90,8.6,26,0.50,17792.000000,0,27,7.0,0.0,0.0,0.0,0.0,0.0,0.0,1.0
85655,0,1,3400,-61,61,-86,1.5,26,0.50,5728.000000,0,27,5.5,0.0,25312.000000,24,0.0,0.0,0.0,1.0
85904,0,1,3400,-61,61,-83,4.1,26,0.50,17312.000000,0,27,2.0,0.0,0.0,0.0,0.0,0.0,0.0,1.0
86153,0,1,3400,-61,61,-88,3.0,27,0.50,17504.000000,0,27,2.0,0.0,0.0,0.0,0.0,0.0,0.0,1.0
86402,0,1,3400,-61,61,-88,1.4,27,0.50,16992.000000,0,27,2.0,0.0,0.0,0.0,0.0,0.0,0.0,1.0
86651,0,1,3400,-61,61,-87,6.7,27,0.50,16960.000000,0,27,1.4,0.0,12512.000000,13,0.0,0.0,0.0,1.0
86900,0,1,3400,-61,61,-86,8.3,26,0.50,16320.000000,0,27,0.99,0.0,0.0,0.0,0.0,0.0,0.0,1.0
87149,0,1,3400,-61,61,-89,6.2,26,0.50,5632.000000,0,27,0.99,0.0,0.0,0.0,0.0,0.0,0.0,1.0
87398,0,1,3400,-62,62,-87,3.8,26,0.50,16640.000000,0,27,1.0,0.0,0.0,0.0,0.0,0.0,0.0,1.0
87647,0,1,3400,-62,62,-85,6.8,26,0.50,10304.000000,0,27,1.2,0.0,7584.000000,35,0.0,0.0,0.0,1.0
87896,0,1,3400,-62,62,-87,18,26,0.50,0.0,0.0,27,0.0,0.0,0.0,0.0,0.0,0.0,0.0,1.0
88145,0,1,3400,-62,62,-87,18,25,0.50,0.0,0.0,27,0.0,0.0,0.0,0.0,0.0,0.0,0.0,1.0
88394,0,1,3400,-62,62,-86,18,25,0.50,20608.000000,0,27,0.0,0.0,0.0,0.0,0.0,0.0,0.0,1.0
88643,0,1,3400,-62,62,-87,18,26,0.50,0.0,0.0,27,0.0,0.0,0.0,0.0,0.0,0.0,0.0,1.0
88892,0,1,3400,-62,62,-85,5.4,25,0.50,27296.000000,0,27,0.0,0.0,14112.000000,6,0.0,0.0,0.0,1.0
89141,0,1,3400,-63,63,-87,4.2,25,0.69,17248.000000,9,27,0.0,0.0,0.0,0.0,0.0,0.0,0.0,1.0
89390,0,1,3400,-63,63,-85,8.0,25,0.56,15616.000000,0,27,0.0,0.0,0.0,0.0,0.0,0.0,0.0,1.0
89639,0,1,3400,-63,63,-83,18,25,0.50,20608.000000,0,27,0.0,0.0,16928.000000,21,0.0,0.0,0.0,1.0
89888,0,1,3400,-63,63,-92,18,25,0.50,10345.381836,0,27,0.0,0.0,0.0,0.0,0.0,0.0,0.0,1.0
90137,0,1,3400,-63,63,-88,18,25,0.50,10262.948242,0,27,0.0,0.0,0.0,0.0,0.0,0.0,0.0,1.0
90386,0,1,3400,-63,63,-85,6.6,25,0.50,22425.703125,0,27,0.0,0.0,0.0,0.0,0.0,0.0,0.0,1.0
90635,0,1,3400,-63,63,-83,4.0,25,0.50,0.0,0.0,27,0.0,0.0,0.0,0.0,0.0,0.0,0.0,1.0
90884,0,1,3400,-63,63,-86,4.3,25,0.50,10784.000000,0,27,0.0,186,0.0,0.0,0.0,0.0,0.0,1.0
91133,0,1,3400,-63,63,-85,5.7,25,0.50,5482.071777,0,27,0.13,0.0,11091.633789,21,0.0,0.0,0.0,1.0
91382,0,1,3400,-63,63,-88,6.0,25,0.50,0.0,0.0,27,0.0,0.0,0.0,0.0,0.0,0.0,0.0,1.0
91631,0,1,3400,-63,63,-90,8.1,25,0.51,27456.000000,0,27,2.8,0.0,0.0,80,0.0,0.0,0.0,1.0
91880,0,1,3400,-63,63,-92,16,25,0.63,10464.000000,0,27,6.0,0.0,0.0,0.0,0.0,0.0,0.0,1.0
92129,0,1,3400,-63,63,-90,16,25,0.50,36224.000000,0,27,6.0,0.0,0.0,0.0,0.0,0.0,0.0,1.0
92378,0,1,3400,-63,63,-89,18,25,0.50,0.0,0.0,27,6.0,0.0,0.0,0.0,0.0,0.0,0.0,1.0
92627,0,1,3400,-63,63,-85,18,25,0.50,15616.000000,0,27,3.4,0.0,4512.000000,50,0.0,0.0,0.0,1.0
92876,0,1,3400,-63,63,-87,18,25,0.50,31072.000000,0,27,0.99,0.0,0.0,0.0,0.0,0.0,0.0,1.0
93125,0,1,3400,-63,63,-92,14,25,0.50,15744.000000,0,27,1.0,0.0,0.0,0.0,0.0,0.0,0.0,1.0
93374,0,1,3400,-63,63,-89,10,25,0.50,22400.000000,0,27,1.0,0.0,0.0,0.0,0.0,0.0,0.0,1.0
93623,0,1,3400,-63,63,-87,13,25,0.50,10624.000000,0,27,1.2,60,0.0,80,0.0,0.0,0.0,1.0
93872,0,1,3400,-63,63,-84,18,25,0.50,15456.000000,0,27,2.0,60,0.0,0.0,0.0,0.0,0.0,1.0
94121,0,1,3400,-63,63,-91,18,25,0.65,36334.660156,0,27,1.1,0.0,3442.230957,50,0.0,0.0,0.0,1.0
94370,0,1,3400,-63,63,-93,18,25,0.61,15553.785156,0,27,0.0,0.0,0.0,0.0,0.0,0.0,0.0,1.0
94619,0,1,3400,-62,62,-85,20,25,0.50,15616.000000,0,27,0.46,0.0,7616.000000,31,0.0,0.0,0.0,1.0
94868,0,1,3400,-62,62,-89,18,26,0.50,5152.000000,0,27,0.0,0.0,0.0,0.0,0.0,0.0,0.0,1.0
95117,0,1,3400,-62,62,-85,18,26,0.50,5152.000000,0,27,0.0,0.0,0.0,0.0,0.0,0.0,0.0,1.0
95366,0,1,3400,-62,62,-89,12,26,0.50,5376.000000,0,27,0.0,0.0,0.0,0.0,0.0,0.0,0.0,1.0
95615,0,1,3400,-62,62,-90,8.0,26,0.50,0.0,0.0,27,0.0,0.0,0.0,0.0,0.0,0.0,0.0,1.0
95864,0,1,3400,-62,62,-89,6.6,26,0.50,17664.000000,0,27,0.0,0.0,16032.000000,25,0.0,0.0,0.0,1.0
96113,0,1,3400,-62,62,-89,16,25,0.50,10528.000000,0,27,0.0,0.0,1568.000000,80,0.0,0.0,0.0,1.0
96362,0,1,3400,-63,63,-86,18,25,0.50,20608.000000,0,27,0.0,0.0,0.0,0.0,0.0,0.0,0.0,1.0
96611,0,1,3400,-63,63,-83,18,25,0.50,10304.000000,0,27,0.0,0.0,16608.000000,36,0.0,0.0,0.0,1.0
96860,0,1,3400,-63,63,-89,18,24,0.50,25920.000000,0,27,0.0,0.0,0.0,0.0,0.0,0.0,0.0,1.0
97109,0,1,3400,-64,64,-91,17,24,0.50,20704.000000,0,27,0.0,0.0,0.0,0.0,0.0,0.0,0.0,1.0
97358,0,1,3400,-64,64,-89,18,24,0.50,15552.000000,0,27,0.0,0.0,0.0,0.0,0.0,0.0,0.0,1.0
97607,0,1,3400,-64,64,-86,17,24,0.50,15552.000000,0,27,0.0,186,0.0,0.0,0.0,0.0,0.0,1.0
97856,0,1,3400,-64,64,-88,16,24,0.50,10304.000000,0,27,0.0,0.0,12064.000000,43,0.0,0.0,0.0,1.0
98105,0,1,3400,-64,64,-87,17,24,0.50,10400.000000,0,27,0.0,0.0,0.0,0.0,0.0,0.0,0.0,1.0
98354,0,1,3400,-64,64,-86,18,24,0.50,10304.000000,0,27,0.0,0.0,0.0,0.0,0.0,0.0,0.0,1.0
98603,0,1,3400,-64,64,-88,18,24,0.50,10304.000000,0,27,0.0,0.0,12832.000000,47,0.0,0.0,0.0,1.0
98852,0,1,3400,-64,64,-86,13,24,0.50,15712.000000,0,27,0.0,0.0,0.0,0.0,0.0,0.0,0.0,1.0
99101,0,1,3400,-64,64,-84,15,24,0.50,31136.000000,0,27,0.0,0.0,0.0,0.0,0.0,0.0,0.0,1.0
99350,0,1,3400,-65,65,-82,18,23,0.50,30912.000000,0,27,0.0,0.0,0.0,0.0,0.0,0.0,0.0,1.0
99599,0,1,3400,-65,65,-86,18,23,0.50,15456.000000,0,27,0.0,0.0,16768.000000,19,0.0,0.0,0.0,1.0
99848,0,1,3400,-65,65,-90,18,23,0.50,5152.000000,0,27,0.0,0.0,0.0,0.0,0.0,0.0,0.0,1.0
100097,0,1,3400,-66,66,-88,18,23,0.50,10262.948242,0,27,0.0,0.0,0.0,0.0,0.0,0.0,0.0,1.0
100346,0,1,3400,-66,66,-84,21,23,0.96,15584.000000,0,27,0.0,0.0,0.0,0.0,0.0,0.0,0.0,1.0
100595,0,1,3400,-65,65,-85,21,23,1.0,0.0,0.0,27,0.0,0.0,0.0,0.0,0.0,0.0,0.0,1.0
100844,0,1,3400,-65,65,-88,21,23,0.97,10262.948242,0,27,0.0,0.0,17147.410156,41,0.0,0.0,0.0,1.0
101093,0,1,3400,-65,65,-87,18,23,0.50,10304.000000,0,27,0.0,0.0,0.0,0.0,0.0,0.0,0.0,1.0
101342,0,1,3400,-65,65,-85,18,23,0.50,25760.000000,0,27,0.0,0.0,0.0,0.0,0.0,0.0,0.0,1.0
101591,0,1,3400,-65,65,-86,18,24,0.50,10304.000000,0,27,0.0,0.0,10720.000000,37,0.0,0.0,0.0,1.0
101840,0,1,3400,-65,65,-87,17,24,0.50,10432.000000,0,27,0.0,0.0,1568.000000,50,0.0,0.0,0.0,1.0
102089,0,1,3400,-65,65,-81,15,24,0.50,10304.000000,0,27,0.0,0.0,0.0,0.0,0.0,0.0,0.0,1.0
102338,0,1,3400,-65,65,-84,13,24,0.50,5152.000000,0,27,0.0,0.0,0.0,0.0,0.0,0.0,0.0,1.0
102587,0,1,3400,-65,65,-85,17,23,0.50,15648.000000,0,27,0.0,0.0,12512.000000,48,0.0,0.0,0.0,1.0
102836,0,1,3400,-65,65,-85,18,24,0.50,5152.000000,0,27,0.0,0.0,0.0,0.0,0.0,0.0,0.0,1.0
103085,0,1,3400,-65,65,-83,18,23,0.50,10304.000000,0,27,0.0,0.0,0.0,0.0,0.0,0.0,0.0,1.0
103334,0,1,3400,-65,65,-85,18,23,0.50,15456.000000,0,27,0.0,0.0,0.0,0.0,0.0,0.0,0.0,1.0
103583,0,1,3400,-65,65,-82,18,23,0.50,25760.000000,0,27,0.0,0.0,6912.000000,45,0.0,0.0,0.0,1.0
103832,0,1,3400,-65,65,-84,18,23,0.50,15456.000000,0,27,0.0,0.0,0.0,0.0,0.0,0.0,0.0,1.0
104081,0,1,3400,-65,65,-84,18,24,0.50,25760.000000,0,27,0.0,0.0,0.0,0.0,0.0,0.0,0.0,1.0
104330,0,1,3400,-65,65,-87,18,24,0.50,5152.000000,0,27,0.0,0.0,0.0,0.0,0.0,0.0,0.0,1.0
104579,0,1,3400,-64,64,-82,16,24,0.50,15552.000000,0,27,0.0,0.0,19424.000000,32,0.0,0.0,0.0,1.0
104828,0,1,3400,-64,64,-88,5.5,24,0.50,10528.000000,0,27,0.0,0.0,0.0,0.0,0.0,0.0,0.0,1.0
105077,0,1,3400,-64,64,-87,4.9,24,0.50,10656.000000,0,27,0.0,0.0,0.0,0.0,0.0,0.0,0.0,1.0
105326,0,1,3400,-64,64,-85,4.5,24,0.50,35328.000000,0,27,0.0,0.0,0.0,0.0,0.0,0.0,0.0,1.0
105575,0,1,3400,-63,63,-84,2.7,25,0.50,14400.000000,0,27,0.0,186,0.0,0.0,0.0,0.0,0.0,1.0
105824,0,1,3400,-63,63,-88,0.024,25,0.50,0.0,0.0,27,5.0,0.0,0.0,80,0.0,0.0,0.0,1.0
106073,0,1,3400,-63,63,-88,0.024,25,0.50,6151.394531,0,27,6.0,0.0,0.0,0.0,0.0,0.0,0.0,1.0
106322,0,1,3400,-63,63,-87,0.024,25,0.50,24864.000000,0,27,6.0,0.0,0.0,0.0,0.0,0.0,0.0,1.0
106571,0,1,3400,-63,63,-85,4.8,25,0.50,28832.000000,0,27,4.3,0.0,2048.000000,70,0.0,0.0,0.0,1.0
106820,0,1,3400,-63,63,-83,9.0,25,0.50,15456.000000,0,27,0.0,0.0,0.0,0.0,0.0,0.0,0.0,1.0
107069,0,1,3400,-63,63,-88,16,25,0.50,15552.000000,0,27,0.0,0.0,0.0,0.0,0.0,0.0,0.0,1.0
107318,0,1,3400,-63,63,-89,18,25,0.50,15490.040039,0,27,0.0,0.0,0.0,0.0,0.0,0.0,0.0,1.0
107567,0,1,3400,-63,63,-89,18,25,0.50,15456.000000,0,27,0.0,0.0,3776.000000,57,0.0,0.0,0.0,1.0
107816,0,1,3400,-63,63,-88,18,25,0.50,10304.000000,0,27,0.0,0.0,0.0,100.000000,0.0,0.0,0.0,1.0
108065,0,1,3400,-64,64,-88,18,25,0.50,20608.000000,0,27,0.0,0.0,0.0,0.0,0.0,0.0,0.0,1.0
108314,0,1,3400,-64,64,-84,18,24,0.50,10304.000000,0,27,0.0,0.0,0.0,0.0,0.0,0.0,0.0,1.0
108563,0,1,3400,-64,64,-89,18,24,0.50,10304.000000,0,27,0.0,186,0.0,0.0,0.0,0.0,0.0,1.0
108812,0,1,3400,-64,64,-90,18,24,0.50,10304.000000,0,27,0.0,144,0.0,80,0.0,0.0,0.0,1.0
109061,0,1,3400,-64,64,-85,9.9,24,0.50,11282.868164,0,27,0.67,74,2454.183350,33,0.0,0.0,0.0,1.0
109310,0,1,3400,-64,64,-85,15,24,0.50,10304.000000,0,27,1.0,0.0,2816.000000,50,0.0,0.0,0.0,1.0
109559,0,1,3400,-63,63,-82,18,24,0.50,20608.000000,0,27,0.48,112,0.0,83,0.0,0.0,0.0,1.0
109808,0,1,3400,-63,63,-82,18,25,0.50,15518.072266,0,27,1.0,112,0.0,0.0,0.0,0.0,0.0,1.0
110057,0,1,3400,-63,63,-87,18,25,0.50,5152.000000,0,27,0.63,0.0,1568.000000,79,0.0,0.0,0.0,1.0
110306,0,1,3400,-63,63,-89,3.0,25,0.50,11616.000000,0,27,0.0,0.0,8800.000000,48,0.0,0.0,0.0,1.0
110555,0,1,3400,-62,62,-89,1.1,26,0.50,11392.000000,0,27,0.0,186,0.0,0.0,0.0,0.0,0.0,1.0
110804,0,1,3400,-62,62,-86,1.5,26,0.50,11584.000000,0,27,0.0,0.0,9888.000000,32,0.0,0.0,0.0,1.0
111053,0,1,3400,-62,62,-87,1.2,26,0.50,17088.000000,0,27,0.0,0.0,0.0,0.0,0.0,0.0,0.0,1.0
111302,0,1,3400,-62,62,-86,1.3,26,0.50,26048.000000,0,27,0.0,0.0,0.0,0.0,0.0,0.0,0.0,1.0
111551,0,1,3400,-62,62,-88,1.5,26,0.50,26176.000000,0,27,0.0,186,0.0,0.0,0.0,0.0,0.0,1.0
111800,0,1,3400,-62,62,-88,0.39,26,0.50,18528.000000,0,27,0.0,0.0,17856.000000,11,0.0,0.0,0.0,1.0
112049,0,1,3400,-62,62,-87,15,25,0.50,15394.421875,0,27,0.0,0.0,0.0,0.0,0.0,0.0,0.0,1.0
112298,0,1,3400,-62,62,-88,17,25,0.50,20800.000000,0,27,0.0,0.0,0.0,0.0,0.0,0.0,0.0,1.0
112547,0,1,3400,-61,61,-84,15,26,0.50,15456.000000,0,27,0.54,114,0.0,80,0.0,0.0,0.0,1.0
112796,0,1,3400,-61,61,-84,17,26,0.50,5344.000000,0,27,4.0,114,0.0,0.0,0.0,0.0,0.0,1.0
113045,0,1,3400,-61,61,-87,12,27,0.50,15968.000000,0,27,4.0,114,0.0,0.0,0.0,0.0,0.0,1.0
113294,0,1,3400,-61,61,-90,16,27,0.50,0.0,0.0,27,4.0,114,0.0,0.0,0.0,0.0,0.0,1.0
113543,0,1,3400,-61,61,-88,16,27,0.50,21088.000000,0,27,4.0,299,0.0,0.0,0.0,0.0,0.0,1.0
113792,0,1,3400,-61,61,-84,16,27,0.50,4768.000000,0,27,3.9,299,0.0,0.0,0.0,0.0,0.0,1.0
114041,0,1,3400,-61,61,-85,16,27,0.50,5896.414551,0,27,4.0,299,0.0,0.0,0.0,0.0,0.0,1.0
114290,0,1,3400,-61,61,-87,16,27,0.50,0.0,0.0,27,4.0,299,0.0,0.0,0.0,0.0,0.0,1.0
114539,0,1,3400,-61,61,-83,16,26,0.50,0.0,0.0,27,4.0,299,0.0,0.0,0.0,0.0,0.0,1.0
114788,0,1,3400,-61,61,-84,15,26,0.50,0.0,0.0,27,4.0,299,0.0,0.0,0.0,0.0,0.0,1.0
115037,0,1,3400,-62,62,-81,19,26,0.51,77577.687500,0,27,2.1,186,12494.023438,52,0.0,0.0,0.0,1.0
115286,0,1,3400,-62,62,-86,18,25,0.50,5312.000000,0,27,0.0,186,0.0,0.0,0.0,0.0,0.0,1.0
115535,0,1,3400,-62,62,-84,14,25,0.50,10624.000000,0,27,0.0,371,0.0,0.0,0.0,0.0,0.0,1.0
115784,0,1,3400,-62,62,-87,12,25,0.50,5312.000000,0,27,0.0,371,0.0,0.0,0.0,0.0,0.0,1.0
116033,0,1,3400,-63,63,-85,14,25,0.50,0.0,0.0,27,0.0,371,0.0,0.0,0.0,0.0,0.0,1.0
116282,0,1,3400,-63,63,-83,14,25,0.50,0.0,0.0,27,0.0,371,0.0,0.0,0.0,0.0,0.0,1.0
116531,0,1,3400,-63,63,-85,15,25,0.50,36960.000000,0,27,0.0,186,14112.000000,57,0.0,0.0,0.0,1.0
116780,0,1,3400,-63,63,-84,13,25,0.50,5312.000000,0,27,0.0,186,0.0,0.0,0.0,0.0,0.0,1.0
117029,0,1,3400,-63,63,-87,12,25,0.50,10784.000000,0,27,0.0,144,0.0,80,0.0,0.0,0.0,1.0
117278,0,1,